; Table containing the spacecraft roll angle values from 1-6-2020 to 21-02-2022 (3 measurements per day)
UTC,Roll angle (degrees)
2020-06-01T00:00:00,4.908947990325851
2020-06-01T07:59:29.556,4.837332166797483
2020-06-01T15:58:59.112,4.7638885789160215
2020-06-01T23:58:28.668,4.6893287830966495
2020-06-02T07:57:58.224,4.612776425589496
2020-06-02T15:57:27.780,4.534797366004698
2020-06-02T23:56:57.336,4.455526748198415
2020-06-03T07:56:26.892,4.374499265232437
2020-06-03T15:55:56.448,4.291602663405899
2020-06-03T23:55:26.4,-175.79202654813113
2020-06-04T07:54:55.560,4.12207221354323
2020-06-04T15:54:25.116,4.034619223730014
2020-06-04T23:53:54.672,3.9461959750949274
2020-06-05T07:53:24.228,3.856133604196853
2020-06-05T15:52:53.784,3.7644070549800435
2020-06-05T23:52:23.340,3.671323305632774
2020-06-06T07:51:52.896,3.5769697131131184
2020-06-06T15:51:22.452,3.4813496906846626
2020-06-06T23:50:52.8,3.383832802396409
2020-06-07T07:50:21.564,3.285573928038563
2020-06-07T15:49:51.120,3.1856684484704556
2020-06-07T23:49:20.676,3.08476209568356
2020-06-08T07:48:50.232,2.9823057020682286
2020-06-08T15:48:19.788,2.8787762922655196
2020-06-08T23:47:49.344,2.774136334769461
2020-06-09T07:47:18.900,47.02588133495378
2020-06-09T15:46:48.456,2.561595903972933
2020-06-09T23:46:18.12,2.453428608529562
2020-06-10T07:45:47.568,2.3450330430496424
2020-06-10T15:45:17.124,2.2345504250091213
2020-06-10T23:44:46.680,2.1242217047646013
2020-06-11T07:44:16.236,2.0121780785598
2020-06-11T15:43:45.792,1.899447539183736
2020-06-11T23:43:15.348,1.7863105423486376
2020-06-12T07:42:44.904,1.672101305028159
2020-06-12T15:42:14.460,1.5575030855444154
2020-06-12T23:41:44.16,1.4420982532384827
2020-06-13T07:41:13.572,1.3259900119865988
2020-06-13T15:40:43.128,1.2095837600914205
2020-06-13T23:40:12.684,1.092292236060487
2020-06-14T07:39:42.241,0.9752276269968098
2020-06-14T15:39:11.797,0.8574602942955367
2020-06-14T23:38:41.353,-98.2437275834373
2020-06-15T07:38:10.909,0.6207598136338778
2020-06-15T15:37:40.465,0.5020872141077789
2020-06-15T23:37:10.21,0.38366588615539426
2020-06-16T07:36:39.577,0.26490225253083427
2020-06-16T15:36:09.133,0.14599720015287643
2020-06-16T23:35:38.689,0.02720449327601906
2020-06-17T07:35:08.245,-0.09128105377317153
2020-06-17T15:34:37.801,-0.20993871735571792
2020-06-17T23:34:07.357,-0.32822640865961034
2020-06-18T07:33:36.913,-0.4471308470630733
2020-06-18T15:33:06.469,-0.5645643090035991
2020-06-18T23:32:36.25,-0.6816602107506109
2020-06-19T07:32:05.581,-0.7988276371171837
2020-06-19T15:31:35.137,-0.9156316278730474
2020-06-19T23:31:04.693,-1.032038279879874
2020-06-20T07:30:34.249,-1.1469431798177325
2020-06-20T15:30:03.805,-1.2619233805096677
2020-06-20T23:29:33.361,-1.3768230004209272
2020-06-21T07:29:02.917,-1.490268463438441
2020-06-21T15:28:32.473,-1.6025810380899863
2020-06-21T23:28:02.29,-1.715165100447067
2020-06-22T07:27:31.585,-1.8258621717552062
2020-06-22T15:27:01.141,-1.9361014290008585
2020-06-22T23:26:30.697,-2.0456126355806807
2020-06-23T07:26:00.253,-2.153883569188344
2020-06-23T15:25:29.809,-2.2611325542688547
2020-06-23T23:24:59.365,-2.3677321618948195
2020-06-24T07:24:28.921,-2.473064358978559
2020-06-24T15:23:58.477,-2.5770009995624723
2020-06-24T23:23:28.33,-2.6800773520660934
2020-06-25T07:22:57.589,-2.7822013866522632
2020-06-25T15:22:27.145,-2.883069988543025
2020-06-25T23:21:56.701,-2.9824371108670067
2020-06-26T07:21:26.257,-3.080811470785596
2020-06-26T15:20:55.813,-3.177585982262031
2020-06-26T23:20:25.369,-3.273002501960264
2020-06-27T07:19:54.926,-3.367385851690145
2020-06-27T15:19:24.482,-3.460573813141583
2020-06-27T23:18:54.38,-3.5517309009495475
2020-06-28T07:18:23.594,-3.642344682124329
2020-06-28T15:17:53.150,-3.7312797020015402
2020-06-28T23:17:22.706,-3.818645263451094
2020-06-29T07:16:52.262,-3.904554942491663
2020-06-29T15:16:21.818,-3.989068905626079
2020-06-29T23:15:51.374,-4.072236436060584
2020-06-30T07:15:20.930,-4.1542789437821375
2020-06-30T15:14:50.486,-4.2343541826210505
2020-06-30T23:14:20.42,-4.313220659536063
2020-07-01T07:13:49.598,-4.390587039443857
2020-07-01T15:13:19.154,-4.4664709505977775
2020-07-01T23:12:48.710,-4.5409168378914115
2020-07-02T07:12:18.266,-4.613927790860821
2020-07-02T15:11:47.822,-4.685359997333933
2020-07-02T23:11:17.378,-4.755471933865973
2020-07-03T07:10:46.934,-4.824174825568975
2020-07-03T15:10:16.490,-4.891215930756532
2020-07-03T23:09:46.46,-4.956902187510225
2020-07-04T07:09:15.602,-5.021181426829745
2020-07-04T15:08:45.158,-5.084051833786387
2020-07-04T23:08:14.714,-5.145376745632393
2020-07-05T07:07:44.270,-5.20537368061066
2020-07-05T15:07:13.826,-5.263635557486929
2020-07-05T23:06:43.382,-5.320900082899829
2020-07-06T07:06:12.938,-5.376742494341748
2020-07-06T15:05:42.494,-5.430933575764296
2020-07-06T23:05:12.50,-5.483837319795505
2020-07-07T15:04:11.162,-5.5853616504973775
2020-07-07T23:03:40.718,-5.634391933203296
2020-07-08T07:03:10.274,-5.682120355612058
2020-07-08T15:02:39.830,-5.728245827027455
2020-07-08T23:02:09.386,-5.773127154124428
2020-07-09T07:01:38.942,-5.816914707380482
2020-07-09T15:01:08.498,-5.8589061377691865
2020-07-09T23:00:38.54,-5.899972045607615
2020-07-10T07:00:07.610,-5.939652356839006
2020-07-10T14:59:37.167,-5.978336699262726
2020-07-10T22:59:06.723,-6.015465682303654
2020-07-11T06:58:36.279,-6.051924288960843
2020-07-11T14:58:05.835,-6.08695812775829
2020-07-11T22:57:35.391,-6.120005257808062
2020-07-12T06:57:04.947,-6.1529928226371124
2020-07-12T14:56:34.503,-6.184622783195175
2020-07-12T22:56:04.59,-6.214897903134165
2020-07-13T06:55:33.615,-6.244116246744418
2020-07-13T14:55:03.171,-6.271308464647804
2020-07-13T22:54:32.727,-6.299312919491506
2020-07-14T06:54:02.283,-6.325095870775818
2020-07-14T14:53:31.839,-6.35028717089489
2020-07-14T22:53:01.395,-6.374290999454709
2020-07-15T06:52:30.951,-6.39709030386787
2020-07-15T14:52:00.507,-6.418509473072891
2020-07-15T22:51:30.63,-6.4394224725338605
2020-07-16T06:50:59.619,-6.459152266945025
2020-07-16T14:50:29.175,-6.478294489267304
2020-07-16T22:49:58.731,-6.496286486969506
2020-07-17T06:49:28.287,-6.513178848539964
2020-07-17T14:48:57.843,-6.529227002282395
2020-07-17T22:48:27.399,-6.544517410966001
2020-07-18T06:47:56.955,-6.558768635449208
2020-07-18T14:47:26.511,-6.572909538650567
2020-07-18T22:46:56.67,-6.585011361912141
2020-07-19T06:46:25.623,124.83813904261103
2020-07-19T14:45:55.179,127.87304828392769
2020-07-19T22:45:24.735,-6.617905555017841
2020-07-20T06:44:54.291,-6.627012475035887
2020-07-20T14:44:23.847,-6.6360874325249695
2020-07-20T22:43:53.403,-6.643675601656018
2020-07-21T06:43:22.959,-6.65096427914422
2020-07-21T14:42:52.515,-6.656929189334341
2020-07-21T22:42:22.71,-6.6626584451616155
2020-07-22T06:41:51.627,-6.667300204450278
2020-07-22T14:41:21.183,-6.671580497158254
2020-07-22T22:40:50.739,-6.675164558790299
2020-07-23T06:40:20.295,-6.677845244128374
2020-07-23T14:39:49.852,-6.6791115402938495
2020-07-23T22:39:19.408,-6.681670505435035
2020-07-24T06:38:48.964,-6.6826262005678
2020-07-24T14:38:18.520,-6.682692943495067
2020-07-24T22:37:48.76,-6.682431513326884
2020-07-25T06:37:17.632,-6.681281206036507
2020-07-25T14:36:47.188,-6.679959306085589
2020-07-25T22:36:16.744,-6.677268452954224
2020-07-26T06:35:46.300,-6.674424327542397
2020-07-26T14:35:15.856,-6.6711339808898185
2020-07-26T22:34:45.412,-6.667426085872545
2020-07-27T06:34:14.968,-6.66278591176149
2020-07-27T14:33:44.524,-6.657847034095404
2020-07-27T22:33:14.80,-6.652409134436014
2020-07-28T06:32:43.636,-6.646446326392718
2020-07-28T14:32:13.192,-6.639972302300125
2020-07-28T22:31:42.748,-6.6329040163605235
2020-07-29T06:31:12.304,-6.625498818636994
2020-07-29T14:30:41.860,-6.617436245842744
2020-07-29T22:30:11.416,-6.609303872799096
2020-07-30T06:29:40.972,-6.6000375379032885
2020-07-30T14:29:10.528,-6.59087763845735
2020-07-30T22:28:40.84,-6.581271537336491
2020-07-31T06:28:09.640,-6.571282936968055
2020-07-31T14:27:39.196,-6.560737433405987
2020-07-31T22:27:08.752,-6.54976952030381
2020-08-01T06:26:38.308,-6.538359416440748
2020-08-01T14:26:07.864,-6.526508369488157
2020-08-01T22:25:37.420,-6.514152836044431
2020-08-02T06:25:06.976,-6.501476337274274
2020-08-02T14:24:36.532,-6.488790500263732
2020-08-02T22:24:06.88,-6.47519236311487
2020-08-03T06:23:35.644,-6.461517679574288
2020-08-03T14:23:05.200,-6.447692642470181
2020-08-03T22:22:34.756,-6.43353391810723
2020-08-04T06:22:04.312,-6.418570197579574
2020-08-04T14:21:33.868,-6.403527003976795
2020-08-04T22:21:03.424,-6.388235389748545
2020-08-05T06:20:32.980,-6.372665872059138
2020-08-05T14:20:02.536,-6.3564109468016685
2020-08-05T22:19:32.93,-6.340447141099934
2020-08-06T06:19:01.649,-6.323580096251312
2020-08-06T14:18:31.205,-6.306578950536049
2020-08-06T22:18:00.761,-6.289831488392059
2020-08-07T06:17:30.317,-6.271918819124593
2020-08-07T14:16:59.873,-6.254590826647792
2020-08-07T22:16:29.429,-6.236164481885407
2020-08-08T06:15:58.985,-6.217735652632915
2020-08-08T14:15:28.541,-6.199740500644516
2020-08-08T22:14:58.97,-6.180804315562983
2020-08-09T06:14:27.653,-6.161471146919039
2020-08-09T14:13:57.209,-6.142437206048878
2020-08-09T22:13:26.765,-6.122651390594488
2020-08-10T06:12:56.321,-6.102822685383617
2020-08-10T14:12:25.877,-6.082653011873734
2020-08-10T22:11:55.433,-6.062638493126622
2020-08-11T06:11:24.989,-6.042050813547065
2020-08-11T14:10:54.545,-6.021385082857289
2020-08-11T22:10:24.101,-6.000435996493483
2020-08-12T06:09:53.657,-5.979387800602881
2020-08-12T14:09:23.213,-5.958218786186956
2020-08-12T22:08:52.769,-5.936364039082393
2020-08-13T06:08:22.325,-5.914935058587008
2020-08-13T14:07:51.881,-5.892960410149103
2020-08-13T22:07:21.437,-5.870767918197826
2020-08-14T06:06:50.993,-5.8486018726346485
2020-08-14T14:06:20.549,-5.825915236632133
2020-08-14T22:05:50.105,-5.803277475889307
2020-08-15T06:05:19.661,-5.780952045073283
2020-08-15T14:04:49.217,-5.758063171189427
2020-08-15T22:04:18.773,-5.734519786976938
2020-08-16T06:03:48.329,-5.710958985403167
2020-08-16T14:03:17.885,-5.687477146577866
2020-08-16T22:02:47.441,-5.663545269108521
2020-08-17T06:02:16.997,-5.640071460905757
2020-08-17T14:01:46.553,-5.615887683615665
2020-08-17T22:01:16.109,-5.591523954433248
2020-08-18T06:00:45.665,-5.56744502726838
2020-08-18T14:00:15.221,-5.543124343879517
2020-08-18T21:59:44.778,-5.518613557107994
2020-08-19T05:59:14.334,-5.493783534466477
2020-08-19T13:58:43.890,-5.469113428383958
2020-08-19T21:58:13.446,-5.444182231856088
2020-08-20T05:57:43.2,-5.4188951550106355
2020-08-20T13:57:12.558,-5.39348074822722
2020-08-20T21:56:42.114,-5.368310065735387
2020-08-21T05:56:11.670,-5.342708666866491
2020-08-21T13:55:41.226,-5.317095989059484
2020-08-21T21:55:10.782,-5.291581138044349
2020-08-22T05:54:40.338,-5.265538463786797
2020-08-22T13:54:09.894,-5.239714231274097
2020-08-22T21:53:39.450,-5.2133904871307415
2020-08-23T05:53:09.6,-5.1870536732664805
2020-08-23T13:52:38.562,-5.161032231819074
2020-08-23T21:52:08.118,-5.134578348199692
2020-08-24T05:51:37.674,-5.108145724707497
2020-08-24T13:51:07.230,-5.081238222074877
2020-08-24T21:50:36.786,-5.054823308693928
2020-08-25T05:50:06.342,-5.028092889905013
2020-08-25T13:49:35.898,-5.001298601336071
2020-08-25T21:49:05.454,-4.974227578754361
2020-08-26T05:48:35.10,-4.9469955309900255
2020-08-26T13:48:04.566,-4.9199267708341665
2020-08-26T21:47:34.122,-4.892394770615765
2020-08-27T05:47:03.678,-4.865422216472584
2020-08-27T13:46:33.234,-4.8375582072728225
2020-08-27T21:46:02.790,-4.809900972929254
2020-08-28T05:45:32.346,-4.782263444133415
2020-08-28T13:45:01.902,-4.7549874462605155
2020-08-28T21:44:31.458,-4.726701372756416
2020-08-29T05:44:01.14,-4.698929023397306
2020-08-29T13:43:30.570,-4.671113773729503
2020-08-29T21:43:00.126,-4.643126325018803
2020-08-30T05:42:29.682,-4.615083642056552
2020-08-30T13:41:59.238,-4.586947891939837
2020-08-30T21:41:28.794,-4.558777236096381
2020-08-31T05:40:58.350,-4.530630959607113
2020-08-31T13:40:27.906,-4.501493375327738
2020-08-31T21:39:57.463,-4.473132501706176
2020-09-01T05:39:27.19,-4.44479875799982
2020-09-01T13:38:56.575,-4.416764982448178
2020-09-01T21:38:26.131,-4.387866394433934
2020-09-02T05:37:55.687,-4.359384819939386
2020-09-02T13:37:25.243,-4.330371951950382
2020-09-02T21:36:54.799,-4.30164971799082
2020-09-03T05:36:24.355,-4.272898010520791
2020-09-03T13:35:53.911,-4.243420205378722
2020-09-03T21:35:23.467,-4.214843192252058
2020-09-04T05:34:53.23,-4.185243882196367
2020-09-04T13:34:22.579,-4.156414684833545
2020-09-04T21:33:52.135,-4.127257688746263
2020-09-05T05:33:21.691,-4.098211560246739
2020-09-05T13:32:51.247,-4.067583328678893
2020-09-05T21:32:20.803,-4.039358325273059
2020-09-06T05:31:50.359,-4.0102358468095805
2020-09-06T13:31:19.915,-3.980511604474843
2020-09-06T21:30:49.471,-3.9512023923228163
2020-09-07T05:30:19.27,-3.9212749223026946
2020-09-07T13:29:48.583,-3.8919303825734364
2020-09-07T21:29:18.139,-3.862343804161237
2020-09-08T05:28:47.695,-3.8324308059753993
2020-09-08T13:28:17.251,-3.802791456591436
2020-09-08T21:27:46.807,-3.7732245709561667
2020-09-09T05:27:16.363,-3.74328884427518
2020-09-09T13:26:45.919,-3.713488414389121
2020-09-09T21:26:15.475,-3.6834806195363394
2020-09-10T05:25:45.31,85.25262847710992
2020-09-10T13:25:14.587,-3.6234608002043585
2020-09-10T21:24:44.143,-3.5935515760659533
2020-09-11T05:24:13.699,-3.5635502462844726
2020-09-11T13:23:43.255,-3.5334421355754424
2020-09-11T21:23:12.811,-3.5034893603511024
2020-09-12T05:22:42.367,-3.473069677430062
2020-09-12T13:22:11.923,-3.4427985482579344
2020-09-12T21:21:41.479,-3.412789443370097
2020-09-13T05:21:11.35,-3.3821452312077236
2020-09-13T13:20:40.591,-3.351919073146551
2020-09-13T21:20:10.147,-3.321760787560258
2020-09-14T05:19:39.704,-3.2913818009142695
2020-09-14T13:19:09.260,-3.260808284395408
2020-09-14T21:18:38.816,-3.2304341492964923
2020-09-15T05:18:08.372,-3.1999535109045874
2020-09-15T13:17:37.928,-3.1691773816349738
2020-09-15T21:17:07.484,-3.138762154650528
2020-09-16T05:16:37.40,-3.108212486289297
2020-09-16T13:16:06.596,-3.07759452790236
2020-09-16T21:15:36.152,-3.047074219616558
2020-09-17T05:15:05.708,-3.016320941334654
2020-09-17T13:14:35.264,-2.9854724015986864
2020-09-17T21:14:04.820,-2.955018789589514
2020-09-18T05:13:34.376,-2.9240845080151816
2020-09-18T13:13:03.932,-2.893089586504652
2020-09-18T21:12:33.488,-2.8624292621066982
2020-09-19T05:12:03.44,-2.831554348236962
2020-09-19T13:11:32.600,-2.799965292975958
2020-09-19T21:11:02.156,-2.769792566971645
2020-09-20T05:10:31.712,-2.738480998964355
2020-09-20T13:10:01.268,-2.7080749835406177
2020-09-20T21:09:30.824,-2.6770527883277606
2020-09-21T05:09:00.380,-2.6459278726239854
2020-09-21T13:08:29.936,-2.615003314915982
2020-09-21T21:07:59.492,-2.5836660331179653
2020-09-22T05:07:29.48,-2.5524104554512395
2020-09-22T13:06:58.604,-2.5218371088080227
2020-09-22T21:06:28.160,-2.4904305895288794
2020-09-23T05:05:57.716,-2.4587431999424134
2020-09-23T13:05:27.272,-2.4282269270283052
2020-09-23T21:04:56.828,-2.397114545774429
2020-09-24T05:04:26.384,-2.365487870758122
2020-09-24T13:03:55.940,-2.3343363886306916
2020-09-24T21:03:25.496,-2.302973844228665
2020-09-25T05:02:55.52,-2.272382112519498
2020-09-25T13:02:24.608,-2.2401867855649797
2020-09-25T21:01:54.164,-2.208960923612163
2020-09-26T05:01:23.720,-2.1776810268161655
2020-09-26T13:00:53.276,-2.1460987098796025
2020-09-26T21:00:22.832,-2.115111673489628
2020-09-27T04:59:52.389,-2.0835396603601426
2020-09-27T12:59:21.945,-2.0524657391049796
2020-09-27T20:58:51.501,-2.0207129657005494
2020-09-28T04:58:21.57,-1.9889485684487256
2020-09-28T12:57:50.613,-1.9572874877800857
2020-09-28T20:57:20.169,-1.9260847931440803
2020-09-29T04:56:49.725,-1.8942223718681792
2020-09-29T12:56:19.281,-1.8630200788088371
2020-09-29T20:55:48.837,-1.8311049425276302
2020-09-30T04:55:18.393,-1.799493152247852
2020-09-30T12:54:47.949,-1.7679933151026408
2020-09-30T20:54:17.505,-1.7363687224699866
2020-10-01T04:53:47.61,-1.7046482919159243
2020-10-01T12:53:16.617,-1.6729358167013684
2020-10-01T20:52:46.173,-1.6411092319345877
2020-10-02T04:52:15.729,-1.609547196013854
2020-10-02T12:51:45.285,-1.5777365156574898
2020-10-02T20:51:14.841,-1.5461052552679784
2020-10-03T04:50:44.397,-1.5142105716902237
2020-10-03T12:50:13.953,-1.4823560162080116
2020-10-03T20:49:43.509,-1.4505554676336787
2020-10-04T04:49:13.65,-1.4189599022686155
2020-10-04T12:48:42.621,-1.3867947630102484
2020-10-04T20:48:12.177,-1.3552020364560748
2020-10-05T04:47:41.733,-1.3231657109705717
2020-10-05T12:47:11.289,-1.291453179822362
2020-10-05T20:46:40.845,-1.2592890589174512
2020-10-06T04:46:10.401,-1.2275187881439886
2020-10-06T12:45:39.957,-1.1954003166319922
2020-10-06T20:45:09.513,-1.1634844190745088
2020-10-07T04:44:39.69,-1.1315179783296514
2020-10-07T12:44:08.625,-1.09960942977479
2020-10-07T20:43:38.181,-1.0675326059794987
2020-10-08T04:43:07.737,-1.0355769952457017
2020-10-08T12:42:37.293,-1.003380207078717
2020-10-08T20:42:06.849,-0.9713008621715342
2020-10-09T04:41:36.405,-0.9392053582310975
2020-10-09T12:41:05.961,-0.9071911844386745
2020-10-09T20:40:35.517,-0.8752300724931784
2020-10-10T04:40:05.73,-0.8427615151934168
2020-10-10T12:39:34.630,-0.8106833461760158
2020-10-10T20:39:04.186,-0.77848422893847
2020-10-11T04:38:33.742,-0.7466250960089482
2020-10-11T12:38:03.298,-0.7142504124727117
2020-10-11T20:37:32.854,-0.6821583270825874
2020-10-12T04:37:02.410,-0.6498436328304109
2020-10-12T12:36:31.966,-0.6174541552630447
2020-10-12T20:36:01.522,-0.5852946468208118
2020-10-13T04:35:31.78,-0.5530810309253056
2020-10-13T12:35:00.634,-0.5207935659525529
2020-10-13T20:34:30.190,-0.48844114020015317
2020-10-14T04:33:59.746,-0.45637766229708265
2020-10-14T12:33:29.302,-0.42389044939061377
2020-10-14T20:32:58.858,-0.39163365941197054
2020-10-15T04:32:28.414,-0.35910792166097893
2020-10-15T12:31:57.970,-0.3266623449497893
2020-10-15T20:31:27.526,-0.29446689312893215
2020-10-16T04:30:57.82,-0.261980640313282
2020-10-16T12:30:26.638,-0.22980030366077808
2020-10-16T20:29:56.194,-0.19730530588617914
2020-10-17T04:29:25.750,-0.16480496869984934
2020-10-17T12:28:55.306,-0.13238960168388633
2020-10-17T20:28:24.862,-0.09981334559200715
2020-10-18T04:27:54.418,-0.06732446109871706
2020-10-18T12:27:23.974,-0.035084878893021934
2020-10-18T20:26:53.530,-0.0021991566577290564
2020-10-19T04:26:23.86,0.029964334288955476
2020-10-19T12:25:52.642,0.06258703565929842
2020-10-19T20:25:22.198,0.09497198043709808
2020-10-20T04:24:51.754,0.12760904023662045
2020-10-20T12:24:21.310,0.160260349152506
2020-10-20T20:23:50.866,0.19285914490468115
2020-10-21T04:23:20.422,0.22551720009220852
2020-10-21T12:22:49.978,0.25811913802743663
2020-10-21T20:22:19.534,0.29061249000140565
2020-10-22T04:21:49.90,0.32332772314947367
2020-10-22T12:21:18.646,0.35599753012922425
2020-10-22T20:20:48.202,0.38872988467459174
2020-10-23T04:20:17.758,0.4211199597493244
2020-10-23T12:19:47.315,0.45385175443432135
2020-10-23T20:19:16.871,0.4866180698973415
2020-10-24T04:18:46.427,0.5194359549370381
2020-10-24T12:18:15.983,0.5521840768385118
2020-10-24T20:17:45.539,0.5849564309829476
2020-10-25T04:17:15.95,0.6174747567161007
2020-10-25T12:16:44.651,0.6502561119386653
2020-10-25T20:16:14.207,0.6831027994950638
2020-10-26T04:15:43.763,0.7160215707542074
2020-10-26T12:15:13.319,0.7486076949469284
2020-10-26T20:14:42.875,0.7814105310075791
2020-10-27T04:14:12.431,0.8142962114566851
2020-10-27T12:13:41.987,0.8469762752551144
2020-10-27T20:13:11.543,0.8799508161854691
2020-10-28T04:12:41.99,0.9127710921918554
2020-10-28T12:12:10.655,0.9456475669276525
2020-10-28T20:11:40.211,0.9783621194914383
2020-10-29T04:11:09.767,1.0114440689518926
2020-10-29T12:10:39.323,1.0442395502116717
2020-10-29T20:10:08.879,1.0771880486373009
2020-10-30T04:09:38.435,1.1100762159205797
2020-10-30T12:09:07.991,1.142968721917867
2020-10-30T20:08:37.547,1.17597962283499
2020-10-31T04:08:07.103,1.20873416592746
2020-10-31T12:07:36.659,1.2417920247462253
2020-10-31T20:07:06.215,1.2747732554008717
2020-11-01T04:06:35.771,1.307660678765093
2020-11-01T12:06:05.327,1.3406114207138937
2020-11-01T20:05:34.883,1.3736550233525313
2020-11-02T04:05:04.439,1.4063423378350928
2020-11-02T12:04:33.995,1.43946788892783
2020-11-02T20:04:03.551,1.4726276849722193
2020-11-03T04:03:33.107,1.5057853858192378
2020-11-03T12:03:02.663,1.5386315865063245
2020-11-03T20:02:32.219,1.5715585009291237
2020-11-04T04:02:01.775,1.6047037389807561
2020-11-04T12:01:31.331,1.6375422783678326
2020-11-04T20:01:00.887,1.6708216834235345
2020-11-05T04:00:30.443,1.7036866343300732
2020-11-05T12:00:00,1.736612348533472
2020-11-05T19:59:29.556,1.7697466482547062
2020-11-06T03:58:59.112,1.8029832424418897
2020-11-06T11:58:28.668,1.835975315101937
2020-11-06T19:57:58.224,1.868877912952356
2020-11-07T03:57:27.780,1.9022168344213672
2020-11-07T11:56:57.336,1.9351384972751944
2020-11-07T19:56:26.892,1.9682923914518127
2020-11-08T03:55:56.448,2.0013542749824786
2020-11-08T11:55:26.4,2.0342089082081807
2020-11-08T19:54:55.560,2.067542062373264
2020-11-09T03:54:25.116,2.1008333279176097
2020-11-09T11:53:54.672,2.133746802599922
2020-11-09T19:53:24.228,2.166821047499028
2020-11-10T03:52:53.784,2.1999724433236967
2020-11-10T11:52:23.340,2.233134463731457
2020-11-10T19:51:52.896,2.26613765645624
2020-11-11T03:51:22.452,2.2992006425765976
2020-11-11T11:50:52.8,2.3323783729808203
2020-11-11T19:50:21.564,2.3656062981478794
2020-11-12T03:49:51.120,2.39863160631745
2020-11-12T11:49:20.676,2.4318307009680713
2020-11-12T19:48:50.232,2.4648525880518157
2020-11-13T03:48:19.788,2.49799826046157
2020-11-13T11:47:49.344,2.531223719048985
2020-11-13T19:47:18.900,2.56413459707997
2020-11-14T03:46:48.456,2.5971998948164576
2020-11-14T11:46:18.12,2.6302674273654088
2020-11-14T19:45:47.568,2.6634675645649146
2020-11-15T03:45:17.124,2.696655435537267
2020-11-15T11:44:46.680,2.7295877468648713
2020-11-15T19:44:16.236,2.7626529028253195
2020-11-16T03:43:45.792,2.7957047331646825
2020-11-16T11:43:15.348,2.8290051773880807
2020-11-16T19:42:44.904,2.8621041612332685
2020-11-17T03:42:14.460,2.8950403676895853
2020-11-17T11:41:44.16,2.9278159013698986
2020-11-17T19:41:13.572,2.961121548055318
2020-11-18T03:40:43.128,2.9941483658280585
2020-11-18T11:40:12.684,3.0271579692018076
2020-11-18T19:39:42.241,3.0601564453292243
2020-11-19T03:39:11.797,3.0931360341738645
2020-11-19T11:38:41.353,3.1261846186804276
2020-11-19T19:38:10.909,3.1590609407223567
2020-11-20T03:37:40.465,3.191962694386302
2020-11-20T11:37:10.21,3.2249628389207214
2020-11-20T19:36:39.577,3.257746464234307
2020-11-21T03:36:09.133,3.290712553186054
2020-11-21T11:35:38.689,3.323742338405119
2020-11-21T19:35:08.245,3.3563472976298048
2020-11-22T03:34:37.801,3.3894257436685313
2020-11-22T11:34:07.357,3.422110349313866
2020-11-22T19:33:36.913,3.4548020139274964
2020-11-23T03:33:06.469,3.4877614803666197
2020-11-23T11:32:36.25,3.52068148840588
2020-11-23T19:32:05.581,3.5533851505202128
2020-11-24T03:31:35.137,3.5860423579167615
2020-11-24T11:31:04.693,3.6186734233870688
2020-11-24T19:30:34.249,3.6514283291562335
2020-11-25T03:30:03.805,3.683947771729493
2020-11-25T11:29:33.361,3.716628228871259
2020-11-25T19:29:02.917,3.749317582813615
2020-11-26T03:28:32.473,3.781768903836902
2020-11-26T11:28:02.29,3.814283562699675
2020-11-26T19:27:31.585,3.846687591348277
2020-11-27T03:27:01.141,3.8791187905667712
2020-11-27T11:26:30.697,3.911490883665121
2020-11-27T19:26:00.253,3.94394821508325
2020-11-28T03:25:29.809,3.976409854633946
2020-11-28T11:24:59.365,4.008394832077699
2020-11-28T19:24:28.921,4.040729216570645
2020-11-29T03:23:58.477,4.073020601106562
2020-11-29T11:23:28.33,4.105182568845381
2020-11-29T19:22:57.589,4.137245003044818
2020-11-30T03:22:27.145,4.169423000318184
2020-11-30T11:21:56.701,4.201549341164137
2020-11-30T19:21:26.257,4.233332418837552
2020-12-01T03:20:55.813,4.265296504156424
2020-12-01T11:20:25.369,4.297447382433619
2020-12-01T19:19:54.926,4.329067769686782
2020-12-02T03:19:24.482,4.360898749598281
2020-12-02T11:18:54.38,4.392736925698333
2020-12-02T19:18:23.594,4.424221447955944
2020-12-03T03:17:53.150,4.455841617062785
2020-12-03T11:17:22.706,4.487306069059249
2020-12-03T19:16:52.262,4.518768083472323
2020-12-04T03:16:21.818,4.5501076009454176
2020-12-04T11:15:51.374,4.581493399891498
2020-12-04T19:15:20.930,4.612837603405713
2020-12-05T03:14:50.486,4.643918113770111
2020-12-05T11:14:20.42,4.674878009582827
2020-12-05T19:13:49.598,4.705930867097787
2020-12-06T03:13:19.154,4.736965147250362
2020-12-06T11:12:48.710,4.7678484361479505
2020-12-06T19:12:18.266,4.798596802171559
2020-12-07T03:11:47.822,4.829305983938927
2020-12-07T11:11:17.378,4.859885239234841
2020-12-07T19:10:46.934,4.890447710115659
2020-12-08T03:10:16.490,4.92079610186299
2020-12-08T11:09:46.46,4.951242852524454
2020-12-08T19:09:15.602,4.981357926660036
2020-12-09T03:08:45.158,5.011487225630289
2020-12-09T11:08:14.714,5.041359452979651
2020-12-09T19:07:44.270,5.071390349864579
2020-12-10T03:07:13.826,5.101129433052786
2020-12-10T11:06:43.382,5.130775174078688
2020-12-10T19:06:12.938,5.160176468638132
2020-12-11T03:05:42.494,5.189786430875775
2020-12-11T11:05:12.50,5.219041767386538
2020-12-11T19:04:41.606,5.248231645058324
2020-12-12T03:04:11.162,5.277178671946829
2020-12-12T11:03:40.718,5.306213701692349
2020-12-12T19:03:10.274,5.335012036879068
2020-12-13T03:02:39.830,5.36371876862623
2020-12-13T11:02:09.386,5.39212166844263
2020-12-13T19:01:38.942,5.42050899808812
2020-12-14T03:01:08.498,5.448554844918064
2020-12-14T11:00:38.54,5.476701078331213
2020-12-14T19:00:07.610,5.504568324807802
2020-12-15T02:59:37.167,5.532205137003615
2020-12-15T10:59:06.723,5.559767451182943
2020-12-15T18:58:36.279,5.587064784055112
2020-12-16T02:58:05.835,5.6142782492133785
2020-12-16T10:57:35.391,5.641341129779467
2020-12-16T18:57:04.947,5.668191131378207
2020-12-17T02:56:34.503,5.6947719780520085
2020-12-17T10:56:04.59,5.721128152979907
2020-12-17T18:55:33.615,5.747441204090466
2020-12-18T02:55:03.171,5.773504612054883
2020-12-18T10:54:32.727,5.799319320948337
2020-12-18T18:54:02.283,5.824963975438811
2020-12-19T02:53:31.839,5.850228515758629
2020-12-19T10:53:01.395,5.875439288828292
2020-12-19T18:52:30.951,5.900348464846889
2020-12-20T02:52:00.507,5.925012442386995
2020-12-20T10:51:30.63,5.94942711152714
2020-12-20T18:50:59.619,5.973849651846588
2020-12-21T02:50:29.175,5.99762487684292
2020-12-21T10:49:58.731,6.021302283497352
2020-12-21T18:49:28.287,6.044927222136946
2020-12-22T02:48:57.843,6.067948006350557
2020-12-22T10:48:27.399,6.090863692551748
2020-12-22T18:47:56.955,6.113489966752028
2020-12-23T02:47:26.511,6.135841651153884
2020-12-23T10:46:56.67,6.157825310724576
2020-12-23T18:46:25.623,6.179441854812434
2020-12-24T02:45:55.179,6.20110962691538
2020-12-24T10:45:24.735,6.222315619409883
2020-12-24T18:44:54.291,6.243294925707173
2020-12-25T02:44:23.847,6.26383256262762
2020-12-25T10:43:53.403,6.284155962563619
2020-12-25T18:43:22.959,6.304292639308194
2020-12-26T02:42:52.515,6.324567404256999
2020-12-26T10:42:22.71,6.344955514745892
2020-12-26T18:41:51.627,6.366172216490491
2020-12-27T02:41:21.183,6.390901730314541
2020-12-27T10:40:50.739,-123.56720162210293
2020-12-27T18:40:20.295,-129.52589261482964
2020-12-28T02:39:49.852,-129.49574809119022
2020-12-28T10:39:19.408,-129.47526724430406
2020-12-28T18:38:48.964,-129.45525034081442
2020-12-29T02:38:18.520,-129.43797158566898
2020-12-29T10:37:48.76,-129.41871050211844
2020-12-29T18:37:17.632,-129.40126906026208
2020-12-30T02:36:47.188,-129.3830573689356
2020-12-30T10:36:16.744,-129.36531878502868
2020-12-30T18:35:46.300,-129.3475340125732
2020-12-31T02:35:15.856,-129.3297490292597
2020-12-31T10:34:45.412,-129.3116598141394
2020-12-31T18:34:14.968,-129.29361496470875
2021-01-01T02:33:44.524,-129.27766253853008
2021-01-01T10:33:14.80,-129.25957935155608
2021-01-01T18:32:43.636,-129.24165278921433
2021-01-02T02:32:13.192,-129.22344105786405
2021-01-02T10:31:42.748,-129.20536236385323
2021-01-02T18:31:12.304,-129.1872596295223
2021-01-03T02:30:41.860,-129.16915258871393
2021-01-03T10:30:11.416,-129.15092346613764
2021-01-03T18:29:40.972,-129.1327153776479
2021-01-04T02:29:10.528,0.8857320390234545
2021-01-04T10:28:40.84,0.9037042771607177
2021-01-04T18:28:09.640,0.9220693399359791
2021-01-05T02:27:39.196,0.9402795556926615
2021-01-05T10:27:08.752,0.9586978196096593
2021-01-05T18:26:38.308,0.9771038193200283
2021-01-06T02:26:07.864,0.9954572355083474
2021-01-06T10:25:37.420,1.0138283364670673
2021-01-06T18:25:06.976,1.0323032679136595
2021-01-07T02:24:36.532,1.050595614867402
2021-01-07T10:24:06.88,1.068942587347969
2021-01-07T18:23:35.644,-90.4690195724154
2021-01-08T02:23:05.200,-87.40522369131155
2021-01-08T10:22:34.756,1.1242617756180948
2021-01-08T18:22:04.312,1.142334500671923
2021-01-09T02:21:33.868,1.1606619435483225
2021-01-09T10:21:03.424,1.178974509405498
2021-01-09T18:20:32.980,1.1976315854598067
2021-01-10T02:20:02.536,1.215656045982826
2021-01-10T10:19:32.93,1.233878288005629
2021-01-10T18:19:01.649,1.2520848493689187
2021-01-11T02:18:31.205,1.270152886121585
2021-01-11T10:18:00.761,1.2886798443440655
2021-01-11T18:17:30.317,1.3063113735923422
2021-01-12T02:16:59.873,1.3243827628475708
2021-01-12T10:16:29.429,1.3424866930482955
2021-01-12T18:15:58.985,1.3601910788877658
2021-01-13T02:15:28.541,1.3781914981873995
2021-01-13T10:14:58.97,1.395673625163644
2021-01-13T18:14:27.653,1.4134261492788336
2021-01-14T02:13:57.209,1.4310780348901313
2021-01-14T10:13:26.765,1.4483931788229012
2021-01-14T18:12:56.321,1.4657540580192567
2021-01-15T02:12:25.877,1.4830110831585375
2021-01-15T10:11:55.433,1.5000654187888238
2021-01-15T18:11:24.989,1.5170315754882508
2021-01-16T02:10:54.545,1.533619338488877
2021-01-16T10:10:24.101,1.5502757861941818
2021-01-16T18:09:53.657,1.5669938633480303
2021-01-17T02:09:23.213,1.5833385402991336
2021-01-17T10:08:52.769,1.59959681839281
2021-01-17T18:08:22.325,1.6155442549308514
2021-01-18T02:07:51.881,1.631503507457079
2021-01-18T10:07:21.437,1.7456156911019634
2021-01-18T18:06:50.993,101.21540240080319
2021-01-19T02:06:20.549,101.39470386306809
2021-01-19T10:05:50.105,101.5804999170111
2021-01-19T18:05:19.661,1.7075142547230004
2021-01-20T02:04:49.217,1.7220328270794614
2021-01-20T10:04:18.773,1.7363231060155466
2021-01-20T18:03:48.329,1.750319352684436
2021-01-21T02:03:17.885,1.7641382742449871
2021-01-21T10:02:47.441,1.7776477873567633
2021-01-21T18:02:16.997,1.790911307357979
2021-01-22T02:01:46.553,1.8037373070863743
2021-01-22T10:01:16.109,1.8162965254735237
2021-01-22T18:00:45.665,1.828582365269733
2021-01-23T02:00:15.221,1.840469769306409
2021-01-23T09:59:44.778,1.852025289427116
2021-01-23T17:59:14.334,1.8632840831699014
2021-01-24T01:58:43.890,1.874077164060627
2021-01-24T09:58:13.446,1.8845595372901276
2021-01-24T17:57:43.2,1.894630596756086
2021-01-25T01:57:12.558,1.9043182391690947
2021-01-25T09:56:42.114,1.913591735538133
2021-01-25T17:56:11.670,1.9224181931692474
2021-01-26T01:55:41.226,1.93081905801782
2021-01-26T09:55:10.782,1.938691890061305
2021-01-26T17:54:40.338,1.9461746299040463
2021-01-27T01:54:09.894,1.9531658062330675
2021-01-27T09:53:39.450,1.959668279046416
2021-01-27T17:53:09.6,1.965718163565705
2021-01-28T01:52:38.562,1.9712839798351818
2021-01-28T09:52:08.118,1.9762438218230451
2021-01-28T17:51:37.674,1.9807126956912466
2021-01-29T01:51:07.230,1.984611165999981
2021-01-29T09:50:36.786,1.9879851065967873
2021-01-29T17:50:06.342,1.9907530482956826
2021-01-30T01:49:35.898,1.993058494305635
2021-01-30T09:49:05.454,1.994681477122036
2021-01-30T17:48:35.10,1.9957458284485847
2021-01-31T01:48:04.566,1.9962109193525466
2021-01-31T09:47:34.122,1.9961025325141468
2021-01-31T17:47:03.678,1.9953720243078403
2021-02-01T01:46:33.234,1.9939376865490808
2021-02-01T09:46:02.790,1.9919328956628055
2021-02-01T17:45:32.346,1.989259263169111
2021-02-02T01:45:01.902,1.9860020040834128
2021-02-02T09:44:31.458,1.9820169247831758
2021-02-02T17:44:01.14,1.9774120592840363
2021-02-03T01:43:30.570,1.972151230475465
2021-02-03T09:43:00.126,1.9677048296890558
2021-02-03T17:42:29.682,21.959689564866423
2021-02-04T01:41:59.238,1.9522802976685327
2021-02-04T09:41:28.794,1.94427137891762
2021-02-04T17:40:58.350,1.9356612626530951
2021-02-05T01:40:27.906,1.9262617698367623
2021-02-05T09:39:57.463,1.9161355726118874
2021-02-05T17:39:27.19,-43.0946238268553
2021-02-06T01:38:56.575,1.8941168913718032
2021-02-06T09:38:26.131,1.8820905341786525
2021-02-06T17:37:55.687,1.8693542913287704
2021-02-07T01:37:25.243,1.8558325172530374
2021-02-07T09:36:54.799,1.8417678431807818
2021-02-07T17:36:24.355,1.8269987734280588
2021-02-08T01:35:53.911,1.8115272251760002
2021-02-08T09:35:23.467,1.7954773273624562
2021-02-08T17:34:53.23,1.778638149785269
2021-02-09T01:34:22.579,1.7612462633269783
2021-02-09T09:33:52.135,1.7432091741830926
2021-02-09T17:33:21.691,1.7245603083669723
2021-02-10T01:32:51.247,1.7052845038535185
2021-02-10T09:32:20.803,1.6853422738540644
2021-02-10T17:31:50.359,1.6647762427731458
2021-02-11T01:31:19.915,1.6436134179035211
2021-02-11T09:30:49.471,1.6219976390388589
2021-02-11T17:30:19.27,1.599780065336017
2021-02-12T01:29:48.583,1.5769257045245222
2021-02-12T09:29:18.139,1.5536022113832857
2021-02-12T17:28:47.695,1.5297314502868256
2021-02-13T01:28:17.251,1.5053431910166963
2021-02-13T09:27:46.807,1.48051686952236
2021-02-13T17:27:16.363,1.4550768892001087
2021-02-14T01:26:45.919,1.4292566898660934
2021-02-14T09:26:15.475,1.4030009841317697
2021-02-14T17:25:45.31,1.3762401147948062
2021-02-15T01:25:14.587,1.3491328223593295
2021-02-15T09:24:44.143,1.321580686893788
2021-02-15T17:24:13.699,1.293584734635234
2021-02-16T01:23:43.255,1.2653323787380244
2021-02-16T09:23:12.811,1.236681548844765
2021-02-16T17:22:42.367,1.2076786898873577
2021-02-17T01:22:11.923,1.1783966332164255
2021-02-17T09:21:41.479,1.14875548289607
2021-02-17T17:21:11.35,1.1189085497443683
2021-02-18T01:20:40.591,1.0888000840291105
2021-02-18T09:20:10.147,-178.94160412982856
2021-02-18T17:19:39.704,1.0277539701162843
2021-02-19T01:19:09.260,0.9969944752533951
2021-02-19T09:18:38.816,0.965902005047575
2021-02-19T17:18:08.372,0.934669144759304
2021-02-20T01:17:37.928,0.9033176798178862
2021-02-20T09:17:07.484,0.8718718285530161
2021-02-20T17:16:37.40,0.8403602429641744
2021-02-21T01:16:06.596,0.8085378628365374
2021-02-21T09:15:36.152,0.7767676944997641
2021-02-21T17:15:05.708,0.7449241652179455
2021-02-22T01:14:35.264,0.7129659244429111
2021-02-22T09:14:04.820,0.6808668451043047
2021-02-22T17:13:34.376,0.6488162363284615
2021-02-23T01:13:03.932,-44.383568072969695
2021-02-23T09:12:33.488,0.5846923843171554
2021-02-23T17:12:03.44,0.5527228057291557
2021-02-24T01:11:32.600,0.5206601063621064
2021-02-24T09:11:02.156,0.4887085429785755
2021-02-24T17:10:31.712,0.4567967791043199
2021-02-25T01:10:01.268,0.4250266755058851
2021-02-25T09:09:30.824,0.39324024075445085
2021-02-25T17:09:00.380,0.361485105715901
2021-02-26T01:08:29.936,0.3299682850293407
2021-02-26T09:07:59.492,0.2985176032770662
2021-02-26T17:07:29.48,0.2671317929469783
2021-02-27T01:06:58.604,0.2359375392462853
2021-02-27T09:06:28.160,0.2048619886970339
2021-02-27T17:05:57.716,0.17394992077606708
2021-02-28T01:05:27.272,0.1431870551778872
2021-02-28T09:04:56.828,0.11255993948079882
2021-02-28T17:04:26.384,0.08218507094303075
2021-03-01T01:03:55.940,0.05191289883396266
2021-03-01T09:03:25.496,0.021809018366226486
2021-03-01T17:02:55.52,-0.007932486519005908
2021-03-02T01:02:24.608,-0.03756052644166506
2021-03-02T09:01:54.164,-0.06704380805633689
2021-03-02T17:01:23.720,-0.09621913014688258
2021-03-03T01:00:53.276,-0.12520548686530203
2021-03-03T09:00:22.832,-0.1540632818553336
2021-03-03T16:59:52.389,-0.18255373127194255
2021-03-04T00:59:21.945,-0.21079682089030571
2021-03-04T08:58:51.501,-0.23884609479334523
2021-03-04T16:58:21.57,-0.2666743269077364
2021-03-05T00:57:50.613,-0.294280559340475
2021-03-05T08:57:20.169,-0.3216170132008464
2021-03-05T16:56:49.725,-0.34863045954077176
2021-03-06T00:56:19.281,-0.3754329697902422
2021-03-06T08:55:48.837,-0.4019421808813659
2021-03-06T16:55:18.393,-0.428254349423616
2021-03-07T00:54:47.949,-0.4542273309847342
2021-03-07T08:54:17.505,-0.4799856265940236
2021-03-07T16:53:47.61,-0.5053878333055097
2021-03-08T00:53:16.617,-0.5306118814568126
2021-03-08T08:52:46.173,-0.5562038574394595
2021-03-08T16:52:15.729,-0.5802844559940179
2021-03-09T00:51:45.285,-0.6046372768403232
2021-03-09T08:51:14.841,-0.6287670586133283
2021-03-09T16:50:44.397,-0.6525937795211004
2021-03-10T00:50:13.953,-0.6760999928283551
2021-03-10T08:49:43.509,-0.6994245644370672
2021-03-10T16:49:13.65,-0.7224578445608058
2021-03-11T00:48:42.621,-0.7452538353652687
2021-03-11T08:48:12.177,-0.7677036239628179
2021-03-11T16:47:41.733,-0.7898723800812266
2021-03-12T00:47:11.289,-0.8117709411829943
2021-03-12T08:46:40.845,-0.8334522859114843
2021-03-12T16:46:10.401,-0.8548249526273222
2021-03-13T00:45:39.957,-0.875954303247277
2021-03-13T08:45:09.513,-0.8967679551156267
2021-03-13T16:44:39.69,-0.9173632760860945
2021-03-14T00:44:08.625,-0.9376794221654872
2021-03-14T08:43:38.181,-0.9577129909950611
2021-03-14T16:43:07.737,-0.9775344614237934
2021-03-15T00:42:37.293,-0.9970564478781014
2021-03-15T08:42:06.849,-1.0162811109397287
2021-03-15T16:41:36.405,-1.0352875776514876
2021-03-16T00:41:05.961,-1.054019618845294
2021-03-16T08:40:35.517,-1.0725252570869424
2021-03-16T16:40:05.73,-1.0906585645290554
2021-03-17T00:39:34.630,-1.108769411460104
2021-03-17T08:39:04.186,-1.1264317488156737
2021-03-17T16:38:33.742,-1.1438952908521798
2021-03-18T00:38:03.298,-1.161098341787052
2021-03-18T08:37:32.854,-1.1781169517662677
2021-03-18T16:37:02.410,-1.1948773866321423
2021-03-19T00:36:31.966,-1.2113741702818053
2021-03-19T08:36:01.522,-1.2276496727419108
2021-03-19T16:35:31.78,-1.243625053294778
2021-03-20T00:35:00.634,-1.2594830489861384
2021-03-20T08:34:30.190,-1.2749912436979711
2021-03-20T16:33:59.746,-1.2902840936742235
2021-03-21T00:33:29.302,-1.3053761324238193
2021-03-21T08:32:58.858,-1.3203431886796888
2021-03-21T16:32:28.414,-1.335001949721834
2021-03-22T00:31:57.970,-1.3494351917807046
2021-03-22T08:31:27.526,-1.3636325390853663
2021-03-22T16:30:57.82,-1.3776183697785687
2021-03-23T00:30:26.638,-1.391416827257572
2021-03-23T08:29:56.194,-1.4049647474458893
2021-03-23T16:29:25.750,-1.4183239002760382
2021-03-24T00:28:55.306,-1.4313657070268089
2021-03-24T08:28:24.862,-1.4444007334549427
2021-03-24T16:27:54.418,-1.4571018613226645
2021-03-25T00:27:23.974,-1.4695623788283212
2021-03-25T08:26:53.530,-1.4819665827799997
2021-03-25T16:26:23.86,-1.494081010368316
2021-03-26T00:25:52.642,-1.5059577605908834
2021-03-26T08:25:22.198,-1.517770819516266
2021-03-26T16:24:51.754,-1.5293409060631065
2021-03-27T00:24:21.310,-1.5406273407574733
2021-03-27T08:23:50.866,-1.551822589660691
2021-03-27T16:23:20.422,-1.5627729072056418
2021-03-28T00:22:49.978,-1.573570606308788
2021-03-28T08:22:19.534,-1.5842690599089442
2021-03-28T16:21:49.90,-1.5947477162797266
2021-03-29T00:21:18.646,-1.6049708350991803
2021-03-29T08:20:48.202,-1.6149687199679108
2021-03-29T16:20:17.758,-1.6249196172239788
2021-03-30T00:19:47.315,-1.634688268537275
2021-03-30T08:19:16.871,-1.6442443198060839
2021-03-30T16:18:46.427,-1.6536405270433954
2021-03-31T00:18:15.983,-1.6628457451764744
2021-03-31T08:17:45.539,-1.6719184946846113
2021-03-31T16:17:15.95,-1.6808156307280386
2021-04-01T00:16:44.651,-1.6896016053534721
2021-04-01T08:16:14.207,-1.698182303485619
2021-04-01T16:15:43.763,-1.7066303866822552
2021-04-02T00:15:13.319,-1.7148656105820956
2021-04-02T08:14:42.875,-1.722983521797242
2021-04-02T16:14:12.431,-1.7309520764733441
2021-04-03T00:13:41.987,-1.7388410486688248
2021-04-03T08:13:11.543,-1.746420222362098
2021-04-03T16:12:41.99,-1.7539919297768003
2021-04-04T00:12:10.655,-1.7614265214238887
2021-04-04T08:11:40.211,-1.7686139117212025
2021-04-04T16:11:09.767,-1.7756632419121003
2021-04-05T00:10:39.323,-1.782633682843527
2021-04-05T08:10:08.879,-1.7894885096420439
2021-04-05T16:09:38.435,-1.7961300430114078
2021-04-06T00:09:07.991,-1.802667122942027
2021-04-06T08:08:37.547,-1.8090831728497216
2021-04-06T16:08:07.103,-1.8153497555667326
2021-04-07T00:07:36.659,-1.8214282955385839
2021-04-07T08:07:06.215,-1.8274808442735146
2021-04-07T16:06:35.771,-1.8333121179513674
2021-04-08T00:06:05.327,-1.8391197282390694
2021-04-08T08:05:34.883,-1.8447707626044325
2021-04-08T16:05:04.439,-1.8502933403803379
2021-04-09T00:04:33.995,-1.8556932233197845
2021-04-09T08:04:03.551,-1.8608885492223022
2021-04-09T16:03:33.107,-1.8660184323745506
2021-04-10T00:03:02.663,-1.8710551981510752
2021-04-10T08:02:32.219,-1.8760362058335645
2021-04-10T16:02:01.775,-1.880774650297711
2021-04-11T00:01:31.331,-1.885430353843548
2021-04-11T08:01:00.887,-1.8900356078056815
2021-04-11T16:00:30.443,-1.8944981694323357
2021-04-12T00:00:00,-1.8988586732158692
2021-04-12T07:59:29.556,-1.903066043138546
2021-04-12T15:58:59.112,-1.9072540930055326
2021-04-12T23:58:28.668,-1.9111655289600482
2021-04-13T07:57:58.224,-1.9150905589549359
2021-04-13T15:57:27.780,-1.918920470971084
2021-04-13T23:56:57.336,-1.9226011173948623
2021-04-14T07:56:26.892,-1.926166800822557
2021-04-14T15:55:56.448,-1.9296529069306256
2021-04-14T23:55:26.4,-1.9330376579285455
2021-04-15T07:54:55.560,-1.9363348517500385
2021-04-15T15:54:25.116,-1.9394952656645874
2021-04-15T23:53:54.672,-1.94258182807244
2021-04-16T07:53:24.228,-1.9456303130144588
2021-04-16T15:52:53.784,-1.948522686736603
2021-04-16T23:52:23.340,-1.9513587687472578
2021-04-17T07:51:52.896,-1.9540226140832158
2021-04-17T15:51:22.452,-1.9566110819134617
2021-04-17T23:50:52.8,-1.959187328322133
2021-04-18T07:50:21.564,-1.9615933117138729
2021-04-18T15:49:51.120,-1.964015954055691
2021-04-18T23:49:20.676,-1.9662671844478483
2021-04-19T07:48:50.232,-1.9684289946996352
2021-04-19T15:48:19.788,-1.9704477399925338
2021-04-19T23:47:49.344,-1.9724495004379174
2021-04-20T07:47:18.900,-1.9743855923392835
2021-04-20T15:46:48.456,-1.9761517885202005
2021-04-20T23:46:18.12,-1.978004738963058
2021-04-21T07:45:47.568,-1.9795596461053409
2021-04-21T15:45:17.124,-1.98116394250304
2021-04-21T23:44:46.680,-1.9827138623416003
2021-04-22T07:44:16.236,-1.9840921482614706
2021-04-22T15:43:45.792,-1.9854430395554072
2021-04-22T23:43:15.348,-1.986624947395092
2021-04-23T07:42:44.904,-1.9877578262743625
2021-04-23T15:42:14.460,-1.988859745976691
2021-04-23T23:41:44.16,-1.9899100376615633
2021-04-24T07:41:13.572,-1.9908664256967603
2021-04-24T15:40:43.128,-1.99172225687897
2021-04-24T23:40:12.684,-1.9925804873341688
2021-04-25T07:39:42.241,-1.9932329770645205
2021-04-25T15:39:11.797,-1.9938010193448823
2021-04-25T23:38:41.353,-1.994399906826087
2021-04-26T07:38:10.909,-1.9949179992913526
2021-04-26T15:37:40.465,-1.995292499301116
2021-04-26T23:37:10.21,-1.9956038830662715
2021-04-27T07:36:39.577,-1.9959597544412566
2021-04-27T15:36:09.133,-1.9961360413320268
2021-04-27T23:35:38.689,-1.9962938788929452
2021-04-28T07:35:08.245,-1.9963537426552511
2021-04-28T15:34:37.801,-1.9962791153891737
2021-04-28T23:34:07.357,-1.9963358342490676
2021-04-29T07:33:36.913,-1.996096515456725
2021-04-29T15:33:06.469,-1.9959212706518723
2021-04-29T23:32:36.25,-1.9955781873599496
2021-04-30T07:32:05.581,-1.9952556203569982
2021-04-30T15:31:35.137,-1.9948266176953098
2021-04-30T23:31:04.693,-1.994394161450667
2021-05-01T07:30:34.249,-1.9938851552408545
2021-05-01T15:30:03.805,-1.9932409728093385
2021-05-01T23:29:33.361,-1.9926668333494764
2021-05-02T07:29:02.917,-1.9918780595701915
2021-05-02T15:28:32.473,-1.9910719637934438
2021-05-02T23:28:02.29,-1.9902647304664938
2021-05-03T07:27:31.585,-1.9893042992722532
2021-05-03T15:27:01.141,-1.988386545626772
2021-05-03T23:26:30.697,-1.9875998554194405
2021-05-04T07:26:00.253,-1.9862742607375647
2021-05-04T15:25:29.809,-1.9849863624926984
2021-05-04T23:24:59.365,-1.983842972430126
2021-05-05T07:24:28.921,-1.9826782409525965
2021-05-05T15:23:58.477,-1.9812833221240473
2021-05-05T23:23:28.33,-1.9798957744284889
2021-05-06T07:22:57.589,-1.9784422691752914
2021-05-06T15:22:27.145,-1.9769428021486977
2021-05-06T23:21:56.701,-1.9753420804821906
2021-05-07T07:21:26.257,-1.9737856457176246
2021-05-07T15:20:55.813,-1.972093060330486
2021-05-07T23:20:25.369,-1.970360944080489
2021-05-08T07:19:54.926,-1.9684883185903532
2021-05-08T15:19:24.482,-1.9667215796206285
2021-05-08T23:18:54.38,-1.9648106831057937
2021-05-09T07:18:23.594,-1.9628597356097623
2021-05-09T15:17:53.150,-1.9608257752870026
2021-05-09T23:17:22.706,-1.9587818604643457
2021-05-10T07:16:52.262,-1.9566451380142786
2021-05-10T15:16:21.818,-1.9545228758335036
2021-05-10T23:15:51.374,-1.952269398683529
2021-05-11T07:15:20.930,-1.9499883747745803
2021-05-11T15:14:50.486,-1.9477313520604576
2021-05-11T23:14:20.42,-1.9452241196512285
2021-05-12T07:13:49.598,-1.9427371608885498
2021-05-12T15:13:19.154,-1.940412264814012
2021-05-12T23:12:48.710,-1.937853386720298
2021-05-13T07:12:18.266,-1.9352891362822129
2021-05-13T15:11:47.822,-1.932604969393609
2021-05-13T23:11:17.378,-1.929935414803628
2021-05-14T07:10:46.934,-1.927102320853974
2021-05-14T15:10:16.490,-1.924311909510566
2021-05-14T23:09:46.46,-1.921557108962028
2021-05-15T07:09:15.602,-1.918643327337732
2021-05-15T15:08:45.158,-1.9156392591313829
2021-05-15T23:08:14.714,-1.912745347750568
2021-05-16T07:07:44.270,-1.9095888038163935
2021-05-16T15:07:13.826,-1.9065687609206519
2021-05-16T23:06:43.382,-1.9034387623971345
2021-05-17T07:06:12.938,-1.9002669401112269
2021-05-17T15:05:42.494,-1.896634900495144
2021-05-17T23:05:12.50,-1.8937235058973805
2021-05-18T07:04:41.606,-1.89033506343135
2021-05-18T15:04:11.162,-1.8869711001519311
2021-05-18T23:03:40.718,-1.8834969460136024
2021-05-19T07:03:10.274,-1.8800733596180887
2021-05-19T15:02:39.830,-1.876546879997371
2021-05-19T23:02:09.386,-1.872933204135792
2021-05-20T07:01:38.942,-1.8694289857528201
2021-05-20T15:01:08.498,-1.8656583650906093
2021-05-20T23:00:38.54,-1.8619630583488758
2021-05-21T07:00:07.610,-1.8582151036707144
2021-05-21T14:59:37.167,-1.8543711464060149
2021-05-21T22:59:06.723,-1.8505759259806704
2021-05-22T06:58:36.279,-1.8466813708587386
2021-05-22T14:58:05.835,-1.8427090431978
2021-05-22T22:57:35.391,-1.8387200719271886
2021-05-23T06:57:04.947,-1.834695926492432
2021-05-23T14:56:34.503,-1.8306988318948825
2021-05-23T22:56:04.59,-1.8265287113485607
2021-05-24T06:55:33.615,-1.8223251397116929
2021-05-24T14:55:03.171,-1.8180708069259894
2021-05-24T22:54:32.727,-1.8138633265102402
2021-05-25T06:54:02.283,-1.8094618382403433
2021-05-25T14:53:31.839,-1.8053002282812498
2021-05-25T22:53:01.395,-1.800814920443319
2021-05-26T06:52:30.951,-1.7963506528744932
2021-05-26T14:52:00.507,-1.7918495580321225
2021-05-26T22:51:30.63,-1.7872646661663076
2021-05-27T06:50:59.619,-1.7827214132336635
2021-05-27T14:50:29.175,-1.7780635794389963
2021-05-27T22:49:58.731,-1.7734620125088192
2021-05-28T06:49:28.287,-1.7687148256359482
2021-05-28T14:48:57.843,-1.7639937133385184
2021-05-28T22:48:27.399,-1.759230492899058
2021-05-29T06:47:56.955,-1.7543035628974122
2021-05-29T14:47:26.511,-1.749429922742468
2021-05-29T22:46:56.67,-1.7444873498193634
2021-05-30T06:46:25.623,-1.739525727634953
2021-05-30T14:45:55.179,-1.7344540311042367
2021-05-30T22:45:24.735,-1.7294152288459042
2021-05-31T06:44:54.291,-1.7243016670710558
2021-05-31T14:44:23.847,-1.7191328356414044
2021-05-31T22:43:53.403,-1.7139438867243122
2021-06-01T06:43:22.959,144.631472263364
2021-06-01T14:42:52.515,-1.7135857392585585
2021-06-01T22:42:22.71,-1.7079885467244482
2021-06-02T06:41:51.627,-1.7027542478940867
2021-06-02T14:41:21.183,-1.697161660719984
2021-06-02T22:40:50.739,-1.6915661535872755
2021-06-03T06:40:20.295,-1.6862618987012157
2021-06-03T14:39:49.852,-1.6806870735649466
2021-06-03T22:39:19.408,-1.6751156177692446
2021-06-04T06:38:48.964,-1.6694244362112713
2021-06-04T14:38:18.520,-1.6638277656704215
2021-06-04T22:37:48.76,-1.6581206788327754
2021-06-05T06:37:17.632,-1.6523108580818957
2021-06-05T14:36:47.188,-1.6465128313267405
2021-06-05T22:36:16.744,-1.6406708660799239
2021-06-06T06:35:46.300,-1.6347273593354814
2021-06-06T14:35:15.856,-1.6288030010998529
2021-06-06T22:34:45.412,-1.6228642900358043
2021-06-07T06:34:14.968,-1.616760086505318
2021-06-07T14:33:44.524,-1.6107560205493052
2021-06-07T22:33:14.80,-1.6046267627144706
2021-06-08T06:32:43.636,-1.5984263186313015
2021-06-08T14:32:13.192,-1.5922042460599892
2021-06-08T22:31:42.748,-1.5859456408490922
2021-06-09T06:31:12.304,-1.5797161743762715
2021-06-09T14:30:41.860,-1.5732553822309443
2021-06-09T22:30:11.416,-1.5669401696417329
2021-06-10T06:29:40.972,-1.5605828605374188
2021-06-10T14:29:10.528,-1.5540226158880381
2021-06-10T22:28:40.84,-1.5475202232778278
2021-06-11T06:28:09.640,-1.5409737123891838
2021-06-11T14:27:39.196,-1.5343114266132853
2021-06-11T22:27:08.752,-1.5276820114911502
2021-06-12T06:26:38.308,-1.5209644006153926
2021-06-12T14:26:07.864,-1.5142072510024422
2021-06-12T22:25:37.420,-1.507470796429923
2021-06-13T06:25:06.976,-1.500622897583665
2021-06-13T14:24:36.532,-1.4936988868162022
2021-06-13T22:24:06.88,-1.4867425893944315
2021-06-14T06:23:35.644,-1.4798011612392905
2021-06-14T14:23:05.200,-1.4727040698344536
2021-06-14T22:22:34.756,-1.46577028150168
2021-06-15T06:22:04.312,-1.4586027996810738
2021-06-15T14:21:33.868,-1.4514868145337183
2021-06-15T22:21:03.424,-1.4442068434973583
2021-06-16T06:20:32.980,-1.4370589087147358
2021-06-16T14:20:02.536,-1.4297691362098444
2021-06-16T22:19:32.93,-1.422401303282152
2021-06-17T06:19:01.649,-1.4150258677260845
2021-06-17T14:18:31.205,-1.4076184623070678
2021-06-17T22:18:00.761,-1.4000708123728571
2021-06-18T06:17:30.317,-1.3926223268920406
2021-06-18T14:16:59.873,-1.3849586058175698
2021-06-18T22:16:29.429,-1.3773671112827808
2021-06-19T06:15:58.985,-1.3696833714305194
2021-06-19T14:15:28.541,-1.361959413670389
2021-06-19T22:14:58.97,-1.3542658554727074
2021-06-20T06:14:27.653,-1.3464190805580905
2021-06-20T14:13:57.209,-1.3385416837114272
2021-06-20T22:13:26.765,-1.3307283466584654
2021-06-21T06:12:56.321,-1.3227201804502333
2021-06-21T14:12:25.877,-1.314803103631728
2021-06-21T22:11:55.433,-1.3066935591393662
2021-06-22T06:11:24.989,-1.2985488382002763
2021-06-22T14:10:54.545,-1.2904346498632222
2021-06-22T22:10:24.101,-1.282304649955971
2021-06-23T06:09:53.657,-1.2740896545790237
2021-06-23T14:09:23.213,-1.265553688091709
2021-06-23T22:08:52.769,-1.2575195410346554
2021-06-24T06:08:22.325,-1.2489950424098877
2021-06-24T14:07:51.881,-1.2405954503055399
2021-06-24T22:07:21.437,-1.232104090998147
2021-06-25T06:06:50.993,-1.2235609463332873
2021-06-25T14:06:20.549,-1.2149310088464151
2021-06-25T22:05:50.105,-1.2062956431898406
2021-06-26T06:05:19.661,-1.197735344952048
2021-06-26T14:04:49.217,-1.1889276374387876
2021-06-26T22:04:18.773,-1.1801537176572479
2021-06-27T06:03:48.329,-1.171322813519753
2021-06-27T14:03:17.885,-1.16241898926457
2021-06-27T22:02:47.441,-1.1534076408291456
2021-06-28T06:02:16.997,-1.1444572917005547
2021-06-28T14:01:46.553,-1.1353533521596062
2021-06-28T22:01:16.109,-1.1262574740984972
2021-06-29T06:00:45.665,-1.1172488054868794
2021-06-29T14:00:15.221,-1.1079777661377708
2021-06-29T21:59:44.778,-1.0987700225351293
2021-06-30T05:59:14.334,-1.0893204877209184
2021-06-30T13:58:43.890,-1.0800530385866776
2021-06-30T21:58:13.446,-1.070609371964938
2021-07-01T05:57:43.2,-1.061188122388005
2021-07-01T13:57:12.558,-1.0516440412800132
2021-07-01T21:56:42.114,-1.0421022547254504
2021-07-02T05:56:11.670,-1.0325134140687628
2021-07-02T13:55:41.226,-1.022812457956761
2021-07-02T21:55:10.782,-1.0131227371009488
2021-07-03T05:54:40.338,-1.0032443343051312
2021-07-03T13:54:09.894,-0.9935034748722206
2021-07-03T21:53:39.450,-0.983572739413364
2021-07-04T05:53:09.6,-0.9736105355011159
2021-07-04T13:52:38.562,-0.9635470222989684
2021-07-04T21:52:08.118,-0.9534993102169068
2021-07-05T05:51:37.674,-0.9434211921317641
2021-07-05T13:51:07.230,-0.9332739942515554
2021-07-05T21:50:36.786,-0.9231087921811865
2021-07-06T05:50:06.342,-0.9128195991561556
2021-07-06T13:49:35.898,-0.9025441085260256
2021-07-06T21:49:05.454,-0.8920635869851093
2021-07-07T05:48:35.10,-0.8815596896084785
2021-07-07T13:48:04.566,-0.8710993445454684
2021-07-07T21:47:34.122,-0.8604603929059608
2021-07-08T05:47:03.678,-0.8498038889461786
2021-07-08T13:46:33.234,-0.8391813950029299
2021-07-08T21:46:02.790,-0.8284887708503813
2021-07-09T05:45:32.346,-0.8177073770832235
2021-07-09T13:45:01.902,-0.8067682178714985
2021-07-09T21:44:31.458,-0.7958232913356488
2021-07-10T05:44:01.14,-0.7848598883880253
2021-07-10T13:43:30.570,-0.7738369159550583
2021-07-10T21:43:00.126,-0.7627376675343923
2021-07-11T05:42:29.682,-0.751559177788368
2021-07-11T13:41:59.238,-0.740054044063015
2021-07-11T21:41:28.794,-0.7290559968315974
2021-07-12T05:40:58.350,-0.7176723894480677
2021-07-12T13:40:27.906,-0.7063288138712671
2021-07-12T21:39:57.463,-0.694877741386564
2021-07-13T05:39:27.19,-0.6833006854699527
2021-07-13T13:38:56.575,-0.67166864573615
2021-07-13T21:38:26.131,-0.6601269593038862
2021-07-14T05:37:55.687,-0.6483636355411234
2021-07-14T13:37:25.243,-0.6365158028354774
2021-07-14T21:36:54.799,-0.6247371217507652
2021-07-15T05:36:24.355,-0.6127691238595782
2021-07-15T13:35:53.911,-0.6007565008758059
2021-07-15T21:35:23.467,-0.588774176178608
2021-07-16T05:34:53.23,-0.5765973607378517
2021-07-16T13:34:22.579,-0.5645704555245423
2021-07-16T21:33:52.135,-0.5522660905676698
2021-07-17T05:33:21.691,-0.5399556144318406
2021-07-17T13:32:51.247,-0.5276624369867632
2021-07-17T21:32:20.803,-0.5151061353496752
2021-07-18T05:31:50.359,-0.5026793448678464
2021-07-18T13:31:19.915,-0.49011731392619584
2021-07-18T21:30:49.471,-0.47748641402293945
2021-07-19T05:30:19.27,-0.46487076566357244
2021-07-19T13:29:48.583,-0.45204737697415254
2021-07-19T21:29:18.139,-0.43922585340161874
2021-07-20T05:28:47.695,-0.4262613801054042
2021-07-20T13:28:17.251,-0.41334531834954147
2021-07-20T21:27:46.807,-0.40029614064620045
2021-07-21T05:27:16.363,-0.3872551255718723
2021-07-21T13:26:45.919,-0.3740290038184107
2021-07-21T21:26:15.475,-0.36078897006318483
2021-07-22T05:25:45.31,-0.34743794651614707
2021-07-22T13:25:14.587,-0.3341526639477213
2021-07-22T21:24:44.143,-0.32031196173022225
2021-07-23T05:24:13.699,-0.3070900554297289
2021-07-23T13:23:43.255,-0.2935120964263839
2021-07-23T21:23:12.811,-0.2799277005966895
2021-07-24T05:22:42.367,-0.2661406770211522
2021-07-24T13:22:11.923,-0.25240643958938863
2021-07-24T21:21:41.479,-0.23850894645555568
2021-07-25T05:21:11.35,-0.22447864542679777
2021-07-25T13:20:40.591,-0.21058326122800616
2021-07-25T21:20:10.147,-0.19645357966807264
2021-07-26T05:19:39.704,-0.18234077757075762
2021-07-26T13:19:09.260,-0.1681260436621766
2021-07-26T21:18:38.816,-0.1537777082918263
2021-07-27T05:18:08.372,-0.13939449825646563
2021-07-27T13:17:37.928,-0.12498159227859537
2021-07-27T21:17:07.484,-0.11035377901179974
2021-07-28T05:16:37.40,-0.09587454221063711
2021-07-28T13:16:06.596,-0.0811982622295874
2021-07-28T21:15:36.152,-0.06656291765469981
2021-07-29T05:15:05.708,-0.051687314263664276
2021-07-29T13:14:35.264,-0.036782340642409296
2021-07-29T21:14:04.820,-0.021912667347302597
2021-07-30T05:13:34.376,-0.006891187356745743
2021-07-30T13:13:03.932,0.008229514485462063
2021-07-30T21:12:33.488,0.023419700249769776
2021-07-31T05:12:03.44,0.03882994766455766
2021-07-31T13:11:32.600,0.053960757151363475
2021-07-31T21:11:02.156,0.06928904726525417
2021-08-01T05:10:31.712,0.0846415187445703
2021-08-01T13:10:01.268,0.10026133656157046
2021-08-01T21:09:30.824,0.11580529740074365
2021-08-02T05:09:00.380,0.13162437405869087
2021-08-02T13:08:29.936,0.14716380933676187
2021-08-02T21:07:59.492,0.16289518905006686
2021-08-03T05:07:29.48,0.17877403448414247
2021-08-03T13:06:58.604,0.1946606581900578
2021-08-03T21:06:28.160,0.21064578072737622
2021-08-04T05:05:57.716,0.2266984147172038
2021-08-04T13:05:27.272,0.24274886373045634
2021-08-04T21:04:56.828,0.2590493206864268
2021-08-05T05:04:26.384,0.27508876901492363
2021-08-05T13:03:55.940,0.2913416725988439
2021-08-05T21:03:25.496,0.30760183849798095
2021-08-06T05:02:55.52,0.3238898613087576
2021-08-06T13:02:24.608,0.3401864442690541
2021-08-06T21:01:54.164,0.3565730516726668
2021-08-07T05:01:23.720,0.37290007270231323
2021-08-07T13:00:53.276,0.3890053338357884
2021-08-07T21:00:22.832,0.4047049476111434
2021-08-08T04:59:52.389,0.41987204670833655
2021-08-08T12:59:21.945,0.4334609185293167
2021-08-08T20:58:51.501,0.4395293415137913
2021-08-09T04:58:21.57,0.9394559963931141
2021-08-09T12:57:50.613,1.3506557791331373
2021-08-09T20:57:20.169,1.3759852699659938
2021-08-10T04:56:49.725,1.3972660334652605
2021-08-10T12:56:19.281,1.4173172263461085
2021-08-10T20:55:48.837,1.4366915330986432
2021-08-11T04:55:18.393,1.4559638651931774
2021-08-11T12:54:47.949,1.4752859995308685
2021-08-11T20:54:17.505,1.4940328717767888
2021-08-12T04:53:47.61,1.5129012029394098
2021-08-12T12:53:16.617,1.5318226870228326
2021-08-12T20:52:46.173,1.550369812518991
2021-08-13T04:52:15.729,1.569100911083002
2021-08-13T12:51:45.285,1.5884036303912965
2021-08-13T20:51:14.841,1.6057470450418532
2021-08-14T04:50:44.397,1.6240863104448349
2021-08-14T12:50:13.953,1.6424945413105516
2021-08-14T20:49:43.509,1.6607040264602335
2021-08-15T04:49:13.65,1.678737462266582
2021-08-15T12:48:42.621,1.6967382730163736
2021-08-15T20:48:12.177,1.7147231891751948
2021-08-16T04:47:41.733,21.732508965229066
2021-08-16T12:47:11.289,21.750238770509167
2021-08-16T20:46:40.845,21.76789631225712
2021-08-17T04:46:10.401,21.78587494442714
2021-08-17T12:45:39.957,21.802750911914057
2021-08-17T20:45:09.513,21.819976008757763
2021-08-18T04:44:39.69,21.837052422049585
2021-08-18T12:44:08.625,21.854024001593835
2021-08-18T20:43:38.181,21.87087290338679
2021-08-19T04:43:07.737,21.88749668663726
2021-08-19T12:42:37.293,21.903922913979503
2021-08-19T20:42:06.849,21.92025854624826
2021-08-20T04:41:36.405,21.93643821446856
2021-08-20T12:41:05.961,21.952331766764843
2021-08-20T20:40:35.517,21.968058655684768
2021-08-21T04:40:05.73,21.983716117286658
2021-08-21T12:39:34.630,21.99902254078191
2021-08-21T20:39:04.186,22.014218247521217
2021-08-22T04:38:33.742,22.029190061998506
2021-08-22T12:38:03.298,22.043980626487524
2021-08-22T20:37:32.854,22.058459630387784
2021-08-23T04:37:02.410,22.072659141284063
2021-08-23T12:36:31.966,22.0866943389559
2021-08-23T20:36:01.522,22.10041063367388
2021-08-24T04:35:31.78,22.113900284432308
2021-08-24T12:35:00.634,22.12719540362162
2021-08-24T20:34:30.190,22.140127913079823
2021-08-25T04:33:59.746,22.15282606571014
2021-08-25T12:33:29.302,22.165175098352556
2021-08-25T20:32:58.858,22.17736078086513
2021-08-26T04:32:28.414,22.189065277845934
2021-08-26T12:31:57.970,22.200606280077764
2021-08-26T20:31:27.526,22.21176685735311
2021-08-27T04:30:57.82,22.222646964749217
2021-08-27T12:30:26.638,22.23313337853841
2021-08-27T20:29:56.194,22.243320150241573
2021-08-28T04:29:25.750,22.253159426620147
2021-08-28T12:28:55.306,22.262581017444575
2021-08-28T20:28:24.862,22.271725930699553
2021-08-29T04:27:54.418,22.280464547387144
2021-08-29T12:27:23.974,22.288792274232286
2021-08-29T20:26:53.530,22.296738580557953
2021-08-30T04:26:23.86,22.304349699129617
2021-08-30T12:25:52.642,22.311430899490446
2021-08-30T20:25:22.198,22.318281941630804
2021-08-31T04:24:51.754,-58.41746186102746
2021-08-31T12:24:21.310,102.33114470771623
2021-08-31T20:23:50.866,22.33614132205408
2021-09-01T04:23:20.422,22.34121001945191
2021-09-01T12:22:49.978,22.34587180339926
2021-09-01T20:22:19.534,22.35014855411483
2021-09-02T04:21:49.90,22.353843357598603
2021-09-02T12:21:18.646,22.357178769120928
2021-09-02T20:20:48.202,22.360041398298133
2021-09-03T04:20:17.758,22.362426119252017
2021-09-03T12:19:47.315,22.364424512663785
2021-09-03T20:19:16.871,22.36582299581321
2021-09-04T04:18:46.427,22.366785135480963
2021-09-04T12:18:15.983,22.367201598751294
2021-09-04T20:17:45.539,22.36722034037913
2021-09-05T04:17:15.95,22.36676555782735
2021-09-05T12:16:44.651,22.36577943986424
2021-09-05T20:16:14.207,22.36427452614219
2021-09-06T04:15:43.763,22.36238582303916
2021-09-06T12:15:13.319,22.359820835701978
2021-09-06T20:14:42.875,22.356858471103642
2021-09-07T04:14:12.431,22.35341229155326
2021-09-07T12:13:41.987,22.34934521178805
2021-09-07T20:13:11.543,22.344957885995196
2021-09-08T04:12:41.99,22.339856641303744
2021-09-08T12:12:10.655,22.334351137736427
2021-09-08T20:11:40.211,22.328319065170696
2021-09-09T04:11:09.767,22.321768730040027
2021-09-09T12:10:39.323,22.31472385544165
2021-09-09T20:10:08.879,22.307227821460195
2021-09-10T04:09:38.435,6.299056539323333
2021-09-10T12:09:07.991,6.290481773685641
2021-09-10T20:08:37.547,6.281373317918159
2021-09-11T04:08:07.103,6.271825123727134
2021-09-11T12:07:36.659,6.261868996015169
2021-09-11T20:07:06.215,6.251186638835303
2021-09-12T04:06:35.771,6.240108065066926
2021-09-12T12:06:05.327,6.22850491013087
2021-09-12T20:05:34.883,6.21652330909715
2021-09-13T04:05:04.439,6.20396717985234
2021-09-13T12:04:33.995,6.190980281553634
2021-09-13T20:04:03.551,6.177506438907707
2021-09-14T04:03:33.107,6.163814822897456
2021-09-14T12:03:02.663,6.149228029988915
2021-09-14T20:02:32.219,6.134279551005583
2021-09-15T04:02:01.775,6.118939366032156
2021-09-15T12:01:31.331,6.103244499219327
2021-09-15T20:01:00.887,6.087100045500197
2021-09-16T04:00:30.443,6.070408980252694
2021-09-16T12:00:00,6.0532941006037175
2021-09-16T19:59:29.556,6.035884357609987
2021-09-17T03:58:59.112,6.017968493224979
2021-09-17T11:58:28.668,5.999646089478945
2021-09-17T19:57:58.224,5.980974864840969
2021-09-18T03:57:27.780,5.961930776173948
2021-09-18T11:56:57.336,5.942436344326129
2021-09-18T19:56:26.892,5.9226467934442635
2021-09-19T03:55:56.448,5.9024752933024995
2021-09-19T11:55:26.4,5.882055868582292
2021-09-19T19:54:55.560,5.861188953525281
2021-09-20T03:54:25.116,-18.160141076049626
2021-09-20T11:53:54.672,-18.181685065536314
2021-09-20T19:53:24.228,-18.203516510329003
2021-09-21T03:52:53.784,-18.22570509709265
2021-09-21T11:52:23.340,-18.24821174380167
2021-09-21T19:51:52.896,-18.270859427505243
2021-09-22T03:51:22.452,-18.293856552397187
2021-09-22T11:50:52.8,-18.31716042281963
2021-09-22T19:50:21.564,-18.34065854090725
2021-09-23T03:49:51.120,-18.36454319025055
2021-09-23T11:49:20.676,-18.388505295510456
2021-09-23T19:48:50.232,-18.4127995874426
2021-09-24T03:48:19.788,-18.43727646046591
2021-09-24T11:47:49.344,-18.461949941428326
2021-09-24T19:47:18.900,-18.486893784571237
2021-09-25T03:46:48.456,-18.511962808482473
2021-09-25T11:46:18.12,-18.53726147849364
2021-09-25T19:45:47.568,-18.562666296173745
2021-09-26T03:45:17.124,-18.58818094359126
2021-09-26T11:44:46.680,-18.614065417040955
2021-09-26T19:44:16.236,-18.63991604807608
2021-09-27T03:43:45.792,-18.665997881766142
2021-09-27T11:43:15.348,-18.69215626220162
2021-09-27T19:42:44.904,-18.71844489782829
2021-09-28T03:42:14.460,-18.74478416799334
2021-09-28T11:41:44.16,-18.77123818052434
2021-09-28T19:41:13.572,-18.79788877197416
2021-09-29T03:40:43.128,-18.824534527102788
2021-09-29T11:40:12.684,-18.851258286866027
2021-09-29T19:39:42.241,-18.878061199102465
2021-09-30T03:39:11.797,-18.904946368235283
2021-09-30T11:38:41.353,-18.93173380766207
2021-09-30T19:38:10.909,-18.958825348736976
2021-10-01T03:37:40.465,-18.985735412469882
2021-10-01T11:37:10.21,-19.012823884911917
2021-10-01T19:36:39.577,-19.039878050396208
2021-10-02T03:36:09.133,-19.06688339083768
2021-10-02T11:35:38.689,-19.093943808190623
2021-10-02T19:35:08.245,-19.12100877139668
2021-10-03T03:34:37.801,-19.148016785704453
2021-10-03T11:34:07.357,-19.175077876446746
2021-10-03T19:33:36.913,-19.202094732124117
2021-10-04T03:33:06.469,-19.229107091330604
2021-10-04T11:32:36.25,-19.256045889820776
2021-10-04T19:32:05.581,-19.28297538490838
2021-10-05T03:31:35.137,-19.309840068729144
2021-10-05T11:31:04.693,-19.336647424556944
2021-10-05T19:30:34.249,-19.363314331652838
2021-10-06T03:30:03.805,-19.390088990097333
2021-10-06T11:29:33.361,-19.416756083111675
2021-10-06T19:29:02.917,-19.443356760096602
2021-10-07T03:28:32.473,-19.469834683800087
2021-10-07T11:28:02.29,-19.496192858904497
2021-10-07T19:27:31.585,-19.5224773751292
2021-10-08T03:27:01.141,-19.548795155587513
2021-10-08T11:26:30.697,-19.574920847316488
2021-10-08T19:26:00.253,-19.60100375209079
2021-10-09T03:25:29.809,-19.626894576493036
2021-10-09T11:24:59.365,-19.652744832623934
2021-10-09T19:24:28.921,-19.678508256603642
2021-10-10T03:23:58.477,-19.704131007859157
2021-10-10T11:23:28.33,-19.729611802584646
2021-10-10T19:22:57.589,-19.75508107448698
2021-10-11T03:22:27.145,-19.78027837723539
2021-10-11T11:21:56.701,-19.805469899529893
2021-10-11T19:21:26.257,-19.83053929883607
2021-10-12T03:20:55.813,-19.85540245660921
2021-10-12T11:20:25.369,-19.88020390956089
2021-10-12T19:19:54.926,-19.90484136442235
2021-10-13T03:19:24.482,-19.92929858127071
2021-10-13T11:18:54.38,-83.34689808434949
2021-10-13T19:18:23.594,-19.977949290557202
2021-10-14T03:17:53.150,-20.00199180959221
2021-10-14T11:17:22.706,-20.02595702442815
2021-10-14T19:16:52.262,-20.04974315386448
2021-10-15T03:16:21.818,-20.073397290485584
2021-10-15T11:15:51.374,-20.09690349195574
2021-10-15T19:15:20.930,-20.120299406735416
2021-10-16T03:14:50.486,-20.143466256676017
2021-10-16T11:14:20.42,-20.166523568184715
2021-10-16T19:13:49.598,-20.189467736525067
2021-10-17T03:13:19.154,-20.212200455842407
2021-10-17T11:12:48.710,-20.234772082188805
2021-10-17T19:12:18.266,-20.25726843350653
2021-10-18T03:11:47.822,-20.279504820407467
2021-10-18T11:11:17.378,-20.301677478960315
2021-10-18T19:10:46.934,-20.323599160241184
2021-10-19T03:10:16.490,-20.345425407595982
2021-10-19T11:09:46.46,-20.36707772064597
2021-10-19T19:09:15.602,-20.388628026939713
2021-10-20T03:08:45.158,-20.409922189976673
2021-10-20T11:08:14.714,-20.431094863638215
2021-10-20T19:07:44.270,-20.452125294131847
2021-10-21T03:07:13.826,-20.472993760090787
2021-10-21T11:06:43.382,-20.49372186397384
2021-10-21T19:06:12.938,-20.514214134023906
2021-10-22T03:05:42.494,-20.534607763249316
2021-10-22T11:05:12.50,-20.554843716638985
2021-10-22T19:04:41.606,-20.574885032500273
2021-10-23T03:04:11.162,-20.59477794864658
2021-10-23T11:03:40.718,-20.614531177371603
2021-10-23T19:03:10.274,-20.634136645733193
2021-10-24T03:02:39.830,-20.65353247398029
2021-10-24T11:02:09.386,-20.672794189553887
2021-10-24T19:01:38.942,-20.691897544799957
2021-10-25T03:01:08.498,-20.710857676488736
2021-10-25T11:00:38.54,-20.729634415042973
2021-10-25T19:00:07.610,-20.74829103625115
2021-10-26T02:59:37.167,-20.766763577292867
2021-10-26T10:59:06.723,-20.785097856286207
2021-10-26T18:58:36.279,-20.80326403545697
2021-10-27T02:58:05.835,-20.821248294506244
2021-10-27T10:57:35.391,-20.839148758597176
2021-10-27T18:57:04.947,-20.856821882373996
2021-10-28T02:56:34.503,-20.8743787043485
2021-10-28T10:56:04.59,-20.891758816490064
2021-10-28T18:55:33.615,-20.909043645810012
2021-10-29T02:55:03.171,-20.926165335341707
2021-10-29T10:54:32.727,-20.943076590573042
2021-10-29T18:54:02.283,-20.95986593690471
2021-10-30T02:53:31.839,-20.976483135954265
2021-10-30T10:53:01.395,-20.99304959055288
2021-10-30T18:52:30.951,-21.00936352760736
2021-10-31T02:52:00.507,-21.025552600490638
2021-10-31T10:51:30.63,-21.04160244020756
2021-10-31T18:50:59.619,-21.05756484472354
2021-11-01T02:50:29.175,-21.07326813405503
2021-11-01T10:49:58.731,-21.088937534224165
2021-11-01T18:49:28.287,-21.104361591142855
2021-11-02T02:48:57.843,-21.11973311944585
2021-11-02T10:48:27.399,-21.13490596885986
2021-11-02T18:47:56.955,-21.149972786687403
2021-11-03T02:47:26.511,-21.164885778256725
2021-11-03T10:46:56.67,-21.17972356226954
2021-11-03T18:46:25.623,-21.194334450197815
2021-11-04T02:45:55.179,-21.208849334602974
2021-11-04T10:45:24.735,-21.223221542898216
2021-11-04T18:44:54.291,-21.237370909775763
2021-11-05T02:44:23.847,-21.251561647040173
2021-11-05T10:43:53.403,-21.26553121314524
2021-11-05T18:43:22.959,-21.279346314843796
2021-11-06T02:42:52.515,-21.293035864759226
2021-11-06T10:42:22.71,-21.306565496555255
2021-11-06T18:41:51.627,-21.320029176697194
2021-11-07T02:41:21.183,-21.33332141001095
2021-11-07T10:40:50.739,-21.34655761234186
2021-11-07T18:40:20.295,-21.359585272708827
2021-11-08T02:39:49.852,-21.372505751379375
2021-11-08T10:39:19.408,-21.38535927498232
2021-11-08T18:38:48.964,-21.398009457191026
2021-11-09T02:38:18.520,-21.410677761735904
2021-11-09T10:37:48.76,-21.423062388915266
2021-11-09T18:37:17.632,-21.435377916045113
2021-11-10T02:36:47.188,-21.447574614632416
2021-11-10T10:36:16.744,-21.459624723967476
2021-11-10T18:35:46.300,-21.471613037438136
2021-11-11T02:35:15.856,-21.483465301988623
2021-11-11T10:34:45.412,-21.495210719333162
2021-11-11T18:34:14.968,-21.506709937832067
2021-11-12T02:33:44.524,-21.518220204695023
2021-11-12T10:33:14.80,-21.529672519550367
2021-11-12T18:32:43.636,-21.540826587926624
2021-11-13T02:32:13.192,-21.55202908308559
2021-11-13T10:31:42.748,-21.563031697499063
2021-11-13T18:31:12.304,-21.573937060961875
2021-11-14T02:30:41.860,-21.584774106284243
2021-11-14T10:30:11.416,-21.595440406173697
2021-11-14T18:29:40.972,-21.60606480634069
2021-11-15T02:29:10.528,-21.61646944761188
2021-11-15T10:28:40.84,-21.626890748648812
2021-11-15T18:28:09.640,-21.637153400617084
2021-11-16T02:27:39.196,-21.647287417523707
2021-11-16T10:27:08.752,-21.657370732211053
2021-11-16T18:26:38.308,-21.667258011170645
2021-11-17T02:26:07.864,-21.677069370789955
2021-11-17T10:25:37.420,-21.686843811452928
2021-11-17T18:25:06.976,-21.69652713640102
2021-11-18T02:24:36.532,-21.705973509907356
2021-11-18T10:24:06.88,-21.715381844676404
2021-11-18T18:23:35.644,-21.724712956166528
2021-11-19T02:23:05.200,-21.73391785902963
2021-11-19T10:22:34.756,-21.742977529212315
2021-11-19T18:22:04.312,-21.752004009171763
2021-11-20T02:21:33.868,-21.760896816321583
2021-11-20T10:21:03.424,-21.769698781349323
2021-11-20T18:20:32.980,-21.778309213787512
2021-11-21T02:20:02.536,119.59988590415314
2021-11-21T10:19:32.93,-21.795294681619037
2021-11-21T18:19:01.649,-21.803666496659478
2021-11-22T02:18:31.205,-21.811859116043763
2021-11-22T10:18:00.761,-21.819920681591807
2021-11-22T18:17:30.317,-21.82784319805984
2021-11-23T02:16:59.873,-21.835589920738062
2021-11-23T10:16:29.429,-21.843306144360845
2021-11-23T18:15:58.985,-21.850799283853178
2021-11-24T02:15:28.541,-21.858032430515134
2021-11-24T10:14:58.97,-21.86499773658153
2021-11-24T18:14:27.653,-21.87176055261186
2021-11-25T02:13:57.209,-21.87793111583867
2021-11-25T10:13:26.765,-21.883522349485382
2021-11-25T18:12:56.321,-21.888152720287273
2021-11-26T02:12:25.877,-21.89090986150537
2021-11-26T10:11:55.433,-21.889550267532456
2021-11-26T18:11:24.989,-21.87498176764432
2021-11-27T02:10:54.545,-21.7216475741112
2021-11-27T10:10:24.101,-24.048048321079598
2021-11-27T18:09:53.657,-24.09127660752315
2021-11-28T02:09:23.213,-24.107425341459884
2021-11-28T10:08:52.769,-24.117774778288833
2021-11-28T18:08:22.325,-24.12624126677385
2021-11-29T02:07:51.881,-24.132679809112346
2021-11-29T10:07:21.437,-24.13926649630748
2021-11-29T18:06:50.993,-24.145464907732553
2021-11-30T02:06:20.549,-24.151153520964048
2021-11-30T10:05:50.105,80.84330313640427
2021-11-30T18:05:19.661,-24.16207436657042
2021-12-01T02:04:49.217,-93.07847844378901
2021-12-01T10:04:18.773,-90.04337930903384
2021-12-01T18:03:48.329,-24.177110762875284
2021-12-02T02:03:17.885,-83.9610778313167
2021-12-02T10:02:47.441,-80.92478708815914
2021-12-02T18:02:16.997,-24.191130928336303
2021-12-03T02:01:46.553,-24.199656858577114
2021-12-03T10:01:16.109,-23.55365151783223
2021-12-03T18:00:45.665,-24.204213610610143
2021-12-04T02:00:15.221,-24.20841172079793
2021-12-04T09:59:44.778,-4.212465772124667
2021-12-04T17:59:14.334,-4.216623349166965
2021-12-05T01:58:43.890,-4.22061673120706
2021-12-05T09:58:13.446,-4.224508375993006
2021-12-05T17:57:43.2,-4.228335670738193
2021-12-06T01:57:12.558,-4.232059471511983
2021-12-06T09:56:42.114,-4.235668464600549
2021-12-06T17:56:11.670,-4.239334087474792
2021-12-07T01:55:41.226,-4.242812841745575
2021-12-07T09:55:10.782,-4.246241271597445
2021-12-07T17:54:40.338,-4.2496652515868325
2021-12-08T01:54:09.894,-4.252991997758634
2021-12-08T09:53:39.450,-4.256263170370852
2021-12-08T17:53:09.6,-4.2593745408212405
2021-12-09T01:52:38.562,-4.2625038795015655
2021-12-09T09:52:08.118,-4.2655377820490195
2021-12-09T17:51:37.674,-4.268425362522233
2021-12-10T01:51:07.230,-4.271270774322603
2021-12-10T09:50:36.786,-4.274115029563995
2021-12-10T17:50:06.342,-4.276820461179412
2021-12-11T01:49:35.898,-4.279570507170475
2021-12-11T09:49:05.454,-4.282130467181242
2021-12-11T17:48:35.10,-4.284730053784423
2021-12-12T01:48:04.566,-4.287213622730299
2021-12-12T09:47:34.122,-4.289623484554878
2021-12-12T17:47:03.678,-4.291956309139773
2021-12-13T01:46:33.234,-4.29414102548789
2021-12-13T09:46:02.790,-4.29641341385648
2021-12-13T17:45:32.346,-4.298556880854761
2021-12-14T01:45:01.902,-4.300627637003137
2021-12-14T09:44:31.458,-4.302651204165094
2021-12-14T17:44:01.14,-4.304568299536933
2021-12-15T01:43:30.570,-4.306469707474822
2021-12-15T09:43:00.126,-4.308334329118782
2021-12-15T17:42:29.682,-4.310024895046186
2021-12-16T01:41:59.238,-4.311680310338429
2021-12-16T09:41:28.794,-4.313292742675458
2021-12-16T17:40:58.350,-4.314865554980277
2021-12-17T01:40:27.906,-4.316115098396046
2021-12-17T09:39:57.463,-4.317768405236465
2021-12-17T17:39:27.19,-4.319102606003302
2021-12-18T01:38:56.575,-4.320400677995101
2021-12-18T09:38:26.131,-4.321605285220037
2021-12-18T17:37:55.687,-4.322814356939605
2021-12-19T01:37:25.243,-4.32383126804048
2021-12-19T09:36:54.799,-4.324855919322506
2021-12-19T17:36:24.355,-4.325852882730592
2021-12-20T01:35:53.911,-4.326623316461244
2021-12-20T09:35:23.467,-4.327608864472391
2021-12-20T17:34:53.23,-4.328317436949832
2021-12-21T01:34:22.579,-4.329001919254874
2021-12-21T09:33:52.135,-4.32962834560816
2021-12-21T17:33:21.691,-4.330187317412303
2021-12-22T01:32:51.247,-4.330771403817147
2021-12-22T09:32:20.803,-4.331216356174201
2021-12-22T17:31:50.359,-4.331514712690626
2021-12-23T01:31:19.915,-4.331849282638653
2021-12-23T09:30:49.471,-4.332072310695345
2021-12-23T17:30:19.27,-4.332251080585494
2021-12-24T01:29:48.583,-4.332329190551517
2021-12-24T09:29:18.139,-4.3323754215496555
2021-12-24T17:28:47.695,-4.332329185860711
2021-12-25T01:28:17.251,-4.332255275549468
2021-12-25T09:27:46.807,-4.332074223694444
2021-12-25T17:27:16.363,-4.331868327474511
2021-12-26T01:26:45.919,-4.331574005358482
2021-12-26T09:26:15.475,-4.331178352932835
2021-12-26T17:25:45.31,-4.330773309343318
2021-12-27T01:25:14.587,-4.330179565671337
2021-12-27T09:24:44.143,-4.329704985783913
2021-12-27T17:24:13.699,-4.329056284632528
2021-12-28T01:23:43.255,-4.328339579777318
2021-12-28T09:23:12.811,-4.327581968648293
2021-12-28T17:22:42.367,-4.326750295331474
2021-12-29T01:22:11.923,-4.32587736816481
2021-12-29T09:21:41.479,-4.324828891787884
2021-12-29T17:21:11.35,-4.323777340966662
2021-12-30T17:19:39.704,-4.320171081366768
2021-12-31T01:19:09.260,-4.318848842891175
2021-12-31T09:18:38.816,-4.317515742200492
2021-12-31T17:18:08.372,-4.316044800646536
2022-01-01T01:17:37.928,-4.3144042508314495
2022-01-01T09:17:07.484,-4.312801187538994
2022-01-01T17:16:37.40,-4.311117365387652
2022-01-02T01:16:06.596,-4.3093130299203395
2022-01-02T09:15:36.152,-4.307485293862176
2022-01-02T17:15:05.708,-4.305580961160919
2022-01-03T01:14:35.264,-4.3034716939224
2022-01-03T09:14:04.820,-4.301489268506998
2022-01-03T17:13:34.376,-4.299377748063033
2022-01-04T01:13:03.932,-4.297170127418079
2022-01-04T09:12:33.488,-4.294859970994712
2022-01-04T17:12:03.44,-4.292495448323582
2022-01-05T01:11:32.600,-4.290071817873649
2022-01-05T09:11:02.156,-4.287549483981288
2022-01-05T17:10:31.712,-4.284972418924972
2022-01-06T01:10:01.268,-4.282292083520556
2022-01-06T09:09:30.824,-4.279568128990363
2022-01-06T17:09:00.380,-4.276681693649636
2022-01-07T01:08:29.936,-4.273775472915784
2022-01-07T09:07:59.492,-4.270761874751735
2022-01-07T17:07:29.48,-4.267676507814492
2022-01-08T01:06:58.604,-4.264551394799673
2022-01-08T09:06:28.160,-4.261299078299832
2022-01-08T17:05:57.716,-4.257972700541872
2022-01-09T01:05:27.272,-4.254606379310918
2022-01-09T09:04:56.828,-4.251078171532459
2022-01-09T17:04:26.384,-4.247482774633286
2022-01-10T01:03:55.940,-4.243892861866971
2022-01-10T09:03:25.496,-4.2400628883542275
2022-01-10T17:02:55.52,-4.236239424825561
2022-01-11T01:02:24.608,-4.2323744874267435
2022-01-11T09:01:54.164,-4.228328328597426
2022-01-11T17:01:23.720,-4.224226765255903
2022-01-12T01:00:53.276,-4.220041620779718
2022-01-12T09:00:22.832,-4.215759086683432
2022-01-12T16:59:52.389,-4.211352590043793
2022-01-13T00:59:21.945,-4.20690684153841
2022-01-13T08:58:51.501,-4.202303151558461
2022-01-13T16:58:21.57,-4.1977480706413335
2022-01-14T00:57:50.613,-4.192898403402951
2022-01-14T08:57:20.169,-4.188151439202849
2022-01-14T16:56:49.725,-4.183155736648214
2022-01-15T00:56:19.281,-4.178198575102233
2022-01-15T08:55:48.837,-4.173003281465331
2022-01-15T16:55:18.393,-4.16780165484155
2022-01-16T00:54:47.949,-4.162395155847235
2022-01-16T08:54:17.505,-4.157080840585256
2022-01-16T16:53:47.61,-4.1515268070747595
2022-01-17T00:53:16.617,-4.145834717300901
2022-01-17T08:52:46.173,-4.1401275108676305
2022-01-17T16:52:15.729,-4.134236773378643
2022-01-18T00:51:45.285,-4.128294339624902
2022-01-18T08:51:14.841,-4.122243039273372
2022-01-18T16:50:44.397,-4.116115207755526
2022-01-19T00:50:13.953,-4.109805804503613
2022-01-19T08:49:43.509,-4.103392219248108
2022-01-19T16:49:13.65,-4.096891810800528
2022-01-20T00:48:42.621,-4.090253792403869
2022-01-20T08:48:12.177,-4.083552185467721
2022-01-20T16:47:41.733,-4.076685544096867
2022-01-21T00:47:11.289,-4.069758408617234
2022-01-21T08:46:40.845,-4.062646359616051
2022-01-21T16:46:10.401,-4.055416343455619
2022-01-22T00:45:39.957,-4.0481053825623965
2022-01-22T08:45:09.513,-4.040668727245855
2022-01-22T16:44:39.69,-4.033104862451347
2022-01-23T00:44:08.625,-4.025399457788506
2022-01-23T08:43:38.181,-4.017563246205307
2022-01-23T16:43:07.737,-4.009646722252484
2022-01-24T00:42:37.293,-4.001585954253336
2022-01-24T08:42:06.849,-3.9933230968700784
2022-01-24T16:41:36.405,-3.9849546841247134
2022-01-25T00:41:05.961,-3.9764851654711344
2022-01-25T08:40:35.517,-3.9678571941473657
2022-01-25T16:40:05.73,-3.9591162569458898
2022-01-26T00:39:34.630,-3.9502221893497502
2022-01-26T08:39:04.186,-3.9411767872133545
2022-01-26T16:38:33.742,-3.931968521074646
2022-01-27T00:38:03.298,-3.922667550722284
2022-01-27T08:37:32.854,-3.913165919818634
2022-01-27T16:37:02.410,-3.903501589033455
2022-01-28T00:36:31.966,-3.893734260208243
2022-01-28T08:36:01.522,-3.8838387523636726
2022-01-28T16:35:31.78,-3.873612449338336
2022-01-29T00:35:00.634,-3.863444137433567
2022-01-29T08:34:30.190,-3.853031870067654
2022-01-29T16:33:59.746,-3.8423955861274544
2022-01-30T00:33:29.302,-3.8316502449973266
2022-01-30T08:32:58.858,-3.820729776727139
2022-01-30T16:32:28.414,-3.8096912896752637
2022-01-31T00:31:57.970,-3.7983963436074455
2022-01-31T08:31:27.526,-3.786997392616493
2022-01-31T16:30:57.82,-3.7754425663708515
2022-02-01T00:30:26.638,-3.76355365397457
2022-02-01T08:29:56.194,-3.751631449921697
2022-02-01T16:29:25.750,-3.739367905690515
2022-02-02T00:28:55.306,-3.7270872528932
2022-02-02T08:28:24.862,-3.7145552229894436
2022-02-02T16:27:54.418,-3.7017865816458113
2022-02-03T00:27:23.974,-3.68885173500468
2022-02-03T08:26:53.530,-3.6757143949426485
2022-02-03T16:26:23.86,-3.6623147109090946
2022-02-04T00:25:52.642,-3.6488482505344293
2022-02-04T08:25:22.198,-3.6351033611704073
2022-02-04T16:24:51.754,-3.621078525764573
2022-02-05T00:24:21.310,-3.606833784463753
2022-02-05T08:23:50.866,-3.5924623793880546
2022-02-05T16:23:20.422,-3.5778177504938196
2022-02-06T00:22:49.978,-3.562950823190287
2022-02-06T08:22:19.534,-3.54782272243125
2022-02-06T16:21:49.90,-3.5324784190848835
2022-02-07T00:21:18.646,-3.5169158489996555
2022-02-07T08:20:48.202,-3.501111054047007
2022-02-07T16:20:17.758,-3.4849875950399434
2022-02-08T00:19:47.315,-3.4686927108338526
2022-02-08T08:19:16.871,-3.452112911902681
2022-02-08T16:18:46.427,-3.4353015921142904
2022-02-09T00:18:15.983,-3.418133478613996
2022-02-09T08:17:45.539,-3.400760415582109
2022-02-09T16:17:15.95,-3.3831397291695815
2022-02-10T00:16:44.651,-3.36516256863164
2022-02-10T08:16:14.207,-3.3469665101470207
2022-02-10T16:15:43.763,-3.3284777075917917
2022-02-11T00:15:13.319,-3.309614038343362
2022-02-11T08:14:42.875,-3.2905244229582418
2022-02-11T16:14:12.431,-3.27103760423496
2022-02-12T00:13:41.987,-3.2513472774870498
2022-02-12T08:13:11.543,-3.231310492005874
2022-02-12T16:12:41.99,-3.2109244709750744
2022-02-13T00:12:10.655,-3.1901109518625836
2022-02-13T08:11:40.211,-3.1691344562009904
2022-02-13T16:11:09.767,-3.1477586029182816
2022-02-14T00:10:39.323,-3.1260251859580914
2022-02-14T08:10:08.879,-3.103903286311632
2022-02-14T16:09:38.435,-3.081434008941697
2022-02-15T00:09:07.991,-3.0586365543287792
2022-02-15T08:08:37.547,-3.0354181980686787
2022-02-15T16:08:07.103,-3.0118244925036697
2022-02-16T00:07:36.659,-2.987834588879374
2022-02-16T08:07:06.215,-2.9634537111595
2022-02-16T16:06:35.771,-2.938595063323439
2022-02-17T00:06:05.327,-2.91342416395902
2022-02-17T08:05:34.883,-2.887806179739469
2022-02-17T16:05:04.439,-2.8616588095972126
2022-02-18T00:04:33.995,-2.8351561567271713
2022-02-18T08:04:03.551,-2.8081816196609535
2022-02-18T16:03:33.107,-2.780731877584693
2022-02-19T00:03:02.663,-2.752830183448176
2022-02-19T08:02:32.219,-2.724456815283009
2022-02-19T16:02:01.775,-2.695568271765464
2022-02-20T00:01:31.331,-2.66616625285803
2022-02-20T08:01:00.887,-2.63622398716443
2022-02-20T16:00:30.443,-2.6058416123287085