; Table containing the Sun angular diameter values (as seen from Solar Orbiter) from 1-6-2020 to 10-03-2022 (3 measurements per day)
UTC,Diameter arcmin
2020-06-01T00:00:00Z,58.20344494701342
2020-06-01T07:59:30Z,58.35699684488635
2020-06-01T15:59:00Z,58.50857902968412
2020-06-01T23:58:31Z,58.65811340831422
2020-06-02T07:58:01Z,58.805496360286774
2020-06-02T15:57:31Z,58.95064253169588
2020-06-02T23:57:02Z,59.09346590217335
2020-06-03T07:56:32Z,59.23386536014471
2020-06-03T15:56:02Z,59.37175461553768
2020-06-03T23:55:33Z,59.50704704265579
2020-06-04T07:55:03Z,59.639642097162
2020-06-04T15:54:33Z,59.7694536721722
2020-06-04T23:54:04Z,59.8963956963173
2020-06-05T07:53:34Z,60.02036947683101
2020-06-05T15:53:04Z,60.14129032495748
2020-06-05T23:52:35Z,60.25907399278481
2020-06-06T07:52:05Z,60.373625021939624
2020-06-06T15:51:36Z,60.48486527518875
2020-06-06T23:51:06Z,60.59270225460651
2020-06-07T07:50:36Z,60.697056611770066
2020-06-07T15:50:07Z,60.797850163362575
2020-06-07T23:49:37Z,60.8949960856053
2020-06-08T07:49:07Z,60.98842009735156
2020-06-08T15:48:38Z,61.0780495267388
2020-06-08T23:48:08Z,61.16380470495808
2020-06-09T07:47:38Z,61.24561781498976
2020-06-09T15:47:09Z,61.32342308354573
2020-06-09T23:46:39Z,61.397149433160735
2020-06-10T07:46:09Z,61.46673685672042
2020-06-10T15:45:40Z,61.53212779842073
2020-06-10T23:45:10Z,61.59326111794447
2020-06-11T07:44:41Z,61.650087761558716
2020-06-11T15:44:11Z,61.70255389461619
2020-06-11T23:43:41Z,61.750615218811156
2020-06-12T07:43:12Z,61.794230468066445
2020-06-12T15:42:42Z,61.83335765216477
2020-06-12T23:42:12Z,61.86796324821378
2020-06-13T07:41:43Z,61.89801703210629
2020-06-13T15:41:13Z,61.92348972768412
2020-06-13T23:40:43Z,61.944359342885605
2020-06-14T07:40:14Z,61.9606073734371
2020-06-14T15:39:44Z,61.972217875269465
2020-06-14T23:39:14Z,61.979180891035405
2020-06-15T07:38:45Z,61.981488603254405
2020-06-15T15:38:15Z,61.97914009525556
2020-06-15T23:37:45Z,61.97213785850559
2020-06-16T07:37:16Z,61.96048781201138
2020-06-16T15:36:46Z,61.94420140875654
2020-06-16T23:36:17Z,61.92329237103382
2020-06-17T07:35:47Z,61.89778118052095
2020-06-17T15:35:17Z,61.867690345544624
2020-06-17T23:34:48Z,61.83304580697556
2020-06-18T07:34:18Z,61.793881200483966
2020-06-18T15:33:48Z,61.75023055299496
2020-06-18T23:33:19Z,61.70213110802138
2020-06-19T07:32:49Z,61.64962894864759
2020-06-19T15:32:19Z,61.592768861648786
2020-06-19T23:31:50Z,61.53159856104029
2020-06-20T07:31:20Z,61.46617563093525
2020-06-20T15:30:50Z,61.39655464153521
2020-06-20T23:30:21Z,61.32279274038447
2020-06-21T07:29:51Z,61.24495786456341
2020-06-21T15:29:22Z,61.163110300027405
2020-06-21T23:28:52Z,61.07732416860174
2020-06-22T07:28:22Z,60.98766771465752
2020-06-22T15:27:53Z,60.89421108172117
2020-06-22T23:27:23Z,60.79703650704902
2020-06-23T07:26:53Z,60.69621867189217
2020-06-23T15:26:24Z,60.59183371778052
2020-06-23T23:25:54Z,60.48397054053591
2020-06-24T07:25:24Z,60.372708858811265
2020-06-24T15:24:55Z,60.25812940729103
2020-06-24T23:24:25Z,60.14032625608059
2020-06-25T07:23:55Z,60.01938275557394
2020-06-25T15:23:26Z,59.895382836762344
2020-06-25T23:22:56Z,59.76842427790857
2020-06-26T07:22:26Z,59.63859269081763
2020-06-26T15:21:57Z,59.50597385330357
2020-06-26T23:21:27Z,59.3706678424906
2020-06-27T07:20:58Z,59.23275639527099
2020-06-27T15:20:28Z,59.092340381125524
2020-06-27T23:19:58Z,58.949506343130295
2020-06-28T07:19:29Z,58.80434037127159
2020-06-28T15:18:59Z,58.656943488797566
2020-06-28T23:18:29Z,58.50740127829105
2020-06-29T07:18:00Z,58.355798547662395
2020-06-29T15:17:30Z,58.20223537412087
2020-06-29T23:17:00Z,58.04679537749102
2020-06-30T07:16:31Z,57.88956112896765
2020-06-30T15:16:01Z,57.73063077054651
2020-06-30T23:15:31Z,57.57008512505163
2020-07-01T07:15:02Z,57.4080037560571
2020-07-01T15:14:32Z,57.24448204571488
2020-07-01T23:14:03Z,57.07959156567977
2020-07-02T07:13:33Z,56.913425469140684
2020-07-02T15:13:03Z,56.74605843290293
2020-07-02T23:12:34Z,56.577563608722826
2020-07-03T07:12:04Z,56.40803033116008
2020-07-03T15:11:34Z,56.23752893065293
2020-07-03T23:11:05Z,56.06612811177736
2020-07-04T07:10:35Z,55.89391294195929
2020-07-04T15:10:05Z,55.72094907311905
2020-07-04T23:09:36Z,55.547300470486405
2020-07-05T07:09:06Z,55.37304761150942
2020-07-05T15:08:36Z,55.19825125479826
2020-07-05T23:08:07Z,55.02297044588683
2020-07-06T07:07:37Z,54.84728087013366
2020-07-06T15:07:07Z,54.671238284045515
2020-07-06T23:06:38Z,54.49489673625061
2020-07-07T07:06:08Z,54.31832700940729
2020-07-07T15:05:39Z,54.141573697850454
2020-07-07T23:05:09Z,53.96470430144461
2020-07-08T07:04:39Z,53.78776624503576
2020-07-08T15:04:10Z,53.610805307783764
2020-07-08T23:03:40Z,53.433884098012015
2020-07-09T07:03:10Z,53.257045160645546
2020-07-09T15:02:41Z,53.080329458128794
2020-07-09T23:02:11Z,52.90379480189182
2020-07-10T07:01:41Z,52.727479016520725
2020-07-10T15:01:12Z,52.551418421264245
2020-07-10T23:00:42Z,52.37566617634557
2020-07-11T07:00:12Z,52.20025558803561
2020-07-11T14:59:43Z,52.02521854474132
2020-07-11T22:59:13Z,51.850603740589754
2020-07-12T06:58:44Z,51.676434151681825
2020-07-12T14:58:14Z,51.50275561241173
2020-07-12T22:57:44Z,51.329594428574616
2020-07-13T06:57:15Z,51.15697564725976
2020-07-13T14:56:45Z,50.98494100551406
2020-07-13T22:56:15Z,50.813512958276824
2020-07-14T06:55:46Z,50.64271260330659
2020-07-14T14:55:16Z,50.47257797123857
2020-07-14T22:54:46Z,50.30312800091832
2020-07-15T06:54:17Z,50.1343805113322
2020-07-15T14:53:47Z,49.96636978132722
2020-07-15T22:53:17Z,49.79911138714772
2020-07-16T06:52:48Z,49.632619945309585
2020-07-16T14:52:18Z,49.46692638477498
2020-07-16T22:51:49Z,49.302037537758814
2020-07-17T06:51:19Z,49.137982239752404
2020-07-17T14:50:49Z,48.97477117056004
2020-07-17T22:50:20Z,48.81241420795003
2020-07-18T06:49:50Z,48.65093725293324
2020-07-18T14:49:20Z,48.49034839831043
2020-07-18T22:48:51Z,48.330655024108225
2020-07-19T06:48:21Z,48.171880336437916
2020-07-19T14:47:51Z,48.01403009066693
2020-07-19T22:47:22Z,47.857109413545764
2020-07-20T06:46:52Z,47.70113904628752
2020-07-20T14:46:22Z,47.54612264428464
2020-07-20T22:45:53Z,47.39206331310972
2020-07-21T06:45:23Z,47.238979547215166
2020-07-21T14:44:53Z,47.08687312489246
2020-07-21T22:44:24Z,46.93574534797295
2020-07-22T06:43:54Z,46.78561266967958
2020-07-22T14:43:25Z,46.636470032960105
2020-07-22T22:42:55Z,46.48833263793211
2020-07-23T06:42:25Z,46.3411995897183
2020-07-23T14:41:56Z,46.195069627063226
2020-07-23T22:41:26Z,46.04995622212839
2020-07-24T06:40:56Z,45.905857125026934
2020-07-24T14:40:27Z,45.76276977825721
2020-07-24T22:39:57Z,45.62070609600593
2020-07-25T06:39:27Z,45.47966264019742
2020-07-25T14:38:58Z,45.33963572025258
2020-07-25T22:38:28Z,45.20063585031582
2020-07-26T06:37:58Z,45.06265856138321
2020-07-26T14:37:29Z,44.92569917972672
2020-07-26T22:36:59Z,44.78976696232093
2020-07-27T06:36:30Z,44.654851878138345
2020-07-27T14:36:00Z,44.52096242038707
2020-07-27T22:35:30Z,44.38809270678769
2020-07-28T06:35:01Z,44.25623672026205
2020-07-28T14:34:31Z,44.125401911053466
2020-07-28T22:34:01Z,43.995581711560476
2020-07-29T06:33:32Z,43.866769455893184
2020-07-29T14:33:02Z,43.73897166425296
2020-07-29T22:32:32Z,43.612181191368315
2020-07-30T06:32:03Z,43.48639082634583
2020-07-30T14:31:33Z,43.361606261946314
2020-07-30T22:31:03Z,43.23781987210614
2020-07-31T06:30:34Z,43.11502399416836
2020-07-31T14:30:04Z,42.993223586269714
2020-07-31T22:29:34Z,42.87241062834372
2020-08-01T06:29:05Z,42.7525770894181
2020-08-01T14:28:35Z,42.63372727697936
2020-08-01T22:28:06Z,42.51584876851352
2020-08-02T06:27:36Z,42.39894547231485
2020-08-02T14:27:06Z,42.28300887996182
2020-08-02T22:26:37Z,42.168030508292496
2020-08-03T06:26:07Z,42.05401374414419
2020-08-03T14:25:37Z,41.940949873251924
2020-08-03T22:25:08Z,41.82883022474462
2020-08-04T06:24:38Z,41.71765771919153
2020-08-04T14:24:08Z,41.60742349297687
2020-08-04T22:23:39Z,41.49811874164776
2020-08-05T06:23:09Z,41.38974597603392
2020-08-05T14:22:39Z,41.28229623298403
2020-08-05T22:22:10Z,41.17576062216797
2020-08-06T06:21:40Z,41.07014129518936
2020-08-06T14:21:11Z,40.965425609285965
2020-08-06T22:20:41Z,40.86161550192375
2020-08-07T06:20:11Z,40.75870193879359
2020-08-07T14:19:42Z,40.656675976997136
2020-08-07T22:19:12Z,40.55553926713989
2020-08-08T06:18:42Z,40.45528278052945
2020-08-08T14:18:13Z,40.35589758865016
2020-08-08T22:17:43Z,40.25738509145724
2020-08-09T06:17:13Z,40.1597362975772
2020-08-09T14:16:44Z,40.0629423224376
2020-08-09T22:16:14Z,39.96700435015648
2020-08-10T06:15:44Z,39.87191345093276
2020-08-10T14:15:15Z,39.77766080917283
2020-08-10T22:14:45Z,39.68424742148503
2020-08-11T06:14:15Z,39.59166444366623
2020-08-11T14:13:46Z,39.49990315084821
2020-08-11T22:13:16Z,39.408964377974215
2020-08-12T06:12:47Z,39.31883626750558
2020-08-12T14:12:17Z,39.22951955948229
2020-08-12T22:11:47Z,39.14100559446994
2020-08-13T06:11:18Z,39.05328583878685
2020-08-13T14:10:48Z,38.96636090737883
2020-08-13T22:10:18Z,38.88022227241451
2020-08-14T06:09:49Z,38.7948615345463
2020-08-14T14:09:19Z,38.71027920212645
2020-08-14T22:08:49Z,38.62646689150876
2020-08-15T06:08:20Z,38.54341634954883
2020-08-15T14:07:50Z,38.46112799405889
2020-08-15T22:07:20Z,38.379593594938534
2020-08-16T06:06:51Z,38.298805056409364
2020-08-16T14:06:21Z,38.21876272037669
2020-08-16T22:05:52Z,38.139455777403725
2020-08-17T06:05:22Z,38.06088452582487
2020-08-17T14:04:52Z,37.983041012713514
2020-08-17T22:04:23Z,37.90591741808102
2020-08-18T06:03:53Z,37.82951398387796
2020-08-18T14:03:23Z,37.75382293126393
2020-08-18T22:02:54Z,37.678836614541616
2020-08-19T06:02:24Z,37.604555229320304
2020-08-19T14:01:54Z,37.530971175483906
2020-08-19T22:01:25Z,37.45807698577788
2020-08-20T06:00:55Z,37.385872818055454
2020-08-20T14:00:25Z,37.314351254417325
2020-08-20T21:59:56Z,37.24350500922891
2020-08-21T05:59:26Z,37.17333421001242
2020-08-21T13:58:57Z,37.1038292193232
2020-08-21T21:58:27Z,37.0349901480768
2020-08-22T05:57:57Z,36.966809887136925
2020-08-22T13:57:28Z,36.89928145790494
2020-08-22T21:56:58Z,36.83240495007027
2020-08-23T05:56:28Z,36.76617344262658
2020-08-23T13:55:59Z,36.70058014280841
2020-08-23T21:55:29Z,36.63562512610449
2020-08-24T05:54:59Z,36.57130165727146
2020-08-24T13:54:30Z,36.507603129726604
2020-08-24T21:54:00Z,36.44452960796047
2020-08-25T05:53:30Z,36.38207454413985
2020-08-25T13:53:01Z,36.320231516919364
2020-08-25T21:52:31Z,36.25900058322861
2020-08-26T05:52:01Z,36.19837538157958
2020-08-26T13:51:32Z,36.13834967530286
2020-08-26T21:51:02Z,36.07892351678682
2020-08-27T05:50:33Z,36.020088695040876
2020-08-27T13:50:03Z,35.961845260817
2020-08-27T21:49:33Z,35.90418716040765
2020-08-28T05:49:04Z,35.847108461952025
2020-08-28T13:48:34Z,35.79060921550513
2020-08-28T21:48:04Z,35.734683549783966
2020-08-29T05:47:35Z,35.679325713483884
2020-08-29T13:47:05Z,35.624535757606395
2020-08-29T21:46:35Z,35.570307990214936
2020-08-30T05:46:06Z,35.51663683959479
2020-08-30T13:45:36Z,35.4635223569197
2020-08-30T21:45:06Z,35.410959028186554
2020-08-31T05:44:37Z,35.35894145716063
2020-08-31T13:44:07Z,35.30746970089563
2020-08-31T21:43:38Z,35.25653666118458
2020-09-01T05:43:08Z,35.20614239799615
2020-09-01T13:42:38Z,35.15628169001521
2020-09-01T21:42:09Z,35.10694942879691
2020-09-02T05:41:39Z,35.05814567908529
2020-09-02T13:41:09Z,35.00986539088837
2020-09-02T21:40:40Z,34.962103625124
2020-09-03T05:40:10Z,34.91486045174918
2020-09-03T13:39:40Z,34.86813098933502
2020-09-03T21:39:11Z,34.82191046541985
2020-09-04T05:38:41Z,34.77619895544224
2020-09-04T13:38:11Z,34.73099174371699
2020-09-04T21:37:42Z,34.68628422159692
2020-09-05T05:37:12Z,34.64207647011151
2020-09-05T13:36:42Z,34.59836393649499
2020-09-05T21:36:13Z,34.55514217363199
2020-09-06T05:35:43Z,34.512411267501456
2020-09-06T13:35:14Z,34.47016536535834
2020-09-06T21:34:44Z,34.428404557438576
2020-09-07T05:34:14Z,34.387124555980236
2020-09-07T13:33:45Z,34.34632117525964
2020-09-07T21:33:15Z,34.305994510798186
2020-09-08T05:32:45Z,34.26614043000997
2020-09-08T13:32:16Z,34.226754900536164
2020-09-08T21:31:46Z,34.18783802289655
2020-09-09T05:31:16Z,34.149385816815155
2020-09-09T13:30:47Z,34.11139440080053
2020-09-09T21:30:17Z,34.07386388252816
2020-09-10T05:29:47Z,34.03679043189014
2020-09-10T13:29:18Z,34.00017031523812
2020-09-10T21:28:48Z,33.96400363903207
2020-09-11T05:28:19Z,33.928285484346496
2020-09-11T13:27:49Z,33.89301596314392
2020-09-11T21:27:19Z,33.85819148765037
2020-09-12T05:26:50Z,33.823808564077666
2020-09-12T13:26:20Z,33.78986730764994
2020-09-12T21:25:50Z,33.75636427265267
2020-09-13T05:25:21Z,33.723296105743756
2020-09-13T13:24:51Z,33.690662925268
2020-09-13T21:24:21Z,33.658461425014025
2020-09-14T05:23:52Z,33.62668839007397
2020-09-14T13:23:22Z,33.59534394113964
2020-09-14T21:22:52Z,33.56442490852082
2020-09-15T05:22:23Z,33.53392821227772
2020-09-15T13:21:53Z,33.50385397500626
2020-09-15T21:21:23Z,33.47419916186016
2020-09-16T05:20:54Z,33.44496082589676
2020-09-16T13:20:24Z,33.41613909100553
2020-09-16T21:19:55Z,33.387730074102286
2020-09-17T05:19:25Z,33.35973389962741
2020-09-17T13:18:55Z,33.33214775145092
2020-09-17T21:18:26Z,33.30496889907592
2020-09-18T05:17:56Z,33.27819746729913
2020-09-18T13:17:26Z,33.251830768152224
2020-09-18T21:16:57Z,33.225866198008504
2020-09-19T05:16:27Z,33.200303881464336
2020-09-19T13:15:57Z,33.17514125652316
2020-09-19T21:15:28Z,33.15037584476936
2020-09-20T05:14:58Z,33.12600776954483
2020-09-20T13:14:28Z,33.10203459269275
2020-09-20T21:13:59Z,33.07845395798481
2020-09-21T05:13:29Z,33.05526598868048
2020-09-21T13:13:00Z,33.03246758276407
2020-09-21T21:12:30Z,33.01005886096928
2020-09-22T05:12:00Z,32.988037587107414
2020-09-22T13:11:31Z,32.966401605073564
2020-09-22T21:11:01Z,32.94515103410908
2020-09-23T05:10:31Z,32.92428375668196
2020-09-23T13:10:02Z,32.90379773431088
2020-09-23T21:09:32Z,32.883693083576226
2020-09-24T05:09:02Z,32.8639678038209
2020-09-24T13:08:33Z,32.84461997245995
2020-09-24T21:08:03Z,32.82564970293148
2020-09-25T05:07:33Z,32.80705510976262
2020-09-25T13:07:04Z,32.78883438462835
2020-09-25T21:06:34Z,32.77098763736248
2020-09-26T05:06:05Z,32.75351249514632
2020-09-26T13:05:35Z,32.736409065164956
2020-09-26T21:05:05Z,32.7196757278155
2020-09-27T05:04:36Z,32.70331070724139
2020-09-27T13:04:06Z,32.68731418346826
2020-09-27T21:03:36Z,32.67168457061489
2020-09-28T05:03:07Z,32.65642035793435
2020-09-28T13:02:37Z,32.64152164356458
2020-09-28T21:02:07Z,32.62698695120038
2020-09-29T05:01:38Z,32.61281487894577
2020-09-29T13:01:08Z,32.59900551982307
2020-09-29T21:00:38Z,32.58555750622669
2020-09-30T05:00:09Z,32.572469544090374
2020-09-30T12:59:39Z,32.55974172097397
2020-09-30T20:59:09Z,32.54737277661036
2020-10-01T04:58:40Z,32.53536152363685
2020-10-01T12:58:10Z,32.523708043821166
2020-10-01T20:57:41Z,32.51241079667086
2020-10-02T04:57:11Z,32.501469859921336
2020-10-02T12:56:41Z,32.490884149829526
2020-10-02T20:56:12Z,32.48065265464125
2020-10-03T04:55:42Z,32.47077544580673
2020-10-03T12:55:12Z,32.46125154423073
2020-10-03T20:54:43Z,32.45208004285647
2020-10-04T04:54:13Z,32.443261006051074
2020-10-04T12:53:43Z,32.43479355851128
2020-10-04T20:53:14Z,32.42667689601206
2020-10-05T04:52:44Z,32.418911077319294
2020-10-05T12:52:14Z,32.411495330266966
2020-10-05T20:51:45Z,32.40442895257818
2020-10-06T04:51:15Z,32.39771199539098
2020-10-06T12:50:46Z,32.3913435735531
2020-10-06T20:50:16Z,32.38532373343429
2020-10-07T04:49:46Z,32.379651873117346
2020-10-07T12:49:17Z,32.374327460838984
2020-10-07T20:48:47Z,32.36935053568917
2020-10-08T04:48:17Z,32.36472059722182
2020-10-08T12:47:48Z,32.360437214891185
2020-10-08T20:47:18Z,32.35650042037155
2020-10-09T04:46:48Z,32.35290981427812
2020-10-09T12:46:19Z,32.3496650669047
2020-10-09T20:45:49Z,32.34676620239401
2020-10-10T04:45:19Z,32.344212922059945
2020-10-10T12:44:50Z,32.34200499675878
2020-10-10T20:44:20Z,32.34014244286328
2020-10-11T04:43:50Z,32.338625062287036
2020-10-11T12:43:21Z,32.33745272623117
2020-10-11T20:42:51Z,32.33662544357023
2020-10-12T04:42:22Z,32.3361431059045
2020-10-12T12:41:52Z,32.336005717047435
2020-10-12T20:41:22Z,32.336213245456385
2020-10-13T04:40:53Z,32.33676572935724
2020-10-13T12:40:23Z,32.337663164782576
2020-10-13T20:39:53Z,32.338905620793604
2020-10-14T04:39:24Z,32.34049323584301
2020-10-14T12:38:54Z,32.3424259982734
2020-10-14T20:38:24Z,32.34470407741378
2020-10-15T04:37:55Z,32.34732771206149
2020-10-15T12:37:25Z,32.3502968829146
2020-10-15T20:36:55Z,32.353611859724246
2020-10-16T04:36:26Z,32.35727298183478
2020-10-16T12:35:56Z,32.36128022236654
2020-10-16T20:35:27Z,32.36563410908701
2020-10-17T04:34:57Z,32.370334610116124
2020-10-17T12:34:27Z,32.375382163153525
2020-10-17T20:33:58Z,32.380777276429484
2020-10-18T04:33:28Z,32.38651991007391
2020-10-18T12:32:58Z,32.39261060300015
2020-10-18T20:32:29Z,32.399049964335006
2020-10-19T04:31:59Z,32.40583794808794
2020-10-19T12:31:29Z,32.41297519513215
2020-10-19T20:31:00Z,32.420462415890476
2020-10-20T04:30:30Z,32.428299556721726
2020-10-20T12:30:00Z,32.43648736061522
2020-10-20T20:29:31Z,32.44502664139255
2020-10-21T04:29:01Z,32.453917338511154
2020-10-21T12:28:31Z,32.46316029790888
2020-10-21T20:28:02Z,32.47275643676256
2020-10-22T04:27:32Z,32.482705687849226
2020-10-22T12:27:03Z,32.493009365083076
2020-10-22T20:26:33Z,32.50366739692337
2020-10-23T04:26:03Z,32.514680802577494
2020-10-23T12:25:34Z,32.526050673282725
2020-10-23T20:25:04Z,32.53777693124454
2020-10-24T04:24:34Z,32.54986070079041
2020-10-24T12:24:05Z,32.56230317882064
2020-10-24T20:23:35Z,32.57510428219572
2020-10-25T04:23:05Z,32.58826524077742
2020-10-25T12:22:36Z,32.601787358098086
2020-10-25T20:22:06Z,32.61567054475105
2020-10-26T04:21:36Z,32.629916138666026
2020-10-26T12:21:07Z,32.64452555140103
2020-10-26T20:20:37Z,32.659498687750926
2020-10-27T04:20:08Z,32.67483753312834
2020-10-27T12:19:38Z,32.6905419894843
2020-10-27T20:19:08Z,32.70661357564404
2020-10-28T04:18:39Z,32.723053885438496
2020-10-28T12:18:09Z,32.73986281613535
2020-10-28T20:17:39Z,32.75704199701879
2020-10-29T04:17:10Z,32.77459313316387
2020-10-29T12:16:40Z,32.79251611756009
2020-10-29T20:16:10Z,32.810812691349696
2020-10-30T04:15:41Z,32.82948467230561
2020-10-30T12:15:11Z,32.848531949567715
2020-10-30T20:14:41Z,32.86795637762928
2020-10-31T04:14:12Z,32.88775988850669
2020-10-31T12:13:42Z,32.90794236793872
2020-10-31T20:13:13Z,32.928506506714086
2020-11-01T04:12:43Z,32.94945218858669
2020-11-01T12:12:13Z,32.970781460532855
2020-11-01T20:11:44Z,32.99249644865685
2020-11-02T04:11:14Z,33.0145970341853
2020-11-02T12:10:44Z,33.037085381924975
2020-11-02T20:10:15Z,33.05996373663363
2020-11-03T04:09:45Z,33.08323222409442
2020-11-03T12:09:15Z,33.10689295309368
2020-11-03T20:08:46Z,33.13094821901776
2020-11-04T04:08:16Z,33.15539789931094
2020-11-04T12:07:46Z,33.18024439987746
2020-11-04T20:07:17Z,33.20549020844004
2020-11-05T04:06:47Z,33.231135199821246
2020-11-05T12:06:17Z,33.25718190287808
2020-11-05T20:05:48Z,33.28363293326462
2020-11-06T04:05:18Z,33.310488166891275
2020-11-06T12:04:49Z,33.337751213466234
2020-11-06T20:04:19Z,33.36542194884897
2020-11-07T04:03:49Z,33.393503113011974
2020-11-07T12:03:20Z,33.42199753167031
2020-11-07T20:02:50Z,33.45090508111124
2020-11-08T04:02:20Z,33.48022863060569
2020-11-08T12:01:51Z,33.50997113651111
2020-11-08T20:01:21Z,33.54013247610137
2020-11-09T04:00:51Z,33.570715650745115
2020-11-09T12:00:22Z,33.601723750215434
2020-11-09T19:59:52Z,33.63315665248435
2020-11-10T03:59:22Z,33.66501749245579
2020-11-10T11:58:53Z,33.69730949500588
2020-11-10T19:58:23Z,33.730032541077954
2020-11-11T03:57:54Z,33.763191062135526
2020-11-11T11:57:24Z,33.7967849409298
2020-11-11T19:56:54Z,33.83081754149523
2020-11-12T03:56:25Z,33.86529231986938
2020-11-12T11:55:55Z,33.900209161732384
2020-11-12T19:55:25Z,33.935571571700166
2020-11-13T03:54:56Z,33.9713831497204
2020-11-13T11:54:26Z,34.00764378563726
2020-11-13T19:53:56Z,34.04435712562896
2020-11-14T03:53:27Z,34.081526913524826
2020-11-14T11:52:57Z,34.11915304256492
2020-11-14T19:52:27Z,34.157239307003834
2020-11-15T03:51:58Z,34.19578959855068
2020-11-15T11:51:28Z,34.23480381491709
2020-11-15T19:50:58Z,34.27428589931151
2020-11-16T03:50:29Z,34.31423989469477
2020-11-16T11:49:59Z,34.354665704222036
2020-11-16T19:49:30Z,34.39556885183018
2020-11-17T03:49:00Z,34.43694924354265
2020-11-17T11:48:30Z,34.47881107709783
2020-11-17T19:48:01Z,34.52115865243995
2020-11-18T03:47:31Z,34.56399188098372
2020-11-18T11:47:01Z,34.607315116992275
2020-11-18T19:46:32Z,34.651132818789634
2020-11-19T03:46:02Z,34.695444903390346
2020-11-19T11:45:32Z,34.74025588445142
2020-11-19T19:45:03Z,34.78557038158029
2020-11-20T03:44:33Z,34.83138831748393
2020-11-20T11:44:03Z,34.87771436807667
2020-11-20T19:43:34Z,34.924553317145936
2020-11-21T03:43:04Z,34.9719050931023
2020-11-21T11:42:35Z,35.01977620986897
2020-11-21T19:42:05Z,35.06816659957546
2020-11-22T03:41:35Z,35.11708121487378
2020-11-22T11:41:06Z,35.166525119529126
2020-11-22T19:40:36Z,35.2164982510168
2020-11-23T03:40:06Z,35.26700573160915
2020-11-23T11:39:37Z,35.318052796646846
2020-11-23T19:39:07Z,35.369639388758934
2020-11-24T03:38:37Z,35.42177080274802
2020-11-24T11:38:08Z,35.47445244846137
2020-11-24T19:37:38Z,35.52768427252905
2020-11-25T03:37:08Z,35.58147174660779
2020-11-25T11:36:39Z,35.63582045930947
2020-11-25T19:36:09Z,35.6907303606657
2020-11-26T03:35:39Z,35.746207097901944
2020-11-26T11:35:10Z,35.80225643719276
2020-11-26T19:34:40Z,35.85887833074991
2020-11-27T03:34:11Z,35.916080603731125
2020-11-27T11:33:41Z,35.973863208992526
2020-11-27T19:33:11Z,36.03223209429872
2020-11-28T03:32:42Z,36.09119332951883
2020-11-28T11:32:12Z,36.15074686699369
2020-11-28T19:31:42Z,36.21089883734013
2020-11-29T03:31:13Z,36.271655495128215
2020-11-29T11:30:43Z,36.333016790029085
2020-11-29T19:30:13Z,36.39498903703299
2020-11-30T03:29:44Z,36.45757867661335
2020-11-30T11:29:14Z,36.520785652713535
2020-11-30T19:28:44Z,36.58461646656751
2020-12-01T03:28:15Z,36.64907774614905
2020-12-01T11:27:45Z,36.71416942761811
2020-12-01T19:27:16Z,36.779900493361
2020-12-02T03:26:46Z,36.84627087181437
2020-12-02T11:26:16Z,36.913287374187526
2020-12-02T19:25:47Z,36.98095694147291
2020-12-03T03:25:17Z,37.049279487162494
2020-12-03T11:24:47Z,37.11826200882726
2020-12-03T19:24:18Z,37.18791163508091
2020-12-04T03:23:48Z,37.25822825959001
2020-12-04T11:23:18Z,37.32921906549186
2020-12-04T19:22:49Z,37.40089136802465
2020-12-05T03:22:19Z,37.47324503532245
2020-12-05T11:21:49Z,37.54628743454222
2020-12-05T19:21:20Z,37.62002606576983
2020-12-06T03:20:50Z,37.69446076497188
2020-12-06T11:20:20Z,37.76959908092655
2020-12-06T19:19:51Z,37.8454486958877
2020-12-07T03:19:21Z,37.922009405974144
2020-12-07T11:18:52Z,37.99929163689616
2020-12-07T19:18:22Z,38.077295153369455
2020-12-08T03:17:52Z,38.15602779876387
2020-12-08T11:17:23Z,38.23549755015206
2020-12-08T19:16:53Z,38.315704116944126
2020-12-09T03:16:23Z,38.396655512630176
2020-12-09T11:15:54Z,38.47835988392237
2020-12-09T19:15:24Z,38.56081687381573
2020-12-10T03:14:54Z,38.64403465918464
2020-12-10T11:14:25Z,38.72802154923248
2020-12-10T19:13:55Z,38.812777107882404
2020-12-11T03:13:25Z,38.89830966717809
2020-12-11T11:12:56Z,38.9846276900842
2020-12-11T19:12:26Z,39.0717306470619
2020-12-12T03:11:57Z,39.15963008440976
2020-12-12T11:11:27Z,39.248325401372604
2020-12-12T19:10:57Z,39.33782516566847
2020-12-13T03:10:28Z,39.428138072215106
2020-12-13T11:09:58Z,39.51926339847104
2020-12-13T19:09:28Z,39.611209837489206
2020-12-14T03:08:59Z,39.70398620444381
2020-12-14T11:08:29Z,39.79759163585058
2020-12-14T19:07:59Z,39.89203493315765
2020-12-15T03:07:30Z,39.98732501811635
2020-12-15T11:07:00Z,40.08346086345612
2020-12-15T19:06:30Z,40.18045136240096
2020-12-16T03:06:01Z,40.278305523922825
2020-12-16T11:05:31Z,40.377022133187424
2020-12-16T19:05:02Z,40.476613632310034
2020-12-17T03:04:32Z,40.57707866698663
2020-12-17T11:04:02Z,40.67842623886515
2020-12-17T19:03:33Z,40.78066545632814
2020-12-18T03:03:03Z,40.883794733101325
2020-12-18T11:02:33Z,40.987823106560484
2020-12-18T19:02:04Z,41.09275971503593
2020-12-19T03:01:34Z,41.198602712656566
2020-12-19T11:01:04Z,41.305361150406384
2020-12-19T19:00:35Z,41.41304417510656
2020-12-20T03:00:05Z,41.521649655414464
2020-12-20T10:59:35Z,41.63118663640249
2020-12-20T18:59:06Z,41.741664259110934
2020-12-21T02:58:36Z,41.853080090489414
2020-12-21T10:58:06Z,41.965443166118646
2020-12-21T18:57:37Z,42.07876261970732
2020-12-22T02:57:07Z,42.19303572404255
2020-12-22T10:56:38Z,42.30827555264446
2020-12-22T18:56:08Z,42.42447921543993
2020-12-23T02:55:38Z,42.541655831436636
2020-12-23T10:55:09Z,42.65981469353413
2020-12-23T18:54:39Z,42.778952847659916
2020-12-24T02:54:09Z,42.899079784695594
2020-12-24T10:53:40Z,43.02020537918264
2020-12-24T18:53:10Z,43.14232727473617
2020-12-25T02:52:40Z,43.26545642222879
2020-12-25T10:52:11Z,43.38960509896387
2020-12-25T18:51:41Z,43.51477473522276
2020-12-26T02:51:11Z,43.640983732825646
2020-12-26T10:50:42Z,43.76825924928143
2020-12-26T18:50:12Z,43.89663697135224
2020-12-27T02:49:43Z,44.0262465195695
2020-12-27T10:49:13Z,44.15787487278239
2020-12-27T18:48:43Z,44.29412518076171
2020-12-28T02:48:14Z,44.42649896987969
2020-12-28T10:47:44Z,44.55966999792755
2020-12-28T18:47:14Z,44.69387566470062
2020-12-29T02:46:45Z,44.829188153941516
2020-12-29T10:46:15Z,44.9656292040893
2020-12-29T18:45:45Z,45.103221739323324
2020-12-30T02:45:16Z,45.24198300719777
2020-12-30T10:44:46Z,45.381912611650655
2020-12-30T18:44:16Z,45.523022767107655
2020-12-31T02:43:47Z,45.66532459070937
2020-12-31T10:43:17Z,45.80881343169144
2020-12-31T18:42:47Z,45.95349874024865
2021-01-01T02:42:18Z,46.099389528474525
2021-01-01T10:41:48Z,46.24647903992069
2021-01-01T18:41:19Z,46.39478038978807
2021-01-02T02:40:49Z,46.54428568276367
2021-01-02T10:40:19Z,46.69499869154698
2021-01-02T18:39:50Z,46.84693190248251
2021-01-03T02:39:20Z,47.000073404995184
2021-01-03T10:38:50Z,47.1544289946854
2021-01-03T18:38:21Z,47.310004143826596
2021-01-04T02:37:51Z,47.46678757358952
2021-01-04T10:37:21Z,47.6247836801725
2021-01-04T18:36:52Z,47.7839964861096
2021-01-05T02:36:22Z,47.94441282431414
2021-01-05T10:35:52Z,48.10603551993396
2021-01-05T18:35:23Z,48.26886695384864
2021-01-06T02:34:53Z,48.43289187045268
2021-01-06T10:34:24Z,48.5981170726196
2021-01-06T18:33:54Z,48.76452578537822
2021-01-07T02:33:24Z,48.9321177233448
2021-01-07T10:32:55Z,49.10089201834537
2021-01-07T18:32:25Z,49.270829406667445
2021-01-08T02:31:55Z,49.441927393533696
2021-01-08T10:31:26Z,49.6141828048989
2021-01-08T18:30:56Z,49.78757361273614
2021-01-09T02:30:26Z,49.96209482325845
2021-01-09T10:29:57Z,50.13774065875635
2021-01-09T18:29:27Z,50.31448603013838
2021-01-10T02:28:57Z,50.492323131151274
2021-01-10T10:28:28Z,50.67124325719777
2021-01-10T18:27:58Z,50.85121794051409
2021-01-11T02:27:28Z,51.032236225649754
2021-01-11T10:26:59Z,51.21428613827403
2021-01-11T18:26:29Z,51.39733549272802
2021-01-12T02:26:00Z,51.58137623924947
2021-01-12T10:25:30Z,51.766373523448394
2021-01-12T18:25:00Z,51.95231033615961
2021-01-13T02:24:31Z,52.13916842807653
2021-01-13T10:24:01Z,52.326908636424754
2021-01-13T18:23:31Z,52.51550981156172
2021-01-14T02:23:02Z,52.70494942459864
2021-01-14T10:22:32Z,52.89518363644469
2021-01-14T18:22:02Z,53.08618676255928
2021-01-15T02:21:33Z,53.27793159676352
2021-01-15T10:21:03Z,53.470369254446226
2021-01-15T18:20:33Z,53.663469118754556
2021-01-16T02:20:04Z,53.85719890813406
2021-01-16T10:19:34Z,54.051504330423036
2021-01-16T18:19:05Z,54.24635622617339
2021-01-17T02:18:35Z,54.44169650515191
2021-01-17T10:18:05Z,54.63748546720962
2021-01-17T18:17:36Z,54.83368151654642
2021-01-18T02:17:06Z,55.03022060098301
2021-01-18T10:16:36Z,55.22705709455358
2021-01-18T18:16:07Z,55.424143336853895
2021-01-19T02:15:37Z,55.62140902423174
2021-01-19T10:15:07Z,55.81880227250911
2021-01-19T18:14:38Z,56.01626906085525
2021-01-20T02:14:08Z,56.21373258901679
2021-01-20T10:13:38Z,56.41113445407895
2021-01-20T18:13:09Z,56.6084140310451
2021-01-21T02:12:39Z,56.80548789224397
2021-01-21T10:12:10Z,57.00229777570653
2021-01-21T18:11:40Z,57.19875578935366
2021-01-22T02:11:10Z,57.394792313274245
2021-01-22T10:10:41Z,57.59033541605723
2021-01-22T18:10:11Z,57.78529053438183
2021-01-23T02:09:41Z,57.97958126804937
2021-01-23T10:09:12Z,58.17312890289233
2021-01-23T18:08:42Z,58.36583236428987
2021-01-24T02:08:12Z,58.557608600891754
2021-01-24T10:07:43Z,58.748372288797164
2021-01-24T18:07:13Z,58.938016132242005
2021-01-25T02:06:43Z,59.12645069900403
2021-01-25T10:06:14Z,59.31358439349465
2021-01-25T18:05:44Z,59.49930419491072
2021-01-26T02:05:14Z,59.68351475849607
2021-01-26T10:04:45Z,59.86611874313922
2021-01-26T18:04:15Z,60.04699809204956
2021-01-27T02:03:46Z,60.22605840282269
2021-01-27T10:03:16Z,60.403178749387
2021-01-27T18:02:46Z,60.5782555145079
2021-01-28T02:02:17Z,60.75118351712723
2021-01-28T10:01:47Z,60.92183842692455
2021-01-28T18:01:17Z,61.09011296796919
2021-01-29T02:00:48Z,61.25589865881108
2021-01-29T10:00:18Z,61.41906904804574
2021-01-29T17:59:48Z,61.579514453348686
2021-01-30T01:59:19Z,61.737124417777565
2021-01-30T09:58:49Z,61.891771876404405
2021-01-30T17:58:19Z,62.043346213718166
2021-01-31T01:57:50Z,62.19173653874026
2021-01-31T09:57:20Z,62.33681688958895
2021-01-31T17:56:51Z,62.47848225158341
2021-02-01T01:56:21Z,62.61660844327301
2021-02-01T09:55:51Z,62.75108709714015
2021-02-01T17:55:22Z,62.88181052293755
2021-02-02T01:54:52Z,63.008658884789384
2021-02-02T09:54:22Z,63.13152768978036
2021-02-02T17:53:53Z,63.25031376358447
2021-02-03T01:53:23Z,63.364903717380066
2021-02-03T09:52:53Z,63.47519895684241
2021-02-03T17:52:24Z,63.58110285592368
2021-02-04T01:51:54Z,63.68251061629455
2021-02-04T09:51:24Z,63.779331586943265
2021-02-04T17:50:55Z,63.871477730091456
2021-02-05T01:50:25Z,63.958854952414576
2021-02-05T09:49:55Z,64.04138254353714
2021-02-05T17:49:26Z,64.11898302115891
2021-02-06T01:48:56Z,64.19157500302742
2021-02-06T09:48:27Z,64.25909184839898
2021-02-06T17:47:57Z,64.32146167567171
2021-02-07T01:47:27Z,64.37862440149951
2021-02-07T09:46:58Z,64.43052405716732
2021-02-07T17:46:28Z,64.477104351539
2021-02-08T01:45:58Z,64.518319639858
2021-02-08T09:45:29Z,64.55412880780617
2021-02-08T17:44:59Z,64.58449248299628
2021-02-09T01:44:29Z,64.60938062020983
2021-02-09T09:44:00Z,64.62876799566132
2021-02-09T17:43:30Z,64.64263311480502
2021-02-10T01:43:00Z,64.65096231403373
2021-02-10T09:42:31Z,64.6537469140275
2021-02-10T17:42:01Z,64.65098382032407
2021-02-11T01:41:32Z,64.64267572744448
2021-02-11T09:41:02Z,64.6288318783493
2021-02-11T17:40:32Z,64.60946649985179
2021-02-12T01:40:03Z,64.58459876447104
2021-02-12T09:39:33Z,64.55425619050281
2021-02-12T17:39:03Z,64.51846937828401
2021-02-13T01:38:34Z,64.47727366691242
2021-02-13T09:38:04Z,64.43071417637302
2021-02-13T17:37:34Z,64.37883709651592
2021-02-14T01:37:05Z,64.32169301956586
2021-02-14T09:36:35Z,64.25934358562522
2021-02-14T17:36:05Z,64.19184940585885
2021-02-15T01:35:36Z,64.11927504844687
2021-02-15T09:35:06Z,64.0416972343317
2021-02-15T17:34:36Z,63.95918950137102
2021-02-16T01:34:07Z,63.871828812939604
2021-02-16T09:33:37Z,63.77970522990609
2021-02-16T17:33:08Z,63.682900031248415
2021-02-17T01:32:38Z,63.58151109896328
2021-02-17T09:32:08Z,63.47562955049435
2021-02-17T17:31:39Z,63.36534890405054
2021-02-18T01:31:09Z,63.25077705161161
2021-02-18T09:30:39Z,63.13201302482423
2021-02-18T17:30:10Z,63.0091576070311
2021-02-19T01:29:40Z,62.88232656770772
2021-02-19T09:29:10Z,62.75162480579968
2021-02-19T17:28:41Z,62.617158325730614
2021-02-20T01:28:11Z,62.479048637564546
2021-02-20T09:27:41Z,62.33740448617591
2021-02-20T17:27:12Z,62.192335104012486
2021-02-21T01:26:42Z,62.04396566894387
2021-02-21T09:26:13Z,61.8924015154326
2021-02-21T17:25:43Z,61.7377691747678
2021-02-22T01:25:13Z,61.580179578191036
2021-02-22T09:24:44Z,61.41974320979301
2021-02-22T17:24:14Z,61.256587109978575
2021-02-23T01:23:44Z,61.09082124122501
2021-02-23T09:23:15Z,60.92255463942699
2021-02-23T17:22:45Z,60.75191320801609
2021-02-24T01:22:15Z,60.579004469443476
2021-02-24T09:21:46Z,60.40393461286817
2021-02-24T17:21:16Z,60.22682696883031
2021-02-25T01:20:46Z,60.04778536740767
2021-02-25T09:20:17Z,59.8669119725167
2021-02-25T17:19:47Z,59.68432633486784
2021-02-26T01:19:18Z,59.50012113598797
2021-02-26T09:18:48Z,59.31441285268859
2021-02-26T17:18:18Z,59.12729698536117
2021-02-27T01:17:49Z,58.93886697919624
2021-02-27T09:17:19Z,58.74923401914567
2021-02-27T17:16:49Z,58.558487667201035
2021-02-28T01:16:20Z,58.36671528152703
2021-02-28T09:15:50Z,58.174022139588715
2021-02-28T17:15:20Z,57.980491394296
2021-03-01T01:14:51Z,57.786203906195205
2021-03-01T09:14:21Z,57.59125862172613
2021-03-01T17:13:51Z,57.39573201380658
2021-03-02T01:13:22Z,57.199698238702844
2021-03-02T09:12:52Z,57.00324965485623
2021-03-02T17:12:22Z,56.806455931422235
2021-03-03T01:11:53Z,56.60938443388612
2021-03-03T09:11:23Z,56.412120830623394
2021-03-03T17:10:54Z,56.21472113625261
2021-03-04T01:10:24Z,56.01726656452544
2021-03-04T09:09:54Z,55.81981552836347
2021-03-04T17:09:25Z,55.62242424210738
2021-03-05T01:08:55Z,55.42516732515193
2021-03-05T09:08:25Z,55.22809665878637
2021-03-05T17:07:56Z,55.03126202485595
2021-03-06T01:07:26Z,54.834731630610584
2021-03-06T09:06:56Z,54.63855108912297
2021-03-06T17:06:27Z,54.44276403194492
2021-03-07T01:05:57Z,54.24743250495234
2021-03-07T09:05:27Z,54.05259617273727
2021-03-07T17:04:58Z,53.858292849330226
2021-03-08T01:04:28Z,53.66457872059743
2021-03-08T09:03:59Z,53.471481556068404
2021-03-08T17:03:29Z,53.279053025980076
2021-03-09T01:02:59Z,53.08732409168149
2021-03-09T09:02:30Z,52.8963236979257
2021-03-09T17:02:00Z,52.70609902224524
2021-03-10T01:01:30Z,52.51667568440981
2021-03-10T09:01:01Z,52.328077830865865
2021-03-10T17:00:31Z,52.140347718154814
2021-03-11T01:00:01Z,51.9535064237871
2021-03-11T08:59:32Z,51.767573693677036
2021-03-11T16:59:02Z,51.58258723356361
2021-03-12T00:58:32Z,51.398563975151156
2021-03-12T08:58:03Z,51.21551965635315
2021-03-12T16:57:33Z,51.033487798750954
2021-03-13T00:57:03Z,50.85248157500388
2021-03-13T08:56:34Z,50.672513096183614
2021-03-13T16:56:04Z,50.493612057053895
2021-03-14T00:55:35Z,50.31578208134733
2021-03-14T08:55:05Z,50.13905050442961
2021-03-14T16:54:35Z,49.96342505180071
2021-03-15T00:54:06Z,49.78891259195548
2021-03-15T08:53:36Z,49.61553720541934
2021-03-15T16:53:06Z,49.44330380028144
2021-03-16T00:52:37Z,49.272216548090405
2021-03-16T08:52:07Z,49.10229657084981
2021-03-16T16:51:37Z,48.93354629450607
2021-03-17T00:51:08Z,48.765967503899994
2021-03-17T08:50:38Z,48.599578665203836
2021-03-17T16:50:08Z,48.43438000897782
2021-03-18T00:49:39Z,48.27037121999101
2021-03-18T08:49:09Z,48.10756838173622
2021-03-18T16:48:40Z,47.94596420564719
2021-03-19T00:48:10Z,47.7855733281521
2021-03-19T08:47:40Z,47.62639291443159
2021-03-19T16:47:11Z,47.46841972438458
2021-03-20T00:46:41Z,47.31166642058495
2021-03-20T08:46:11Z,47.15612864827983
2021-03-20T16:45:42Z,47.00180172119664
2021-03-21T00:45:12Z,46.848696546195576
2021-03-21T08:44:42Z,46.69680746148567
2021-03-21T16:44:13Z,46.54612854008676
2021-03-22T00:43:43Z,46.39666913182946
2021-03-22T08:43:13Z,46.24842635654885
2021-03-22T16:42:44Z,46.10138539507153
2021-03-23T00:42:14Z,45.955558162178804
2021-03-23T08:41:44Z,45.81093693978201
2021-03-23T16:41:15Z,45.667513856834944
2021-03-24T00:40:45Z,45.52529567108291
2021-03-24T08:40:16Z,45.38426899578827
2021-03-24T16:39:46Z,45.244439863127305
2021-03-25T00:39:16Z,45.10579932200986
2021-03-25T08:38:47Z,44.96833834341031
2021-03-25T16:38:17Z,44.83206198154878
2021-03-26T00:37:47Z,44.696960720820485
2021-03-26T08:37:18Z,44.56302500563502
2021-03-26T16:36:48Z,44.430259034588694
2021-03-27T00:36:18Z,44.29865284112338
2021-03-27T08:35:49Z,44.168196451959545
2021-03-27T16:35:19Z,44.03889331938574
2021-03-28T00:34:49Z,43.910733126160125
2021-03-28T08:34:20Z,43.783705577271824
2021-03-28T16:33:50Z,43.65781347613587
2021-03-29T00:33:21Z,43.53304192608687
2021-03-29T08:32:51Z,43.40939364656224
2021-03-29T16:32:21Z,43.28685732897913
2021-03-30T00:31:52Z,43.16542262259773
2021-03-30T08:31:22Z,43.04509143700813
2021-03-30T16:30:52Z,42.9258529232017
2021-03-31T00:30:23Z,42.807696313769526
2021-03-31T08:29:53Z,42.690623079161085
2021-03-31T16:29:23Z,42.57462229258201
2021-04-01T00:28:54Z,42.45968311683565
2021-04-01T08:28:24Z,42.34580664387059
2021-04-01T16:27:54Z,42.23298192542647
2021-04-02T00:27:25Z,42.121198125567965
2021-04-02T08:26:55Z,42.010456017197015
2021-04-02T16:26:26Z,41.90074088000892
2021-04-03T00:25:56Z,41.792053300068766
2021-04-03T08:25:26Z,41.6843823908777
2021-04-03T16:24:57Z,41.57771739680628
2021-04-04T00:24:27Z,41.47205866025849
2021-04-04T08:23:57Z,41.36739538160882
2021-04-04T16:23:28Z,41.26371690069629
2021-04-05T00:22:58Z,41.161023355324815
2021-04-05T08:22:28Z,41.05930406433218
2021-04-05T16:21:59Z,40.95854849133943
2021-04-06T00:21:29Z,40.85875660364264
2021-04-06T08:20:59Z,40.759917862857776
2021-04-06T16:20:30Z,40.66202188255925
2021-04-07T00:20:00Z,40.56506848949684
2021-04-07T08:19:30Z,40.469047310801805
2021-04-07T16:19:01Z,40.37394812983797
2021-04-08T00:18:31Z,40.27977065867314
2021-04-08T08:18:02Z,40.18650148214701
2021-04-08T16:17:32Z,40.09414024857791
2021-04-09T00:17:02Z,40.002676899817374
2021-04-09T08:16:33Z,39.9121015387218
2021-04-09T16:16:03Z,39.82241373473279
2021-04-10T00:15:33Z,39.733603636833486
2021-04-10T08:15:04Z,39.64566155668409
2021-04-10T16:14:34Z,39.55858700250032
2021-04-11T00:14:04Z,39.472370340898635
2021-04-11T08:13:35Z,39.387002102091806
2021-04-11T16:13:05Z,39.30248174825284
2021-04-12T00:12:35Z,39.218799871874296
2021-04-12T08:12:06Z,39.135947230755505
2021-04-12T16:11:36Z,39.05392325277218
2021-04-13T00:11:07Z,38.972715954031536
2021-04-13T08:10:37Z,38.892324747915836
2021-04-13T16:10:07Z,38.81274061650277
2021-04-14T00:09:38Z,38.73395470504294
2021-04-14T08:09:08Z,38.655966411415754
2021-04-14T16:08:38Z,38.57876695668036
2021-04-15T00:08:09Z,38.502347724063604
2021-04-15T08:07:39Z,38.42670810434631
2021-04-15T16:07:09Z,38.35183955982111
2021-04-16T00:06:40Z,38.2777337135908
2021-04-16T08:06:10Z,38.20438995638955
2021-04-16T16:05:40Z,38.131799992848876
2021-04-17T00:05:11Z,38.05995568676501
2021-04-17T08:04:41Z,37.988856434691364
2021-04-17T16:04:11Z,37.91849418373206
2021-04-18T00:03:42Z,37.84886103826091
2021-04-18T08:03:12Z,37.779956405492165
2021-04-18T16:02:43Z,37.71177011679338
2021-04-19T00:02:13Z,37.64430158872512
2021-04-19T08:01:43Z,37.57754317218694
2021-04-19T16:01:14Z,37.51148736885453
2021-04-20T00:00:44Z,37.44613361179244
2021-04-20T08:00:14Z,37.38147448938914
2021-04-20T15:59:45Z,37.31750274140753
2021-04-20T23:59:15Z,37.25421782066946
2021-04-21T07:58:45Z,37.191612552317864
2021-04-21T15:58:16Z,37.12967991043278
2021-04-21T23:57:46Z,37.068419369393816
2021-04-22T07:57:16Z,37.00782398832716
2021-04-22T15:56:47Z,36.94788697278845
2021-04-22T23:56:17Z,36.88860782026308
2021-04-23T07:55:48Z,36.82997779418645
2021-04-23T15:55:18Z,36.77199640808005
2021-04-23T23:54:48Z,36.71465710396575
2021-04-24T07:54:19Z,36.657953466014675
2021-04-24T15:53:49Z,36.601885032452216
2021-04-24T23:53:19Z,36.546445470366564
2021-04-25T07:52:50Z,36.49162858639655
2021-04-25T15:52:20Z,36.43743394394319
2021-04-25T23:51:50Z,36.38385543141921
2021-04-26T07:51:21Z,36.3308870766045
2021-04-26T15:50:51Z,36.27852846628199
2021-04-26T23:50:21Z,36.2267737058726
2021-04-27T07:49:52Z,36.17561703559756
2021-04-27T15:49:22Z,36.12505806947399
2021-04-27T23:48:52Z,36.07509112683413
2021-04-28T07:48:23Z,36.0257106588083
2021-04-28T15:47:53Z,35.976916304389945
2021-04-28T23:47:24Z,35.92870092656818
2021-04-29T07:46:54Z,35.88106418073803
2021-04-29T15:46:24Z,35.834000733049216
2021-04-29T23:45:55Z,35.78750537725417
2021-04-30T07:45:25Z,35.74157779286097
2021-04-30T15:44:55Z,35.69621284869683
2021-04-30T23:44:26Z,35.65140553873759
2021-05-01T07:43:56Z,35.60715556590822
2021-05-01T15:43:26Z,35.56345799766961
2021-05-01T23:42:57Z,35.52030802422993
2021-05-02T07:42:27Z,35.47770536945217
2021-05-02T15:41:57Z,35.435645293346035
2021-05-02T23:41:28Z,35.394123178434135
2021-05-03T07:40:58Z,35.353138771690205
2021-05-03T15:40:29Z,35.31268612940202
2021-05-03T23:39:59Z,35.27276501294734
2021-05-04T07:39:29Z,35.233371000084084
2021-05-04T15:39:00Z,35.19449978521638
2021-05-04T23:38:30Z,35.15615114979118
2021-05-05T07:38:00Z,35.11832085580604
2021-05-05T15:37:31Z,35.08100477973692
2021-05-05T23:37:01Z,35.04420272216566
2021-05-06T07:36:31Z,35.00791062560481
2021-05-06T15:36:02Z,34.972124544960316
2021-05-06T23:35:32Z,34.936844298934304
2021-05-07T07:35:02Z,34.90206600691531
2021-05-07T15:34:33Z,34.867785898660884
2021-05-07T23:34:03Z,34.8340038099397
2021-05-08T07:33:33Z,34.800716033487745
2021-05-08T15:33:04Z,34.76791897047813
2021-05-08T23:32:34Z,34.73561247271482
2021-05-09T07:32:05Z,34.70379190530373
2021-05-09T15:31:35Z,34.672457130153354
2021-05-09T23:31:05Z,34.641604721384866
2021-05-10T07:30:36Z,34.611231362252354
2021-05-10T15:30:06Z,34.58133692617263
2021-05-10T23:29:36Z,34.55191815081915
2021-05-11T07:29:07Z,34.52297187845479
2021-05-11T15:28:37Z,34.49449799857878
2021-05-11T23:28:07Z,34.46649341126074
2021-05-12T07:27:38Z,34.43895511853564
2021-05-12T15:27:08Z,34.41188302220433
2021-05-12T23:26:38Z,34.38527418079671
2021-05-13T07:26:09Z,34.35912575323692
2021-05-13T15:25:39Z,34.33343765268263
2021-05-13T23:25:10Z,34.3082062242673
2021-05-14T07:24:40Z,34.28343138819152
2021-05-14T15:24:10Z,34.25911046089175
2021-05-14T23:23:41Z,34.23524085673908
2021-05-15T07:23:11Z,34.211822505741026
2021-05-15T15:22:41Z,34.18885287556797
2021-05-15T23:22:12Z,34.16632953045183
2021-05-16T07:21:42Z,34.1442524093336
2021-05-16T15:21:12Z,34.122619128651
2021-05-16T23:20:43Z,34.10142740010635
2021-05-17T07:20:13Z,34.080677172552896
2021-05-17T15:19:43Z,34.060366207571676
2021-05-17T23:19:14Z,34.04049236155661
2021-05-18T07:18:44Z,34.02105558885594
2021-05-18T15:18:15Z,34.00205314365121
2021-05-18T23:17:45Z,33.98348498473929
2021-05-19T07:17:15Z,33.96534911423453
2021-05-19T15:16:46Z,33.94764362643102
2021-05-19T23:16:16Z,33.930368486202156
2021-05-20T07:15:46Z,33.91352183653972
2021-05-20T15:15:17Z,33.89710191159921
2021-05-20T23:14:47Z,33.88110868165222
2021-05-21T07:14:17Z,33.86554042873007
2021-05-21T15:13:48Z,33.8503955250833
2021-05-21T23:13:18Z,33.83567394574883
2021-05-22T07:12:48Z,33.82137411009651
2021-05-22T15:12:19Z,33.80749452684435
2021-05-22T23:11:49Z,33.794035175205636
2021-05-23T07:11:19Z,33.78099461031777
2021-05-23T15:10:50Z,33.76837147587025
2021-05-23T23:10:20Z,33.75616575471315
2021-05-24T07:09:51Z,33.74437573541938
2021-05-24T15:09:21Z,33.7330014018587
2021-05-24T23:08:51Z,33.72204153178105
2021-05-25T07:08:22Z,33.711494990867635
2021-05-25T15:07:52Z,33.70136176696113
2021-05-25T23:07:22Z,33.69164077058616
2021-05-26T07:06:53Z,33.68233099905009
2021-05-26T15:06:23Z,33.673432442618896
2021-05-26T23:05:53Z,33.664944142970285
2021-05-27T07:05:24Z,33.65686522802944
2021-05-27T15:04:54Z,33.6491956901213
2021-05-27T23:04:24Z,33.64193470111979
2021-05-28T07:03:55Z,33.63508151868361
2021-05-28T15:03:25Z,33.628636136877546
2021-05-28T23:02:56Z,33.622597654138566
2021-05-29T07:02:26Z,33.616966065539465
2021-05-29T15:01:56Z,33.61174075818277
2021-05-29T23:01:27Z,33.60692120434114
2021-05-30T07:00:57Z,33.60250740040269
2021-05-30T15:00:27Z,33.59849886175794
2021-05-30T22:59:58Z,33.59489518869259
2021-05-31T06:59:28Z,33.59169638015032
2021-05-31T14:58:58Z,33.588902078423736
2021-05-31T22:58:29Z,33.58651201088697
2021-06-01T06:57:59Z,33.58452646841577
2021-06-01T14:57:29Z,33.58294885967763
2021-06-01T22:57:00Z,33.58177513072355
2021-06-02T06:56:30Z,33.58100527985776
2021-06-02T14:56:00Z,33.58063920542041
2021-06-02T22:55:31Z,33.58067689024459
2021-06-03T06:55:01Z,33.58111833458278
2021-06-03T14:54:32Z,33.58196360042175
2021-06-03T22:54:02Z,33.583212688570185
2021-06-04T06:53:32Z,33.58486570930307
2021-06-04T14:53:03Z,33.58692285743052
2021-06-04T22:52:33Z,33.58938413463175
2021-06-05T06:52:03Z,33.59224977845972
2021-06-05T14:51:34Z,33.59552011112129
2021-06-05T22:51:04Z,33.59919513525506
2021-06-06T06:50:34Z,33.60327521595124
2021-06-06T14:50:05Z,33.60776080314348
2021-06-06T22:49:35Z,33.61265190056298
2021-06-07T06:49:05Z,33.61794900262563
2021-06-07T14:48:36Z,33.62365268660141
2021-06-07T22:48:06Z,33.62976295691698
2021-06-08T06:47:37Z,33.6362806685993
2021-06-08T14:47:07Z,33.64320582762432
2021-06-08T22:46:37Z,33.65053914134762
2021-06-09T06:46:08Z,33.65828140280944
2021-06-09T14:45:38Z,33.66643261965807
2021-06-09T22:45:08Z,33.6749936287912
2021-06-10T06:44:39Z,33.68396535322645
2021-06-10T14:44:09Z,33.69334780259679
2021-06-10T22:43:39Z,33.70314194418932
2021-06-11T06:43:10Z,33.713348831931384
2021-06-11T14:42:40Z,33.72396847779657
2021-06-11T22:42:10Z,33.73500198044106
2021-06-12T06:41:41Z,33.74645052574498
2021-06-12T14:41:11Z,33.75831412842369
2021-06-12T22:40:41Z,33.770594019608914
2021-06-13T06:40:12Z,33.783291518315934
2021-06-13T14:39:42Z,33.79640664245299
2021-06-13T22:39:13Z,33.809941234588734
2021-06-14T06:38:43Z,33.823895317105276
2021-06-14T14:38:13Z,33.83827034322424
2021-06-14T22:37:44Z,33.85306785632665
2021-06-15T06:37:14Z,33.86828788077398
2021-06-15T14:36:44Z,33.88393200740096
2021-06-15T22:36:15Z,33.90000191703297
2021-06-16T06:35:45Z,33.91649763865914
2021-06-16T14:35:15Z,33.93342090079442
2021-06-16T22:34:46Z,33.95077352286654
2021-06-17T06:34:16Z,33.96855553911433
2021-06-17T14:33:46Z,33.9867688174579
2021-06-17T22:33:17Z,34.005415317730495
2021-06-18T06:32:47Z,34.02449508009007
2021-06-18T14:32:18Z,34.04401079961856
2021-06-18T22:31:48Z,34.06396252081501
2021-06-19T06:31:18Z,34.0843523481495
2021-06-19T14:30:49Z,34.105182479839144
2021-06-19T22:30:19Z,34.12645296751574
2021-06-20T06:29:49Z,34.14816606032406
2021-06-20T14:29:20Z,34.17032410235638
2021-06-20T22:28:50Z,34.19292715316499
2021-06-21T06:28:20Z,34.215977606832
2021-06-21T14:27:51Z,34.239477956565594
2021-06-21T22:27:21Z,34.26342827163674
2021-06-22T06:26:51Z,34.287831097345475
2021-06-22T14:26:22Z,34.31268907656962
2021-06-22T22:25:52Z,34.33800228722476
2021-06-23T06:25:23Z,34.36377433010563
2021-06-23T14:24:53Z,34.39000529003939
2021-06-23T22:24:23Z,34.41669796669833
2021-06-24T06:23:54Z,34.44385525976169
2021-06-24T14:23:24Z,34.471477265199
2021-06-24T22:22:54Z,34.49956693888536
2021-06-25T06:22:25Z,34.528127338265655
2021-06-25T14:21:55Z,34.5571585714148
2021-06-25T22:21:25Z,34.5866637532662
2021-06-26T06:20:56Z,34.61664610195964
2021-06-26T14:20:26Z,34.647105738663456
2021-06-26T22:19:56Z,34.678045940345044
2021-06-27T06:19:27Z,34.70947008889764
2021-06-27T14:18:57Z,34.741378319599235
2021-06-27T22:18:27Z,34.77377407456171
2021-06-28T06:17:58Z,34.80666079329927
2021-06-28T14:17:28Z,34.84003885328092
2021-06-28T22:16:59Z,34.87391293322443
2021-06-29T06:16:29Z,34.90828319422858
2021-06-29T14:15:59Z,34.943153360898
2021-06-29T22:15:30Z,34.97852726772691
2021-06-30T06:15:00Z,35.01440509270733
2021-06-30T14:14:30Z,35.050790734483606
2021-06-30T22:14:01Z,35.0876882035924
2021-07-01T06:13:31Z,35.125097695973515
2021-07-01T14:13:01Z,35.16302328786771
2021-07-01T22:12:32Z,35.201469169504676
2021-07-02T06:12:02Z,35.24043555582441
2021-07-02T14:11:32Z,35.27992670429895
2021-07-02T22:11:03Z,35.31994698851786
2021-07-03T06:10:33Z,35.360496643443796
2021-07-03T14:10:04Z,35.401581548849535
2021-07-03T22:09:34Z,35.44320195360538
2021-07-04T06:09:04Z,35.48536242562861
2021-07-04T14:08:35Z,35.52806765275062
2021-07-04T22:08:05Z,35.57131790794729
2021-07-05T06:07:35Z,35.61511794950856
2021-07-05T14:07:06Z,35.65947265994431
2021-07-05T22:06:36Z,35.704382333820604
2021-07-06T06:06:06Z,35.74985192591047
2021-07-06T14:05:37Z,35.795886515571816
2021-07-06T22:05:07Z,35.842486419392266
2021-07-07T06:04:37Z,35.88965679154128
2021-07-07T14:04:08Z,35.93740291322396
2021-07-07T22:03:38Z,35.985725125209186
2021-07-08T06:03:08Z,36.03462878509896
2021-07-08T14:02:39Z,36.084119380036014
2021-07-08T22:02:09Z,36.13419727560674
2021-07-09T06:01:40Z,36.18486980848164
2021-07-09T14:01:10Z,36.236137361075855
2021-07-09T22:00:40Z,36.28800563904253
2021-07-10T06:00:11Z,36.340480481836025
2021-07-10T13:59:41Z,36.39356229741714
2021-07-10T21:59:11Z,36.44725700562389
2021-07-11T05:58:42Z,36.5015706626946
2021-07-11T13:58:12Z,36.55650370232171
2021-07-11T21:57:42Z,36.612062262471134
2021-07-12T05:57:13Z,36.66825261942185
2021-07-12T13:56:43Z,36.72507523280379
2021-07-12T21:56:13Z,36.78253645610144
2021-07-13T05:55:44Z,36.84064279623335
2021-07-13T13:55:14Z,36.89939473982413
2021-07-13T21:54:45Z,36.9588009488018
2021-07-14T05:54:15Z,37.018861924488384
2021-07-14T13:53:45Z,37.07958440488909
2021-07-14T21:53:16Z,37.14097527400149
2021-07-15T05:52:46Z,37.20303505721259
2021-07-15T13:52:16Z,37.265770723894704
2021-07-15T21:51:47Z,37.32918939197172
2021-07-16T05:51:17Z,37.39329160958616
2021-07-16T13:50:47Z,37.458084580529096
2021-07-16T21:50:18Z,37.52357565964051
2021-07-17T05:49:48Z,37.58976541601379
2021-07-17T13:49:18Z,37.656661290550666
2021-07-17T21:48:49Z,37.724270877618856
2021-07-18T05:48:19Z,37.79259476489359
2021-07-18T13:47:49Z,37.86164063264315
2021-07-18T21:47:20Z,37.93141631690487
2021-07-19T05:46:50Z,38.00192242264473
2021-07-19T13:46:21Z,38.073169359116285
2021-07-19T21:45:51Z,38.1451577375793
2021-07-20T05:45:21Z,38.21789564078844
2021-07-20T13:44:52Z,38.29139131075552
2021-07-20T21:44:22Z,38.365645367877974
2021-07-21T05:43:52Z,38.44066613746651
2021-07-21T13:43:23Z,38.51646210594087
2021-07-21T21:42:53Z,38.59303389727978
2021-07-22T05:42:23Z,38.67039007917078
2021-07-22T13:41:54Z,38.748539382001574
2021-07-22T21:41:24Z,38.827482427044956
2021-07-23T05:40:54Z,38.90722802325457
2021-07-23T13:40:25Z,38.98778514358899
2021-07-23T21:39:55Z,39.06915439915995
2021-07-24T05:39:26Z,39.15134770916945
2021-07-24T13:38:56Z,39.234365673163325
2021-07-24T21:38:26Z,39.318217496785515
2021-07-25T05:37:57Z,39.402912551074216
2021-07-25T13:37:27Z,39.48845141000034
2021-07-25T21:36:57Z,39.57484351191745
2021-07-26T05:36:28Z,39.662098461877314
2021-07-26T13:35:58Z,39.750216796264525
2021-07-26T21:35:28Z,39.83920818023199
2021-07-27T05:34:59Z,39.929082444700796
2021-07-27T13:34:29Z,40.01984007714237
2021-07-27T21:33:59Z,40.11149096276434
2021-07-28T05:33:30Z,40.20404515168985
2021-07-28T13:33:00Z,40.29750306719575
2021-07-28T21:32:31Z,40.39187810178734
2021-07-29T05:32:01Z,40.48717062711049
2021-07-29T13:31:31Z,40.58339087472096
2021-07-29T21:31:02Z,40.68054923911782
2021-07-30T05:30:32Z,40.77864600030476
2021-07-30T13:30:02Z,40.877691583685674
2021-07-30T21:29:33Z,40.977696576150706
2021-07-31T05:29:03Z,41.078661148550765
2021-07-31T13:28:33Z,41.18059590934241
2021-07-31T21:28:04Z,41.28351162740106
2021-08-01T05:27:34Z,41.387408347991844
2021-08-01T13:27:04Z,41.4922968539386
2021-08-01T21:26:35Z,41.59818808863702
2021-08-02T05:26:05Z,41.70508195862873
2021-08-02T13:25:35Z,41.81298952335666
2021-08-02T21:25:06Z,41.92192182921621
2021-08-03T05:24:36Z,42.03187862553577
2021-08-03T13:24:07Z,42.142874935214245
2021-08-03T21:23:37Z,42.254910460644176
2021-08-04T05:23:07Z,42.367996509691295
2021-08-04T13:22:38Z,42.4821446016432
2021-08-04T21:22:08Z,42.597354423160716
2021-08-05T05:21:38Z,42.71363766966485
2021-08-05T13:21:09Z,42.83100636399749
2021-08-05T21:20:39Z,42.94946051180354
2021-08-06T05:20:09Z,43.069012706450685
2021-08-06T13:19:40Z,43.18967625599858
2021-08-06T21:19:10Z,43.31145276042751
2021-08-07T05:18:40Z,43.434357865127694
2021-08-07T13:18:11Z,43.55840999941221
2021-08-07T21:17:41Z,43.68361972045034
2021-08-08T05:17:12Z,43.81002611346306
2021-08-08T13:16:42Z,43.93768119960474
2021-08-08T21:16:12Z,44.066774669554654
2021-08-09T05:15:43Z,44.20119331541158
2021-08-09T13:15:13Z,44.335091889610744
2021-08-09T21:14:43Z,44.467591000274346
2021-08-10T05:14:14Z,44.600246138926195
2021-08-10T13:13:44Z,44.733177205057025
2021-08-10T21:13:14Z,44.86642019972028
2021-08-11T05:12:45Z,44.99998478799911
2021-08-11T13:12:15Z,45.133856214689004
2021-08-11T21:11:45Z,45.26802840959929
2021-08-12T05:11:16Z,45.40249226071734
2021-08-12T13:10:46Z,45.537222561281226
2021-08-12T21:10:16Z,45.6722065788163
2021-08-13T05:09:47Z,45.8074303685419
2021-08-13T13:09:17Z,45.9428648066633
2021-08-13T21:08:48Z,46.07849833683191
2021-08-14T05:08:18Z,46.2142986257441
2021-08-14T13:07:48Z,46.35024941134907
2021-08-14T21:07:19Z,46.486332117651536
2021-08-15T05:06:49Z,46.62251315431307
2021-08-15T13:06:19Z,46.758772307055615
2021-08-15T21:05:50Z,46.89508856605247
2021-08-16T05:05:20Z,47.03142590272479
2021-08-16T13:04:50Z,47.16776170002563
2021-08-16T21:04:21Z,47.30407253818411
2021-08-17T05:03:51Z,47.44031998094384
2021-08-17T13:03:21Z,47.57647900276842
2021-08-17T21:02:52Z,47.712523760739955
2021-08-18T05:02:22Z,47.84841342203689
2021-08-18T13:01:53Z,47.98412524990391
2021-08-18T21:01:23Z,48.119616822682865
2021-08-19T05:00:53Z,48.25485906905649
2021-08-19T13:00:24Z,48.38982207989312
2021-08-19T20:59:54Z,48.52446107712542
2021-08-20T04:59:24Z,48.65874456501337
2021-08-20T12:58:55Z,48.792640206122286
2021-08-20T20:58:25Z,48.92610092160475
2021-08-21T04:57:55Z,49.059092823241535
2021-08-21T12:57:26Z,49.191581186915066
2021-08-21T20:56:56Z,49.32351672095646
2021-08-22T04:56:26Z,49.45486320892991
2021-08-22T12:55:57Z,49.58558361527482
2021-08-22T20:55:27Z,49.715626561185324
2021-08-23T04:54:57Z,49.844953605092435
2021-08-23T12:54:28Z,49.97352551432364
2021-08-23T20:53:58Z,50.10128898916819
2021-08-24T04:53:29Z,50.22820789864959
2021-08-24T12:52:59Z,50.3542277815003
2021-08-24T20:52:29Z,50.479306823153934
2021-08-25T04:52:00Z,50.60340250054614
2021-08-25T12:51:30Z,50.72645881751119
2021-08-25T20:51:00Z,50.84843221635576
2021-08-26T04:50:31Z,50.96927850037534
2021-08-26T12:50:01Z,51.08894043589163
2021-08-26T20:49:31Z,51.207372991935685
2021-08-27T04:49:02Z,51.32453058507997
2021-08-27T12:48:32Z,51.44035509293653
2021-08-27T20:48:02Z,51.55480033185899
2021-08-28T04:47:33Z,51.667819667712145
2021-08-28T12:47:03Z,51.77935449154446
2021-08-28T20:46:34Z,51.889361634710816
2021-08-29T04:46:04Z,51.99778241133013
2021-08-29T12:45:34Z,52.104569565779336
2021-08-29T20:45:05Z,52.2096755983883
2021-08-30T04:44:35Z,52.31304211522781
2021-08-30T12:44:05Z,52.41462180433268
2021-08-30T20:43:36Z,52.51436725294676
2021-08-31T04:43:06Z,52.612220885234095
2021-08-31T12:42:36Z,52.708135824946986
2021-08-31T20:42:07Z,52.80206525190533
2021-09-01T04:41:37Z,52.89395297245177
2021-09-01T12:41:07Z,52.98375307304361
2021-09-01T20:40:38Z,53.071419862860104
2021-09-02T04:40:08Z,53.156899123231305
2021-09-02T12:39:39Z,53.24014931123008
2021-09-02T20:39:09Z,53.32111786350711
2021-09-03T04:38:39Z,53.39976170977781
2021-09-03T12:38:10Z,53.47603829432802
2021-09-03T20:37:40Z,53.54989805148746
2021-09-04T04:37:10Z,53.621300379848485
2021-09-04T12:36:41Z,53.69020536974875
2021-09-04T20:36:11Z,53.7565670670239
2021-09-05T04:35:41Z,53.82034790848889
2021-09-05T12:35:12Z,53.88151119622916
2021-09-05T20:34:42Z,53.940015185316405
2021-09-06T04:34:12Z,53.99582590151085
2021-09-06T12:33:43Z,54.04891040121656
2021-09-06T20:33:13Z,54.099231714787
2021-09-07T04:32:43Z,54.14675997458856
2021-09-07T12:32:14Z,54.19146649629859
2021-09-07T20:31:44Z,54.233319605614994
2021-09-08T04:31:15Z,54.272295316487494
2021-09-08T12:30:45Z,54.30836574415278
2021-09-08T20:30:15Z,54.34150888175624
2021-09-09T04:29:46Z,54.37170411978092
2021-09-09T12:29:16Z,54.39892959348354
2021-09-09T20:28:46Z,54.42316851632731
2021-09-10T04:28:17Z,54.44440559401879
2021-09-10T12:27:47Z,54.46262531298558
2021-09-10T20:27:17Z,54.477816389635095
2021-09-11T04:26:48Z,54.489969104907246
2021-09-11T12:26:18Z,54.49907452979238
2021-09-11T20:25:48Z,54.505127074851465
2021-09-12T04:25:19Z,54.50812275677852
2021-09-12T12:24:49Z,54.50805937090329
2021-09-12T20:24:20Z,54.50493695794979
2021-09-13T04:23:50Z,54.498757821644844
2021-09-13T12:23:20Z,54.489526030892286
2021-09-13T20:22:51Z,54.4772472603266
2021-09-14T04:22:21Z,54.461930536811906
2021-09-14T12:21:51Z,54.44358566340169
2021-09-14T20:21:22Z,54.42222400752768
2021-09-15T04:20:52Z,54.397861180099454
2021-09-15T12:20:22Z,54.3705125540245
2021-09-15T20:19:53Z,54.34019499523205
2021-09-16T04:19:23Z,54.306930459561606
2021-09-16T12:18:53Z,54.27073963363582
2021-09-16T20:18:24Z,54.231644599878535
2021-09-17T04:17:54Z,54.18967332921628
2021-09-17T12:17:24Z,54.144851482670774
2021-09-17T20:16:55Z,54.097205995207744
2021-09-18T04:16:25Z,54.04677044045055
2021-09-18T12:15:56Z,53.99357314488247
2021-09-18T20:15:26Z,53.937651153514196
2021-09-19T04:14:56Z,53.87903746895447
2021-09-19T12:14:27Z,53.81776612517239
2021-09-19T20:13:57Z,53.75387893735728
2021-09-20T04:13:27Z,53.687412657703334
2021-09-20T12:12:58Z,53.61840490146307
2021-09-20T20:12:28Z,53.5469016830563
2021-09-21T04:11:58Z,53.472942959058386
2021-09-21T12:11:29Z,53.39656937537445
2021-09-21T20:10:59Z,53.31783054992213
2021-09-22T04:10:29Z,53.236769077831084
2021-09-22T12:10:00Z,53.15342806632118
2021-09-22T20:09:30Z,53.06786012254106
2021-09-23T04:09:01Z,52.98010681812551
2021-09-23T12:08:31Z,52.89022241020064
2021-09-23T20:08:01Z,52.7982526164388
2021-09-24T04:07:32Z,52.70424337506025
2021-09-24T12:07:02Z,52.60825091018898
2021-09-24T20:06:32Z,52.51032206182997
2021-09-25T04:06:03Z,52.410503724132965
2021-09-25T12:05:33Z,52.308853496110444
2021-09-25T20:05:03Z,52.2054188034207
2021-09-26T04:04:34Z,52.100246970043244
2021-09-26T12:04:04Z,51.993396406605115
2021-09-26T20:03:34Z,51.88491461987796
2021-09-27T04:03:05Z,51.77484887185429
2021-09-27T12:02:35Z,51.66325785896737
2021-09-27T20:02:05Z,51.550188705271346
2021-09-28T04:01:36Z,51.43568816084199
2021-09-28T12:01:06Z,51.31981472530114
2021-09-28T20:00:37Z,51.2026106258405
2021-09-29T04:00:07Z,51.084133986861545
2021-09-29T11:59:37Z,50.964430389050264
2021-09-29T19:59:08Z,50.8435448594152
2021-09-30T03:58:38Z,50.72153463097625
2021-09-30T11:58:08Z,50.598443895080926
2021-09-30T19:57:39Z,50.47431620393153
2021-10-01T03:57:09Z,50.349207551154464
2021-10-01T11:56:39Z,50.22316045382692
2021-10-01T19:56:10Z,50.09621672093606
2021-10-02T03:55:40Z,49.96843081098084
2021-10-02T11:55:10Z,49.839843332302394
2021-10-02T19:54:41Z,49.71049413207032
2021-10-03T03:54:11Z,49.5804358887221
2021-10-03T11:53:42Z,49.44970256097251
2021-10-03T19:53:12Z,49.31834552873114
2021-10-04T03:52:42Z,49.186401830229826
2021-10-04T11:52:13Z,49.053907686786324
2021-10-04T19:51:43Z,48.92091239469853
2021-10-05T03:51:13Z,48.78745068720393
2021-10-05T11:50:44Z,48.653556465317386
2021-10-05T19:50:14Z,48.519276824301066
2021-10-06T03:49:44Z,48.38464412241173
2021-10-06T11:49:15Z,48.249689881903585
2021-10-06T19:48:45Z,48.1144589121722
2021-10-07T03:48:15Z,47.97898116133734
2021-10-07T11:47:46Z,47.84328574789119
2021-10-07T19:47:16Z,47.70741514796877
2021-10-08T03:46:46Z,47.57139689579728
2021-10-08T11:46:17Z,47.435257711267234
2021-10-08T19:45:47Z,47.29903772092602
2021-10-09T03:45:18Z,47.16275733143305
2021-10-09T11:44:48Z,47.02645510718999
2021-10-09T19:44:18Z,46.890154623410645
2021-10-10T03:43:49Z,46.75387868219733
2021-10-10T11:43:19Z,46.61766352843221
2021-10-10T19:42:49Z,46.48153043590888
2021-10-11T03:42:20Z,46.34549993765435
2021-10-11T11:41:50Z,46.20960600519769
2021-10-11T19:41:20Z,46.073867687037065
2021-10-12T03:40:51Z,45.93830332731105
2021-10-12T11:40:21Z,45.80294468611902
2021-10-12T19:39:51Z,45.66780867724857
2021-10-13T03:39:22Z,45.53291154737813
2021-10-13T11:38:52Z,45.398282919722924
2021-10-13T19:38:23Z,45.263933093262494
2021-10-14T03:37:53Z,45.12989013470472
2021-10-14T11:37:23Z,44.99616772033831
2021-10-14T19:36:54Z,44.862778834135476
2021-10-15T03:36:24Z,44.729749733999874
2021-10-15T11:35:54Z,44.59709214544687
2021-10-15T19:35:25Z,44.4648172403459
2021-10-16T03:34:55Z,44.33294938344847
2021-10-16T11:34:25Z,44.20149855870129
2021-10-16T19:33:56Z,44.070474239151345
2021-10-17T03:33:26Z,43.93989899611808
2021-10-17T11:32:56Z,43.80978118647636
2021-10-17T19:32:27Z,43.68012869850796
2021-10-18T03:31:57Z,43.55096241137434
2021-10-18T11:31:28Z,43.422284704918724
2021-10-18T19:30:58Z,43.294115387844194
2021-10-19T03:30:28Z,43.166460358072236
2021-10-19T11:29:59Z,43.0393251131519
2021-10-19T19:29:29Z,42.912727938271104
2021-10-20T03:28:59Z,42.78667340429227
2021-10-20T11:28:30Z,42.661165720787444
2021-10-20T19:28:00Z,42.536221745689176
2021-10-21T03:27:30Z,42.411844821198315
2021-10-21T11:27:01Z,42.28803797443835
2021-10-21T19:26:31Z,42.16481674090303
2021-10-22T03:26:01Z,42.042183355493904
2021-10-22T11:25:32Z,41.92013976471497
2021-10-22T19:25:02Z,41.79870027097917
2021-10-23T03:24:32Z,41.6778660913011
2021-10-23T11:24:03Z,41.55763818786342
2021-10-23T19:23:33Z,41.43802971972204
2021-10-24T03:23:04Z,41.31903685464765
2021-10-24T11:22:34Z,41.20067203727609
2021-10-24T19:22:04Z,41.082934993769754
2021-10-25T03:21:35Z,40.96582524679558
2021-10-25T11:21:05Z,40.84935423773047
2021-10-25T19:20:35Z,40.733520913279015
2021-10-26T03:20:06Z,40.61832404465481
2021-10-26T11:19:36Z,40.50377414835419
2021-10-26T19:19:06Z,40.38986947084856
2021-10-27T03:18:37Z,40.27660810942612
2021-10-27T11:18:07Z,40.16399972920987
2021-10-27T19:17:37Z,40.05204195095245
2021-10-28T03:17:08Z,39.94073227036088
2021-10-28T11:16:38Z,39.83007957021446
2021-10-28T19:16:09Z,39.72007710266593
2021-10-29T03:15:39Z,39.610733265055686
2021-10-29T11:15:09Z,39.502044786343326
2021-10-29T19:14:40Z,39.39400830645721
2021-10-30T03:14:10Z,39.286631545488795
2021-10-30T11:13:40Z,39.17991077976984
2021-10-30T19:13:11Z,39.07384221581557
2021-10-31T03:12:41Z,38.968432953721795
2021-10-31T11:12:11Z,38.863678873162826
2021-10-31T19:11:42Z,38.75957580152586
2021-11-01T03:11:12Z,38.656130276707906
2021-11-01T11:10:42Z,38.55333782338136
2021-11-01T19:10:13Z,38.4511939447931
2021-11-02T03:09:43Z,38.34970465637112
2021-11-02T11:09:13Z,38.24886519445826
2021-11-02T19:08:44Z,38.14867077348605
2021-11-03T03:08:14Z,38.049126936452225
2021-11-03T11:07:45Z,37.95022523830466
2021-11-03T19:07:15Z,37.851970930497046
2021-11-04T03:06:45Z,37.75435884631527
2021-11-04T11:06:16Z,37.65738381811385
2021-11-04T19:05:46Z,37.56105069263034
2021-11-05T03:05:16Z,37.465354111486896
2021-11-05T11:04:47Z,37.37028872626988
2021-11-05T19:04:17Z,37.27585901525294
2021-11-06T03:03:47Z,37.18205946179584
2021-11-06T11:03:18Z,37.08888456895841
2021-11-06T19:02:48Z,36.99633847976385
2021-11-07T03:02:18Z,36.90441554952206
2021-11-07T11:01:49Z,36.81311016191109
2021-11-07T19:01:19Z,36.722426155071396
2021-11-08T03:00:50Z,36.63235466381345
2021-11-08T11:00:20Z,36.54289933916606
2021-11-08T18:59:50Z,36.45405438140416
2021-11-09T02:59:21Z,36.365814032242625
2021-11-09T10:58:51Z,36.2781816820586
2021-11-09T18:58:21Z,36.19115147053078
2021-11-10T02:57:52Z,36.10471758414714
2021-11-10T10:57:22Z,36.01888317689265
2021-11-10T18:56:52Z,35.933642347371034
2021-11-11T02:56:23Z,35.84898924635808
2021-11-11T10:55:53Z,35.764926812901514
2021-11-11T18:55:23Z,35.681449122577355
2021-11-12T02:54:54Z,35.59855030774299
2021-11-12T10:54:24Z,35.516233111834055
2021-11-12T18:53:54Z,35.434491600998
2021-11-13T02:53:25Z,35.353319902944875
2021-11-13T10:52:55Z,35.272720582959074
2021-11-13T18:52:26Z,35.19268494427024
2021-11-14T02:51:56Z,35.113215442011615
2021-11-14T10:51:26Z,35.034306162596856
2021-11-14T18:50:57Z,34.955951258077974
2021-11-15T02:50:27Z,34.87815303028048
2021-11-15T10:49:57Z,34.80090559197319
2021-11-15T18:49:28Z,34.724203121185106
2021-11-16T02:48:58Z,34.648047777696924
2021-11-16T10:48:28Z,34.57243370687867
2021-11-16T18:47:59Z,34.497355123030935
2021-11-17T02:47:29Z,34.42281405393647
2021-11-17T10:46:59Z,34.3488046844235
2021-11-17T18:46:30Z,34.275321268517324
2021-11-18T02:46:00Z,34.20236570877188
2021-11-18T10:45:31Z,34.129929723407095
2021-11-18T18:45:01Z,34.05801513324662
2021-11-19T02:44:31Z,33.98661619225096
2021-11-19T10:44:02Z,33.91572722052716
2021-11-19T18:43:32Z,33.845349914387526
2021-11-20T02:43:02Z,33.77547856161607
2021-11-20T10:42:33Z,33.70610751028116
2021-11-20T18:42:03Z,33.63723832042497
2021-11-21T02:41:33Z,33.56886529122519
2021-11-21T10:41:04Z,33.500982682463565
2021-11-21T18:40:34Z,33.433591976464086
2021-11-22T02:40:04Z,33.36668743925328
2021-11-22T10:39:35Z,33.30026335475302
2021-11-22T18:39:05Z,33.23432085780186
2021-11-23T02:38:36Z,33.16885179065621
2021-11-23T10:38:06Z,33.10385700545067
2021-11-23T18:37:36Z,33.03933034323269
2021-11-24T02:37:07Z,32.97526545632791
2021-11-24T10:36:37Z,32.911662293618974
2021-11-24T18:36:07Z,32.84851353794729
2021-11-25T02:35:38Z,32.78581100628492
2021-11-25T10:35:08Z,32.72355145707153
2021-11-25T18:34:38Z,32.66172216436407
2021-11-26T02:34:09Z,32.60030427807318
2021-11-26T10:33:39Z,32.5392700349404
2021-11-26T18:33:09Z,32.47853283487922
2021-11-27T02:32:40Z,32.41757314672283
2021-11-27T10:32:10Z,32.3755356302196
2021-11-27T18:31:40Z,32.344115474658594
2021-11-28T02:31:11Z,32.31346069520377
2021-11-28T10:30:41Z,32.28347229933974
2021-11-28T18:30:12Z,32.25411796577935
2021-11-29T02:29:42Z,32.225384901360414
2021-11-29T10:29:12Z,32.19726270871401
2021-11-29T18:28:43Z,32.16974355453261
2021-11-30T02:28:13Z,32.14282377915034
2021-11-30T10:27:43Z,32.116497625081955
2021-11-30T18:27:14Z,32.09075992603591
2021-12-01T02:26:44Z,32.06560854585417
2021-12-01T10:26:14Z,32.04103892071601
2021-12-01T18:25:45Z,32.01704677706039
2021-12-02T02:25:15Z,31.993630504962432
2021-12-02T10:24:45Z,31.970786129569365
2021-12-02T18:24:16Z,31.948509884378918
2021-12-03T02:23:46Z,31.926800431678732
2021-12-03T10:23:17Z,31.905653203924047
2021-12-03T18:22:47Z,31.885066719843476
2021-12-04T02:22:17Z,31.865038173812227
2021-12-04T10:21:48Z,31.84556439958939
2021-12-04T18:21:18Z,31.82664433681168
2021-12-05T02:20:48Z,31.808274966994222
2021-12-05T10:20:19Z,31.79045342772353
2021-12-05T18:19:49Z,31.773178782656352
2021-12-06T02:19:19Z,31.756448303236912
2021-12-06T10:18:50Z,31.740259410497238
2021-12-06T18:18:20Z,31.724611276582742
2021-12-07T02:17:50Z,31.709501447526467
2021-12-07T10:17:21Z,31.694927614379303
2021-12-07T18:16:51Z,31.680889047646243
2021-12-08T02:16:21Z,31.66738355719486
2021-12-08T10:15:52Z,31.654409094446404
2021-12-08T18:15:22Z,31.641965021102706
2021-12-09T02:14:53Z,31.630048997792045
2021-12-09T10:14:23Z,31.618660443954713
2021-12-09T18:13:53Z,31.607797592129632
2021-12-10T02:13:24Z,31.597458812323783
2021-12-10T10:12:54Z,31.5876436069246
2021-12-10T18:12:24Z,31.57835045423728
2021-12-11T02:11:55Z,31.56957796808673
2021-12-11T10:11:25Z,31.561325730288278
2021-12-11T18:10:55Z,31.55359246087826
2021-12-12T02:10:26Z,31.546377013659136
2021-12-12T10:09:56Z,31.539679047058286
2021-12-12T18:09:26Z,31.533497519138017
2021-12-13T02:08:57Z,31.527831520517893
2021-12-13T10:08:27Z,31.522680784331353
2021-12-13T18:07:58Z,31.51804435131294
2021-12-14T02:07:28Z,31.513922002934546
2021-12-14T10:06:58Z,31.510313088102524
2021-12-14T18:06:29Z,31.507217086747477
2021-12-15T02:05:59Z,31.504633852190743
2021-12-15T10:05:29Z,31.5025629653785
2021-12-15T18:05:00Z,31.50100413773854
2021-12-16T02:04:30Z,31.499957293490905
2021-12-16T10:04:00Z,31.499422244498646
2021-12-16T18:03:31Z,31.49939893281037
2021-12-17T02:03:01Z,31.499887353279703
2021-12-17T10:02:31Z,31.500887548134962
2021-12-17T18:02:02Z,31.502399689443262
2021-12-18T02:01:32Z,31.504423841979747
2021-12-18T10:01:02Z,31.506960278315347
2021-12-18T18:00:33Z,31.510009401329707
2021-12-19T02:00:03Z,31.5135713462134
2021-12-19T09:59:34Z,31.51764676699085
2021-12-19T17:59:04Z,31.522235846100994
2021-12-20T01:58:34Z,31.527339241530747
2021-12-20T09:58:05Z,31.532957742764314
2021-12-20T17:57:35Z,31.53909160334807
2021-12-21T01:57:05Z,31.545741714152868
2021-12-21T09:56:36Z,31.552909097977654
2021-12-21T17:56:06Z,31.560594081660287
2021-12-22T01:55:36Z,31.56879779097393
2021-12-22T09:55:07Z,31.57752148465908
2021-12-22T17:54:37Z,31.586765563919204
2021-12-23T01:54:07Z,31.596531391924906
2021-12-23T09:53:38Z,31.606820466096053
2021-12-23T17:53:08Z,31.617633263954264
2021-12-24T01:52:39Z,31.628971792647768
2021-12-24T09:52:09Z,31.64083658188376
2021-12-24T17:51:39Z,31.653229397239507
2021-12-25T01:51:10Z,31.66615214154199
2021-12-25T09:50:40Z,31.679605424892273
2021-12-25T17:50:10Z,31.693591259983446
2021-12-26T01:49:41Z,31.708111798383523
2021-12-26T09:49:11Z,31.723167733630607
2021-12-26T17:48:41Z,31.7387613298067
2021-12-27T01:48:12Z,31.754894992123912
2021-12-27T09:47:42Z,31.77156950142076
2021-12-27T17:47:12Z,31.788787377893534
2021-12-28T01:46:43Z,31.80655128578156
2021-12-28T09:46:13Z,31.824862096227392
2021-12-28T17:45:44Z,31.84372325747556
2021-12-29T01:45:14Z,31.863135703536823
2021-12-29T09:44:44Z,31.88310239604273
2021-12-29T17:44:15Z,31.903626444953673
2021-12-30T01:43:45Z,31.92470888250796
2021-12-30T09:43:15Z,31.946352943987307
2021-12-30T17:42:46Z,31.968562016258886
2021-12-31T01:42:16Z,31.991337234943053
2021-12-31T09:41:46Z,32.014682116642895
2021-12-31T17:41:17Z,32.038600333118985
2022-01-01T01:40:47Z,32.06309312906096
2022-01-01T09:40:17Z,32.0881643108142
2022-01-01T17:39:48Z,32.11381784378421
2022-01-02T01:39:18Z,32.140055087978986
2022-01-02T09:38:48Z,32.16688014869659
2022-01-02T17:38:19Z,32.1942972945426
2022-01-03T01:37:49Z,32.222308007709955
2022-01-03T09:37:20Z,32.25091770754524
2022-01-03T17:36:50Z,32.28012796153898
2022-01-04T01:36:20Z,32.309943395996854
2022-01-04T09:35:51Z,32.340368808434434
2022-01-04T17:35:21Z,32.37140590160017
2022-01-05T01:34:51Z,32.403059629519795
2022-01-05T09:34:22Z,32.43533512269814
2022-01-05T17:33:52Z,32.46823422754048
2022-01-06T01:33:22Z,32.50176223830957
2022-01-06T09:32:53Z,32.53592463144064
2022-01-06T17:32:23Z,32.570723406401896
2022-01-07T01:31:53Z,32.60616421124624
2022-01-07T09:31:24Z,32.64225288234398
2022-01-07T17:30:54Z,32.67899158244905
2022-01-08T01:30:25Z,32.71638763930725
2022-01-08T09:29:55Z,32.75444333064177
2022-01-08T17:29:25Z,32.79316492731881
2022-01-09T01:28:56Z,32.832558899844635
2022-01-09T09:28:26Z,32.872627708255926
2022-01-09T17:27:56Z,32.91337801897494
2022-01-10T01:27:27Z,32.95481670556044
2022-01-10T09:26:57Z,32.99694642310545
2022-01-10T17:26:27Z,33.03977425157641
2022-01-11T01:25:58Z,33.08330748615566
2022-01-11T09:25:28Z,33.12754898966786
2022-01-11T17:24:58Z,33.17250627545354
2022-01-12T01:24:29Z,33.21818708093672
2022-01-12T09:23:59Z,33.264594493966584
2022-01-12T17:23:29Z,33.31173648146872
2022-01-13T01:23:00Z,33.359621243567275
2022-01-13T09:22:30Z,33.40825210800804
2022-01-13T17:22:01Z,33.45763924802723
2022-01-14T01:21:31Z,33.50778616107262
2022-01-14T09:21:01Z,33.55870162176757
2022-01-14T17:20:32Z,33.610394655053106
2022-01-15T01:20:02Z,33.66286902853712
2022-01-15T09:19:32Z,33.716134035088714
2022-01-15T17:19:03Z,33.77019922921059
2022-01-16T01:18:33Z,33.82506866879562
2022-01-16T09:18:03Z,33.880752192619134
2022-01-16T17:17:34Z,33.93725991325229
2022-01-17T01:17:04Z,33.99459620068648
2022-01-17T09:16:34Z,34.05277146903018
2022-01-17T17:16:05Z,34.111796420111375
2022-01-18T01:15:35Z,34.17167576002715
2022-01-18T09:15:06Z,34.232422637428236
2022-01-18T17:14:36Z,34.29404199609898
2022-01-19T01:14:06Z,34.35654528290649
2022-01-19T09:13:37Z,34.419944255646385
2022-01-19T17:13:07Z,34.48424423790535
2022-01-20T01:12:37Z,34.54945734391894
2022-01-20T09:12:08Z,34.61559601475094
2022-01-20T17:11:38Z,34.682665983229626
2022-01-21T01:11:08Z,34.75068007044178
2022-01-21T09:10:39Z,34.81965144142506
2022-01-21T17:10:09Z,34.88958627021749
2022-01-22T01:09:39Z,34.96049812741914
2022-01-22T09:09:10Z,35.03240094601064
2022-01-22T17:08:40Z,35.10530137596895
2022-01-23T01:08:10Z,35.17921378351032
2022-01-23T09:07:41Z,35.25415291709344
2022-01-23T17:07:11Z,35.330125940373115
2022-01-24T01:06:42Z,35.407150760568726
2022-01-24T09:06:12Z,35.4852349054151
2022-01-24T17:05:42Z,35.56439418127232
2022-01-25T01:05:13Z,35.64464481487958
2022-01-25T09:04:43Z,35.72599491955471
2022-01-25T17:04:13Z,35.80846123813472
2022-01-26T01:03:44Z,35.8920609566114
2022-01-26T09:03:14Z,35.97680281898757
2022-01-26T17:02:44Z,36.06270456739197
2022-01-27T01:02:15Z,36.14978441332926
2022-01-27T09:01:45Z,36.238051783382694
2022-01-27T17:01:15Z,36.327525485601754
2022-01-28T01:00:46Z,36.41822482573507
2022-01-28T09:00:16Z,36.51015996885175
2022-01-28T16:59:47Z,36.603354122316496
2022-01-29T00:59:17Z,36.69781797702292
2022-01-29T08:58:47Z,36.7935722809897
2022-01-29T16:58:18Z,36.89063833228634
2022-01-30T00:57:48Z,36.989027664762865
2022-01-30T08:57:18Z,37.08876229865207
2022-01-30T16:56:49Z,37.189864839082304
2022-01-31T00:56:19Z,37.292347733100684
2022-01-31T08:55:49Z,37.39623436178342
2022-01-31T16:55:20Z,37.50154873075411
2022-02-01T00:54:50Z,37.60830427682614
2022-02-01T08:54:20Z,37.7165258411643
2022-02-01T16:53:51Z,37.826238928331875
2022-02-02T00:53:21Z,37.93745804831959
2022-02-02T08:52:52Z,38.05021355294363
2022-02-02T16:52:22Z,38.16452071772305
2022-02-03T00:51:52Z,38.280407054735925
2022-02-03T08:51:23Z,38.39790081510583
2022-02-03T16:50:53Z,38.51701850371551
2022-02-04T00:50:23Z,38.63778939384515
2022-02-04T08:49:54Z,38.76024354827976
2022-02-04T16:49:24Z,38.884398806354646
2022-02-05T00:48:54Z,39.01028633412543
2022-02-05T08:48:25Z,39.13793814182518
2022-02-05T16:47:55Z,39.26737351780387
2022-02-06T00:47:25Z,39.39862566380447
2022-02-06T08:46:56Z,39.53172868498333
2022-02-06T16:46:26Z,39.666703443554375
2022-02-07T00:45:56Z,39.803585332162484
2022-02-07T08:45:27Z,39.94241070918458
2022-02-07T16:44:57Z,40.08320214845604
2022-02-08T00:44:28Z,40.22600240066245
2022-02-08T08:43:58Z,40.370835259289194
2022-02-08T16:43:28Z,40.51774015001127
2022-02-09T00:42:59Z,40.6667575850806
2022-02-09T08:42:29Z,40.81791332176117
2022-02-09T16:41:59Z,40.971249458433086
2022-02-10T00:41:30Z,41.12680925937342
2022-02-10T08:41:00Z,41.28462061579968
2022-02-10T16:40:30Z,41.44472850799772
2022-02-11T00:40:01Z,41.607179167907596
2022-02-11T08:39:31Z,41.7720028053475
2022-02-11T16:39:01Z,41.93924750893781
2022-02-12T00:38:32Z,42.108962711564466
2022-02-12T08:38:02Z,42.28118114161588
2022-02-12T16:37:33Z,42.45596036046594
2022-02-13T00:37:03Z,42.63333489452659
2022-02-13T08:36:33Z,42.813358572876126
2022-02-13T16:36:04Z,42.996086739750524
2022-02-14T00:35:34Z,43.18155680977311
2022-02-14T08:35:04Z,43.369826410834484
2022-02-14T16:34:35Z,43.560954795357155
2022-02-15T00:34:05Z,43.754982509402744
2022-02-15T08:33:35Z,43.95197127990048
2022-02-15T16:33:06Z,44.1519845818402
2022-02-16T00:32:36Z,44.3550663534096
2022-02-16T08:32:06Z,44.56128273922878
2022-02-16T16:31:37Z,44.77070176037027
2022-02-17T00:31:07Z,44.98337102361993
2022-02-17T08:30:37Z,45.199361427896136
2022-02-17T16:30:08Z,45.4187458846057
2022-02-18T00:29:38Z,45.64157596036195
2022-02-18T08:29:09Z,45.867935593645505
2022-02-18T16:28:39Z,46.0978791606241
2022-02-19T00:28:09Z,46.33148628017394
2022-02-19T08:27:40Z,46.56883882528613
2022-02-19T16:27:10Z,46.80999564075474
2022-02-20T00:26:40Z,47.055042077644224
2022-02-20T08:26:11Z,47.30406589288661
2022-02-20T16:25:41Z,47.55713071486049
2022-02-21T00:25:11Z,47.81432801154399
2022-02-21T08:24:42Z,48.07575181278793
2022-02-21T16:24:12Z,48.34147083814484
2022-02-22T00:23:42Z,48.61158305483503
2022-02-22T08:23:13Z,48.88618914259033
2022-02-22T16:22:43Z,49.16536320943243
2022-02-23T00:22:14Z,49.449220038256776
2022-02-23T08:21:44Z,49.73783747639319
2022-02-23T16:21:14Z,50.03132512530053
2022-02-24T00:20:45Z,50.32979553436928
2022-02-24T08:20:15Z,50.63333234464857
2022-02-24T16:19:45Z,50.942052551937486
2022-02-25T00:19:16Z,51.25607621672565
2022-02-25T08:18:46Z,51.5754929267101
2022-02-25T16:18:16Z,51.90042729102064
2022-02-26T00:17:47Z,52.231007066911005
2022-02-26T08:17:17Z,52.567327827981245
2022-02-26T16:16:47Z,52.90952189284242
2022-02-27T00:16:18Z,53.25772476099756
2022-02-27T08:15:48Z,53.61203786503925
2022-02-27T16:15:18Z,53.972601148532085
2022-02-28T00:14:49Z,54.33955769443016
2022-02-28T08:14:19Z,54.71301443067149
2022-02-28T16:13:50Z,55.09313191156291
2022-03-01T00:13:20Z,55.48002036797686
2022-03-01T08:12:50Z,55.87383151546776
2022-03-01T16:12:21Z,56.27471988497179
2022-03-02T00:11:51Z,56.682799801239526
2022-03-02T08:11:21Z,57.098228818036425
2022-03-02T16:10:52Z,57.52116688153258
2022-03-03T00:10:22Z,57.9517308676529
2022-03-03T08:09:52Z,58.390082534547176
2022-03-03T16:09:23Z,58.83638537032099
2022-03-04T00:08:53Z,59.29075650515382
2022-03-04T08:08:23Z,59.753359430471065
2022-03-04T16:07:54Z,60.2243583514488
2022-03-05T00:07:24Z,60.70386733876731
2022-03-05T08:06:55Z,61.19206516280493
2022-03-05T16:06:25Z,61.68906137247741
2022-03-06T00:05:55Z,62.195013696260915
2022-03-06T08:05:26Z,62.710077841463686
2022-03-06T16:04:56Z,63.234351614005476
2022-03-07T00:04:26Z,63.76798146863634
2022-03-07T08:03:57Z,64.31110931911957
2022-03-07T16:03:27Z,64.86381339789813
2022-03-08T00:02:57Z,65.42622036566677
2022-03-08T08:02:28Z,65.99844893148857
2022-03-08T16:01:58Z,66.58054728115492
2022-03-09T00:01:28Z,67.1726108880065
2022-03-09T08:00:59Z,67.77472274361591
2022-03-09T16:00:29Z,68.38688720570623
2022-03-10T00:00:00Z,69.00917539613312