"Based on the CEA reduction of the calibration runs from 18-may-2020  baseline holder on, from a series with durations up to 900 seconds, ADC locations for energy cal, 1024 or 4096 (0-(N-1)) are universally interpreted as the leading (low energy) edge of the bin",,,,,,,,,,,,,,,,,,,,,,,,,,,,,,,,,,
Channel energy edges obtained from stx_science_energy_channels(/edges_1) ,,,,,,,,,,,,,,,,,,,,,,,,,,,,,,,,,,
Offset,Gain keV/ADC,Pixel,Detector,ADC Edge 0 - 4 keV,ADC Edge 1 - 5 keV,ADC Edge 2 - 6 keV,ADC Edge 3 - 7 keV,ADC Edge 4 - 8 keV,ADC Edge 5 - 9 keV,ADC Edge 6 - 10 keV,ADC Edge 7 - 11 keV,ADC Edge 8 - 12 keV,ADC Edge 9 - 13 keV,ADC Edge 10 - 14 keV,ADC Edge 11 - 15 keV,ADC Edge 12 - 16 keV,ADC Edge 13 - 18 keV,ADC Edge 14 - 20 keV,ADC Edge 15 - 22 keV,ADC Edge 16 - 25 keV,ADC Edge 17 - 28 keV,ADC Edge 18 - 32 keV,ADC Edge 19 - 36 keV,ADC Edge 20 - 40 keV,ADC Edge 21 - 45 keV,ADC Edge 22 - 50 keV,ADC Edge 23 - 56 keV,ADC Edge 24 - 63 keV,ADC Edge 25 - 70 keV,ADC Edge 26 - 76 keV,ADC Edge 27 - 84 keV,ADC Edge 28 - 100 keV,ADC Edge 29 - 120 keV,ADC Edge 30 - 150 keV
883.7037,0.108906,0,0,920,930,939,948,957,966,976,985,994,1003,1012,1021,1031,1049,1067,1086,1113,1141,1178,1214,1251,1297,1343,1398,1462,1526,1582,1655,1802,1986,2261
886.6667,0.109135,1,0,923,932,942,951,960,969,978,987,997,1006,1015,1024,1033,1052,1070,1088,1116,1143,1180,1217,1253,1299,1345,1400,1464,1528,1583,1656,1803,1986,2261
884.4445,0.108853,2,0,921,930,940,949,958,967,976,985,995,1004,1013,1022,1031,1050,1068,1087,1114,1142,1178,1215,1252,1298,1344,1399,1463,1528,1583,1656,1803,1987,2262
885.926,0.109828,3,0,922,931,941,950,959,968,977,986,995,1004,1013,1023,1032,1050,1068,1086,1114,1141,1177,1214,1250,1296,1341,1396,1460,1523,1578,1651,1796,1979,2252
877.037,0.109418,4,0,914,923,932,941,950,959,968,978,987,996,1005,1014,1023,1042,1060,1078,1106,1133,1169,1206,1243,1288,1334,1389,1453,1517,1572,1645,1791,1974,2248
888.1482,0.110204,5,0,924,934,943,952,961,970,979,988,997,1006,1015,1024,1033,1051,1070,1088,1115,1142,1179,1215,1251,1296,1342,1396,1460,1523,1578,1650,1796,1977,2249
884.4445,0.108156,6,0,921,931,940,949,958,968,977,986,995,1005,1014,1023,1032,1051,1069,1088,1116,1143,1180,1217,1254,1301,1347,1402,1467,1532,1587,1661,1809,1994,2271
876.2963,0.109047,7,0,913,922,931,940,950,959,968,977,986,996,1005,1014,1023,1041,1060,1078,1106,1133,1170,1206,1243,1289,1335,1390,1454,1518,1573,1647,1793,1977,2252
877.7778,0.107707,8,0,915,924,933,943,952,961,971,980,989,998,1008,1017,1026,1045,1063,1082,1110,1138,1175,1212,1249,1296,1342,1398,1463,1528,1583,1658,1806,1992,2270
890.3704,0.108766,9,0,927,936,946,955,964,973,982,992,1001,1010,1019,1028,1037,1056,1074,1093,1120,1148,1185,1221,1258,1304,1350,1405,1470,1534,1589,1663,1810,1994,2269
889.6296,0.108959,10,0,926,936,945,954,963,972,981,991,1000,1009,1018,1027,1036,1055,1073,1092,1119,1147,1183,1220,1257,1303,1349,1404,1468,1532,1587,1661,1807,1991,2266
875.5555,0.109471,11,0,912,921,930,939,949,958,967,976,985,994,1003,1013,1022,1040,1058,1077,1104,1131,1168,1204,1241,1287,1332,1387,1451,1515,1570,1643,1789,1972,2246
865.926,0.107793,0,1,903,912,922,931,940,949,959,968,977,987,996,1005,1014,1033,1051,1070,1098,1126,1163,1200,1237,1283,1330,1385,1450,1515,1571,1645,1794,1979,2257
878.5185,0.108889,1,1,915,924,934,943,952,961,970,980,989,998,1007,1016,1025,1044,1062,1081,1108,1136,1172,1209,1246,1292,1338,1393,1457,1521,1576,1650,1797,1981,2256
877.7778,0.108678,2,1,915,924,933,942,951,961,970,979,988,997,1007,1016,1025,1043,1062,1080,1108,1135,1172,1209,1246,1292,1338,1393,1457,1522,1577,1651,1798,1982,2258
875.5555,0.108052,3,1,913,922,931,940,950,959,968,977,987,996,1005,1014,1024,1042,1061,1079,1107,1135,1172,1209,1246,1292,1338,1394,1459,1523,1579,1653,1801,1986,2264
863.7037,0.107862,4,1,901,910,919,929,938,947,956,966,975,984,993,1003,1012,1031,1049,1068,1095,1123,1160,1197,1235,1281,1327,1383,1448,1513,1568,1642,1791,1976,2254
875.5555,0.10757,5,1,913,922,931,941,950,959,969,978,987,996,1006,1015,1024,1043,1061,1080,1108,1136,1173,1210,1247,1294,1340,1396,1461,1526,1582,1656,1805,1991,2270
887.4074,0.108801,6,1,924,933,943,952,961,970,979,989,998,1007,1016,1025,1034,1053,1071,1090,1117,1145,1182,1218,1255,1301,1347,1402,1466,1531,1586,1659,1807,1990,2266
874.074,0.107965,7,1,911,920,930,939,948,957,967,976,985,994,1004,1013,1022,1041,1059,1078,1106,1133,1170,1208,1245,1291,1337,1393,1458,1522,1578,1652,1800,1986,2263
870.3704,0.107126,8,1,908,917,926,936,945,954,964,973,982,992,1001,1010,1020,1038,1057,1076,1104,1132,1169,1206,1244,1290,1337,1393,1458,1524,1580,1654,1804,1991,2271
868.8889,0.108591,9,1,906,915,924,933,943,952,961,970,979,989,998,1007,1016,1035,1053,1071,1099,1127,1164,1200,1237,1283,1329,1385,1449,1514,1569,1642,1790,1974,2250
880.7407,0.107914,10,1,918,927,936,946,955,964,973,983,992,1001,1010,1020,1029,1048,1066,1085,1112,1140,1177,1214,1251,1298,1344,1400,1465,1529,1585,1659,1807,1993,2271
876.2963,0.109029,11,1,913,922,931,940,950,959,968,977,986,996,1005,1014,1023,1041,1060,1078,1106,1133,1170,1206,1243,1289,1335,1390,1454,1518,1573,1647,1793,1977,2252
882.963,0.107467,0,2,920,929,939,948,957,967,976,985,995,1004,1013,1023,1032,1050,1069,1088,1116,1144,1181,1218,1255,1302,1348,1404,1469,1534,1590,1665,1813,2000,2279
877.7778,0.107296,1,2,915,924,934,943,952,962,971,980,990,999,1008,1018,1027,1046,1064,1083,1111,1139,1176,1213,1251,1297,1344,1400,1465,1530,1586,1661,1810,1996,2276
882.2222,0.107896,2,2,919,929,938,947,956,966,975,984,993,1003,1012,1021,1031,1049,1068,1086,1114,1142,1179,1216,1253,1299,1346,1401,1466,1531,1587,1661,1809,1994,2272
883.7037,0.107279,3,2,921,930,940,949,958,968,977,986,996,1005,1014,1024,1033,1051,1070,1089,1117,1145,1182,1219,1257,1303,1350,1406,1471,1536,1592,1667,1816,2002,2282
883.7037,0.106753,4,2,921,931,940,949,959,968,977,987,996,1005,1015,1024,1034,1052,1071,1090,1118,1146,1183,1221,1258,1305,1352,1408,1474,1539,1596,1671,1820,2008,2289
891.1111,0.107416,5,2,928,938,947,956,966,975,984,994,1003,1012,1021,1031,1040,1059,1077,1096,1124,1152,1189,1226,1263,1310,1357,1412,1478,1543,1599,1673,1822,2008,2288
878.5185,0.106838,6,2,916,925,935,944,953,963,972,981,991,1000,1010,1019,1028,1047,1066,1084,1113,1141,1178,1215,1253,1300,1347,1403,1468,1534,1590,1665,1815,2002,2283
888.1482,0.10745,7,2,925,935,944,953,963,972,981,991,1000,1009,1018,1028,1037,1056,1074,1093,1121,1149,1186,1223,1260,1307,1353,1409,1474,1540,1595,1670,1819,2005,2284
873.3333,0.107007,8,2,911,920,929,939,948,957,967,976,985,995,1004,1014,1023,1042,1060,1079,1107,1135,1172,1210,1247,1294,1341,1397,1462,1527,1584,1658,1808,1995,2275
866.6667,0.105766,9,2,904,914,923,933,942,952,961,971,980,990,999,1008,1018,1037,1056,1075,1103,1131,1169,1207,1245,1292,1339,1396,1462,1529,1585,1661,1812,2001,2285
885.926,0.107058,10,2,923,933,942,951,961,970,979,989,998,1007,1017,1026,1035,1054,1073,1091,1119,1147,1185,1222,1260,1306,1353,1409,1474,1540,1596,1671,1820,2007,2287
890.3704,0.107024,11,2,928,937,946,956,965,974,984,993,1002,1012,1021,1031,1040,1059,1077,1096,1124,1152,1189,1227,1264,1311,1358,1414,1479,1544,1600,1675,1825,2012,2292
860,0.107501,0,3,897,907,916,925,934,944,953,962,972,981,990,1000,1009,1027,1046,1065,1093,1120,1158,1195,1232,1279,1325,1381,1446,1511,1567,1641,1790,1976,2255
860.7407,0.107109,1,3,898,907,917,926,935,945,954,963,973,982,991,1001,1010,1029,1047,1066,1094,1122,1160,1197,1234,1281,1328,1384,1449,1514,1570,1645,1794,1981,2261
873.3333,0.107194,2,3,911,920,929,939,948,957,967,976,985,995,1004,1013,1023,1041,1060,1079,1107,1135,1172,1209,1246,1293,1340,1396,1461,1526,1582,1657,1806,1993,2273
871.8518,0.10769,3,3,909,918,928,937,946,955,965,974,983,993,1002,1011,1020,1039,1058,1076,1104,1132,1169,1206,1243,1290,1336,1392,1457,1522,1578,1652,1800,1986,2265
865.1852,0.106333,4,3,903,912,922,931,940,950,959,969,978,987,997,1006,1016,1034,1053,1072,1100,1129,1166,1204,1241,1288,1335,1392,1458,1523,1580,1655,1806,1994,2276
881.4815,0.107965,5,3,919,928,937,946,956,965,974,983,993,1002,1011,1020,1030,1048,1067,1085,1113,1141,1178,1215,1252,1298,1345,1400,1465,1530,1585,1660,1808,1993,2271
868.1482,0.107262,6,3,905,915,924,933,943,952,961,971,980,989,999,1008,1017,1036,1055,1073,1101,1129,1166,1204,1241,1288,1334,1390,1455,1521,1577,1651,1800,1987,2267
868.1482,0.10745,7,3,905,915,924,933,943,952,961,971,980,989,998,1008,1017,1036,1054,1073,1101,1129,1166,1203,1240,1287,1333,1389,1454,1520,1575,1650,1799,1985,2264
859.2593,0.106568,8,3,897,906,916,925,934,944,953,962,972,981,991,1000,1009,1028,1047,1066,1094,1122,1160,1197,1235,1282,1328,1385,1450,1516,1572,1647,1798,1985,2267
865.926,0.105899,9,3,904,913,923,932,941,951,960,970,979,989,998,1008,1017,1036,1055,1074,1102,1130,1168,1206,1244,1291,1338,1395,1461,1527,1584,1659,1810,1999,2282
875.5555,0.106686,10,3,913,922,932,941,951,960,969,979,988,997,1007,1016,1026,1044,1063,1082,1110,1138,1176,1213,1250,1297,1344,1400,1466,1532,1588,1663,1813,2000,2282
860,0.108,11,3,897,906,916,925,934,943,953,962,971,980,990,999,1008,1027,1045,1064,1091,1119,1156,1193,1230,1277,1323,1379,1443,1508,1564,1638,1786,1971,2249
895.5555,0.109471,0,4,932,941,950,959,969,978,987,996,1005,1014,1023,1033,1042,1060,1078,1097,1124,1151,1188,1224,1261,1307,1352,1407,1471,1535,1590,1663,1809,1992,2266
896.2963,0.109153,1,4,933,942,951,960,970,979,988,997,1006,1015,1025,1034,1043,1061,1080,1098,1125,1153,1189,1226,1263,1309,1354,1409,1473,1538,1593,1666,1812,1996,2271
901.4815,0.109596,2,4,938,947,956,965,974,984,993,1002,1011,1020,1029,1038,1047,1066,1084,1102,1130,1157,1193,1230,1266,1312,1358,1412,1476,1540,1595,1668,1814,1996,2270
888.8889,0.108556,3,4,926,935,944,953,963,972,981,990,999,1009,1018,1027,1036,1055,1073,1092,1119,1147,1184,1221,1257,1303,1349,1405,1469,1534,1589,1663,1810,1994,2271
894.8148,0.108469,4,4,932,941,950,959,969,978,987,996,1005,1015,1024,1033,1042,1061,1079,1098,1125,1153,1190,1227,1264,1310,1356,1411,1476,1540,1595,1669,1817,2001,2278
897.037,0.108608,5,4,934,943,952,961,971,980,989,998,1008,1017,1026,1035,1044,1063,1081,1100,1127,1155,1192,1229,1265,1311,1357,1413,1477,1542,1597,1670,1818,2002,2278
891.8518,0.109738,6,4,928,937,947,956,965,974,983,992,1001,1010,1019,1029,1038,1056,1074,1092,1120,1147,1183,1220,1256,1302,1347,1402,1466,1530,1584,1657,1803,1985,2259
899.2593,0.108748,7,4,936,945,954,964,973,982,991,1000,1010,1019,1028,1037,1046,1065,1083,1102,1129,1157,1194,1230,1267,1313,1359,1414,1479,1543,1598,1672,1819,2003,2279
893.3333,0.108836,8,4,930,939,948,958,967,976,985,994,1004,1013,1022,1031,1040,1059,1077,1095,1123,1151,1187,1224,1261,1307,1353,1408,1472,1537,1592,1665,1812,1996,2272
897.037,0.108608,9,4,934,943,952,961,971,980,989,998,1008,1017,1026,1035,1044,1063,1081,1100,1127,1155,1192,1229,1265,1311,1357,1413,1477,1542,1597,1670,1818,2002,2278
899.2593,0.108643,10,4,936,945,954,964,973,982,991,1001,1010,1019,1028,1037,1047,1065,1083,1102,1129,1157,1194,1231,1267,1313,1359,1415,1479,1544,1599,1672,1820,2004,2280
894.8148,0.108469,11,4,932,941,950,959,969,978,987,996,1005,1015,1024,1033,1042,1061,1079,1098,1125,1153,1190,1227,1264,1310,1356,1411,1476,1540,1595,1669,1817,2001,2278
892.5926,0.108801,0,5,929,939,948,957,966,975,985,994,1003,1012,1021,1030,1040,1058,1076,1095,1122,1150,1187,1223,1260,1306,1352,1407,1472,1536,1591,1665,1812,1996,2271
888.1482,0.110258,1,5,924,933,943,952,961,970,979,988,997,1006,1015,1024,1033,1051,1070,1088,1115,1142,1178,1215,1251,1296,1342,1396,1460,1523,1577,1650,1795,1977,2249
891.8518,0.10981,2,5,928,937,946,956,965,974,983,992,1001,1010,1019,1028,1038,1056,1074,1092,1120,1147,1183,1220,1256,1302,1347,1402,1466,1529,1584,1657,1803,1985,2258
888.8889,0.109365,3,5,925,935,944,953,962,971,980,989,999,1008,1017,1026,1035,1053,1072,1090,1117,1145,1181,1218,1255,1300,1346,1401,1465,1529,1584,1657,1803,1986,2260
894.8148,0.109047,4,5,931,941,950,959,968,977,987,996,1005,1014,1023,1032,1042,1060,1078,1097,1124,1152,1188,1225,1262,1307,1353,1408,1473,1537,1592,1665,1812,1995,2270
880.7407,0.109578,5,5,917,926,935,945,954,963,972,981,990,999,1009,1018,1027,1045,1063,1082,1109,1136,1173,1209,1246,1291,1337,1392,1456,1520,1574,1647,1793,1976,2250
890.3704,0.109135,6,5,927,936,945,955,964,973,982,991,1000,1009,1019,1028,1037,1055,1074,1092,1119,1147,1184,1220,1257,1303,1349,1403,1468,1532,1587,1660,1807,1990,2265
894.8148,0.108591,7,5,932,941,950,959,968,978,987,996,1005,1015,1024,1033,1042,1061,1079,1097,1125,1153,1189,1226,1263,1309,1355,1411,1475,1539,1595,1668,1816,2000,2276
882.963,0.108521,8,5,920,929,938,947,957,966,975,984,994,1003,1012,1021,1030,1049,1067,1086,1113,1141,1178,1215,1252,1298,1344,1399,1463,1528,1583,1657,1804,1989,2265
885.926,0.1094,9,5,922,932,941,950,959,968,977,986,996,1005,1014,1023,1032,1050,1069,1087,1114,1142,1178,1215,1252,1297,1343,1398,1462,1526,1581,1654,1800,1983,2257
885.1852,0.108783,10,5,922,931,940,950,959,968,977,986,995,1005,1014,1023,1032,1051,1069,1087,1115,1143,1179,1216,1253,1299,1345,1400,1464,1529,1584,1657,1804,1988,2264
883.7037,0.109738,11,5,920,929,938,947,957,966,975,984,993,1002,1011,1020,1030,1048,1066,1084,1112,1139,1175,1212,1248,1294,1339,1394,1458,1522,1576,1649,1795,1977,2251
908.8889,0.107518,0,6,946,955,965,974,983,993,1002,1011,1020,1030,1039,1048,1058,1076,1095,1114,1141,1169,1207,1244,1281,1327,1374,1430,1495,1560,1616,1690,1839,2025,2304
897.037,0.108976,1,6,934,943,952,961,970,980,989,998,1007,1016,1026,1035,1044,1062,1081,1099,1126,1154,1191,1227,1264,1310,1356,1411,1475,1539,1594,1668,1815,1998,2273
902.963,0.107948,2,6,940,949,959,968,977,986,996,1005,1014,1023,1033,1042,1051,1070,1088,1107,1135,1162,1199,1236,1274,1320,1366,1422,1487,1551,1607,1681,1829,2015,2293
894.074,0.108312,3,6,931,940,949,959,968,977,986,996,1005,1014,1023,1033,1042,1060,1079,1097,1125,1153,1190,1226,1263,1310,1356,1411,1476,1540,1596,1670,1817,2002,2279
894.074,0.107948,4,6,931,940,950,959,968,977,987,996,1005,1015,1024,1033,1042,1061,1079,1098,1126,1153,1191,1228,1265,1311,1357,1413,1478,1543,1598,1672,1820,2006,2284
898.5185,0.108713,5,6,935,945,954,963,972,981,991,1000,1009,1018,1027,1036,1046,1064,1082,1101,1128,1156,1193,1230,1266,1312,1358,1414,1478,1542,1598,1671,1818,2002,2278
892.5926,0.110096,6,6,929,938,947,956,965,974,983,993,1002,1011,1020,1029,1038,1056,1074,1092,1120,1147,1183,1220,1256,1301,1347,1401,1465,1528,1583,1656,1801,1983,2255
901.4815,0.107724,7,6,939,948,957,966,976,985,994,1004,1013,1022,1031,1041,1050,1069,1087,1106,1134,1161,1199,1236,1273,1319,1366,1421,1486,1551,1607,1681,1830,2015,2294
901.4815,0.107399,8,6,939,948,957,967,976,985,995,1004,1013,1023,1032,1041,1050,1069,1088,1106,1134,1162,1199,1237,1274,1320,1367,1423,1488,1553,1609,1684,1833,2019,2298
901.4815,0.108434,9,6,938,948,957,966,975,984,994,1003,1012,1021,1031,1040,1049,1067,1086,1104,1132,1160,1197,1233,1270,1316,1363,1418,1482,1547,1602,1676,1824,2008,2285
899.2593,0.108173,10,6,936,945,955,964,973,982,992,1001,1010,1019,1029,1038,1047,1066,1084,1103,1130,1158,1195,1232,1269,1315,1361,1417,1482,1546,1602,1676,1824,2009,2286
894.074,0.107262,11,6,931,941,950,959,969,978,987,997,1006,1015,1025,1034,1043,1062,1081,1099,1127,1155,1192,1230,1267,1314,1360,1416,1481,1547,1603,1677,1826,2013,2293
887.4074,0.107879,0,7,924,934,943,952,962,971,980,989,999,1008,1017,1026,1036,1054,1073,1091,1119,1147,1184,1221,1258,1305,1351,1407,1471,1536,1592,1666,1814,2000,2278
883.7037,0.107279,1,7,921,930,940,949,958,968,977,986,996,1005,1014,1024,1033,1051,1070,1089,1117,1145,1182,1219,1257,1303,1350,1406,1471,1536,1592,1667,1816,2002,2282
897.037,0.107245,2,7,934,944,953,962,972,981,990,1000,1009,1018,1028,1037,1046,1065,1084,1102,1130,1158,1195,1233,1270,1317,1363,1419,1484,1550,1606,1680,1829,2016,2296
889.6296,0.107007,3,7,927,936,946,955,964,974,983,992,1002,1011,1020,1030,1039,1058,1077,1095,1123,1151,1189,1226,1263,1310,1357,1413,1478,1544,1600,1675,1824,2011,2291
871.8518,0.106199,4,7,910,919,928,938,947,957,966,975,985,994,1004,1013,1023,1041,1060,1079,1107,1136,1173,1211,1249,1296,1343,1399,1465,1531,1587,1663,1813,2002,2284
875.5555,0.106266,5,7,913,923,932,941,951,960,970,979,988,998,1007,1017,1026,1045,1064,1083,1111,1139,1177,1214,1252,1299,1346,1403,1468,1534,1591,1666,1817,2005,2287
880,0.106855,6,7,917,927,936,946,955,964,974,983,992,1002,1011,1020,1030,1048,1067,1086,1114,1142,1179,1217,1254,1301,1348,1404,1470,1535,1591,1666,1816,2003,2284
883.7037,0.1065,7,7,921,931,940,949,959,968,978,987,996,1006,1015,1025,1034,1053,1071,1090,1118,1147,1184,1222,1259,1306,1353,1410,1475,1541,1597,1672,1823,2010,2292
882.963,0.106922,8,7,920,930,939,948,958,967,976,986,995,1005,1014,1023,1033,1051,1070,1089,1117,1145,1182,1220,1257,1304,1351,1407,1472,1538,1594,1669,1818,2005,2286
879.2593,0.106922,9,7,917,926,935,945,954,963,973,982,991,1001,1010,1020,1029,1048,1066,1085,1113,1141,1179,1216,1253,1300,1347,1403,1468,1534,1590,1665,1815,2002,2282
882.963,0.107262,10,7,920,930,939,948,958,967,976,986,995,1004,1013,1023,1032,1051,1069,1088,1116,1144,1181,1219,1256,1302,1349,1405,1470,1536,1592,1666,1815,2002,2281
888.8889,0.107741,11,7,926,935,945,954,963,972,982,991,1000,1010,1019,1028,1037,1056,1075,1093,1121,1149,1186,1223,1260,1307,1353,1409,1474,1539,1594,1669,1817,2003,2281
886.6667,0.106888,0,8,924,933,943,952,962,971,980,990,999,1008,1018,1027,1036,1055,1074,1092,1121,1149,1186,1223,1261,1308,1354,1411,1476,1542,1598,1673,1822,2009,2290
880,0.107041,1,8,917,927,936,945,955,964,973,983,992,1001,1011,1020,1029,1048,1067,1086,1114,1142,1179,1216,1254,1300,1347,1403,1469,1534,1590,1665,1814,2001,2281
882.2222,0.107041,2,8,920,929,938,948,957,966,976,985,994,1004,1013,1022,1032,1050,1069,1088,1116,1144,1181,1219,1256,1303,1349,1405,1471,1536,1592,1667,1816,2003,2284
885.1852,0.107041,3,8,923,932,941,951,960,969,979,988,997,1007,1016,1025,1035,1053,1072,1091,1119,1147,1184,1222,1259,1306,1352,1408,1474,1539,1595,1670,1819,2006,2287
894.8148,0.105816,4,8,933,942,952,961,970,980,989,999,1008,1018,1027,1037,1046,1065,1084,1103,1131,1159,1197,1235,1273,1320,1367,1424,1490,1556,1613,1689,1840,2029,2312
893.3333,0.107245,5,8,931,940,949,959,968,977,987,996,1005,1015,1024,1033,1043,1061,1080,1098,1126,1154,1192,1229,1266,1313,1360,1416,1481,1546,1602,1677,1826,2012,2292
873.3333,0.106551,6,8,911,920,930,939,948,958,967,977,986,995,1005,1014,1023,1042,1061,1080,1108,1136,1174,1211,1249,1296,1343,1399,1465,1530,1587,1662,1812,2000,2281
882.963,0.106115,7,8,921,930,940,949,958,968,977,987,996,1005,1015,1024,1034,1053,1071,1090,1119,1147,1185,1222,1260,1307,1354,1411,1477,1543,1599,1675,1825,2014,2297
877.037,0.106787,8,8,914,924,933,943,952,961,971,980,989,999,1008,1018,1027,1046,1064,1083,1111,1139,1177,1214,1252,1298,1345,1401,1467,1533,1589,1664,1813,2001,2282
894.074,0.107177,9,8,931,941,950,959,969,978,987,997,1006,1015,1025,1034,1043,1062,1081,1099,1127,1155,1193,1230,1267,1314,1361,1417,1482,1547,1603,1678,1827,2014,2294
884.4445,0.107211,10,8,922,931,940,950,959,968,978,987,996,1006,1015,1024,1034,1052,1071,1090,1118,1146,1183,1220,1258,1304,1351,1407,1472,1537,1593,1668,1817,2004,2284
877.7778,0.106383,11,8,915,925,934,944,953,962,972,981,991,1000,1009,1019,1028,1047,1066,1085,1113,1141,1179,1216,1254,1301,1348,1404,1470,1536,1592,1667,1818,2006,2288
878.5185,0.107776,0,9,916,925,934,943,953,962,971,981,990,999,1008,1018,1027,1046,1064,1083,1110,1138,1175,1213,1250,1296,1342,1398,1463,1528,1584,1658,1806,1992,2270
877.037,0.106888,1,9,914,924,933,943,952,961,971,980,989,999,1008,1017,1027,1045,1064,1083,1111,1139,1176,1214,1251,1298,1345,1401,1466,1532,1588,1663,1813,2000,2280
877.7778,0.106922,2,9,915,925,934,943,953,962,971,981,990,999,1009,1018,1027,1046,1065,1084,1112,1140,1177,1214,1252,1299,1345,1402,1467,1532,1589,1663,1813,2000,2281
877.7778,0.108086,3,9,915,924,933,943,952,961,970,980,989,998,1007,1017,1026,1044,1063,1081,1109,1137,1174,1211,1248,1294,1340,1396,1461,1525,1581,1655,1803,1988,2266
880,0.107879,4,9,917,926,936,945,954,963,973,982,991,1001,1010,1019,1028,1047,1065,1084,1112,1140,1177,1214,1251,1297,1343,1399,1464,1529,1584,1659,1807,1992,2270
878.5185,0.107776,5,9,916,925,934,943,953,962,971,981,990,999,1008,1018,1027,1046,1064,1083,1110,1138,1175,1213,1250,1296,1342,1398,1463,1528,1584,1658,1806,1992,2270
880,0.107041,6,9,917,927,936,945,955,964,973,983,992,1001,1011,1020,1029,1048,1067,1086,1114,1142,1179,1216,1254,1300,1347,1403,1469,1534,1590,1665,1814,2001,2281
876.2963,0.107638,7,9,913,923,932,941,951,960,969,978,988,997,1006,1016,1025,1044,1062,1081,1109,1136,1174,1211,1248,1294,1341,1397,1462,1527,1582,1657,1805,1991,2270
868.1482,0.107587,8,9,905,915,924,933,943,952,961,970,980,989,998,1008,1017,1035,1054,1073,1101,1128,1166,1203,1240,1286,1333,1389,1454,1519,1575,1649,1798,1984,2262
881.4815,0.107381,9,9,919,928,937,947,956,965,975,984,993,1003,1012,1021,1030,1049,1068,1086,1114,1142,1179,1217,1254,1301,1347,1403,1468,1533,1589,1664,1813,1999,2278
874.074,0.107948,10,9,911,920,930,939,948,957,967,976,985,995,1004,1013,1022,1041,1059,1078,1106,1133,1171,1208,1245,1291,1337,1393,1458,1523,1578,1652,1800,1986,2264
871.8518,0.10733,11,9,909,918,928,937,946,956,965,974,984,993,1002,1012,1021,1040,1058,1077,1105,1133,1170,1207,1245,1291,1338,1394,1459,1524,1580,1654,1804,1990,2269
901.4815,0.107741,0,10,939,948,957,966,976,985,994,1004,1013,1022,1031,1041,1050,1069,1087,1106,1134,1161,1198,1236,1273,1319,1366,1421,1486,1551,1607,1681,1830,2015,2294
905.926,0.107914,1,10,943,952,962,971,980,989,999,1008,1017,1026,1036,1045,1054,1073,1091,1110,1138,1165,1202,1240,1277,1323,1369,1425,1490,1555,1610,1684,1833,2018,2296
899.2593,0.108295,2,10,936,945,955,964,973,982,992,1001,1010,1019,1029,1038,1047,1065,1084,1102,1130,1158,1195,1232,1269,1315,1361,1416,1481,1546,1601,1675,1823,2007,2284
897.7778,0.10819,3,10,935,944,953,962,972,981,990,999,1009,1018,1027,1036,1046,1064,1083,1101,1129,1157,1194,1231,1267,1314,1360,1415,1480,1545,1600,1674,1822,2007,2284
900,0.107399,4,10,937,947,956,965,974,984,993,1002,1012,1021,1030,1040,1049,1068,1086,1105,1133,1161,1198,1235,1272,1319,1366,1421,1487,1552,1608,1682,1831,2017,2297
896.2963,0.108451,5,10,933,942,952,961,970,979,989,998,1007,1016,1025,1035,1044,1062,1081,1099,1127,1154,1191,1228,1265,1311,1357,1413,1477,1542,1597,1671,1818,2003,2279
909.6296,0.108731,6,10,946,956,965,974,983,992,1002,1011,1020,1029,1038,1048,1057,1075,1094,1112,1140,1167,1204,1241,1278,1323,1369,1425,1489,1553,1609,1682,1829,2013,2289
894.8148,0.107296,7,10,932,941,951,960,969,979,988,997,1007,1016,1025,1035,1044,1063,1081,1100,1128,1156,1193,1230,1268,1314,1361,1417,1482,1547,1603,1678,1827,2013,2293
893.3333,0.10826,8,10,930,940,949,958,967,976,986,995,1004,1013,1023,1032,1041,1060,1078,1097,1124,1152,1189,1226,1263,1309,1355,1411,1475,1540,1595,1669,1817,2002,2279
905.926,0.108242,9,10,943,952,961,971,980,989,998,1008,1017,1026,1035,1045,1054,1072,1091,1109,1137,1165,1202,1239,1275,1322,1368,1423,1488,1553,1608,1682,1830,2015,2292
885.1852,0.107983,10,10,922,931,941,950,959,969,978,987,996,1006,1015,1024,1033,1052,1070,1089,1117,1144,1182,1219,1256,1302,1348,1404,1469,1533,1589,1663,1811,1996,2274
916.2963,0.106601,11,10,954,963,973,982,991,1001,1010,1019,1029,1038,1048,1057,1066,1085,1104,1123,1151,1179,1216,1254,1292,1338,1385,1442,1507,1573,1629,1704,1854,2042,2323
894.8148,0.108242,0,11,932,941,950,959,969,978,987,996,1006,1015,1024,1033,1043,1061,1080,1098,1126,1153,1190,1227,1264,1311,1357,1412,1477,1542,1597,1671,1819,2003,2281
911.8518,0.108591,1,11,949,958,967,976,986,995,1004,1013,1022,1032,1041,1050,1059,1078,1096,1114,1142,1170,1207,1243,1280,1326,1372,1428,1492,1556,1612,1685,1833,2017,2293
899.2593,0.108871,2,11,936,945,954,964,973,982,991,1000,1009,1019,1028,1037,1046,1065,1083,1101,1129,1156,1193,1230,1267,1313,1359,1414,1478,1542,1597,1671,1818,2001,2277
902.2222,0.108242,3,11,939,948,958,967,976,985,995,1004,1013,1022,1032,1041,1050,1069,1087,1105,1133,1161,1198,1235,1272,1318,1364,1420,1484,1549,1604,1678,1826,2011,2288
905.1852,0.107845,4,11,942,952,961,970,979,989,998,1007,1016,1026,1035,1044,1054,1072,1091,1109,1137,1165,1202,1239,1276,1322,1369,1424,1489,1554,1610,1684,1832,2018,2296
893.3333,0.107896,5,11,930,940,949,958,967,977,986,995,1005,1014,1023,1032,1042,1060,1079,1097,1125,1153,1190,1227,1264,1310,1357,1412,1477,1542,1598,1672,1820,2006,2284
894.074,0.108766,6,11,931,940,949,958,968,977,986,995,1004,1014,1023,1032,1041,1060,1078,1096,1124,1152,1188,1225,1262,1308,1354,1409,1473,1538,1593,1666,1813,1997,2273
900.7407,0.108382,7,11,938,947,956,965,975,984,993,1002,1011,1021,1030,1039,1048,1067,1085,1104,1131,1159,1196,1233,1270,1316,1362,1417,1482,1547,1602,1676,1823,2008,2285
900,0.107621,8,11,937,946,956,965,974,984,993,1002,1012,1021,1030,1039,1049,1067,1086,1104,1132,1160,1197,1235,1272,1318,1365,1420,1485,1550,1606,1681,1829,2015,2294
897.037,0.107776,9,11,934,943,953,962,971,981,990,999,1008,1018,1027,1036,1045,1064,1083,1101,1129,1157,1194,1231,1268,1315,1361,1417,1482,1547,1602,1676,1825,2010,2289
905.1852,0.109029,10,11,942,951,960,969,979,988,997,1006,1015,1024,1034,1043,1052,1070,1089,1107,1134,1162,1199,1235,1272,1318,1364,1419,1483,1547,1602,1676,1822,2006,2281
904.4445,0.108503,11,11,941,951,960,969,978,987,997,1006,1015,1024,1033,1043,1052,1070,1089,1107,1135,1163,1199,1236,1273,1319,1365,1421,1485,1550,1605,1679,1826,2010,2287
911.1111,0.107896,0,12,948,957,967,976,985,995,1004,1013,1022,1032,1041,1050,1059,1078,1096,1115,1143,1171,1208,1245,1282,1328,1375,1430,1495,1560,1615,1690,1838,2023,2301
906.6667,0.107845,1,12,944,953,962,972,981,990,999,1009,1018,1027,1036,1046,1055,1074,1092,1111,1138,1166,1203,1240,1278,1324,1370,1426,1491,1556,1611,1686,1834,2019,2298
906.6667,0.107827,2,12,944,953,962,972,981,990,999,1009,1018,1027,1037,1046,1055,1074,1092,1111,1139,1166,1203,1241,1278,1324,1370,1426,1491,1556,1611,1686,1834,2020,2298
914.074,0.107793,3,12,951,960,970,979,988,998,1007,1016,1025,1035,1044,1053,1063,1081,1100,1118,1146,1174,1211,1248,1285,1332,1378,1434,1499,1563,1619,1693,1842,2027,2306
918.5185,0.107194,4,12,956,965,974,984,993,1002,1012,1021,1030,1040,1049,1058,1068,1086,1105,1124,1152,1180,1217,1254,1292,1338,1385,1441,1506,1572,1628,1702,1851,2038,2318
900.7407,0.108959,5,12,937,947,956,965,974,983,993,1002,1011,1020,1029,1038,1048,1066,1084,1103,1130,1158,1194,1231,1268,1314,1360,1415,1479,1543,1598,1672,1819,2002,2277
914.074,0.107948,6,12,951,960,970,979,988,997,1007,1016,1025,1035,1044,1053,1062,1081,1099,1118,1146,1173,1211,1248,1285,1331,1377,1433,1498,1563,1618,1692,1840,2026,2304
911.8518,0.10733,7,12,949,958,968,977,986,996,1005,1014,1024,1033,1042,1052,1061,1080,1098,1117,1145,1173,1210,1247,1285,1331,1378,1434,1499,1564,1620,1694,1844,2030,2309
917.7778,0.106719,8,12,955,965,974,983,993,1002,1011,1021,1030,1040,1049,1058,1068,1086,1105,1124,1152,1180,1218,1255,1293,1339,1386,1443,1508,1574,1630,1705,1855,2042,2323
907.4074,0.106551,9,12,945,954,964,973,982,992,1001,1011,1020,1029,1039,1048,1058,1076,1095,1114,1142,1170,1208,1245,1283,1330,1377,1433,1499,1564,1621,1696,1846,2034,2315
904.4445,0.10733,10,12,942,951,960,970,979,988,998,1007,1016,1026,1035,1044,1054,1072,1091,1109,1137,1165,1203,1240,1277,1324,1370,1426,1491,1557,1613,1687,1836,2022,2302
911.1111,0.107211,11,12,948,958,967,976,986,995,1004,1014,1023,1032,1042,1051,1060,1079,1098,1116,1144,1172,1210,1247,1284,1331,1377,1433,1499,1564,1620,1695,1844,2030,2310
880,0.105206,0,13,918,928,937,947,956,966,975,985,994,1004,1013,1023,1032,1051,1070,1089,1118,1146,1184,1222,1260,1308,1355,1412,1479,1545,1602,1678,1831,2021,2306
863.7037,0.105304,1,13,902,911,921,930,940,949,959,968,978,987,997,1006,1016,1035,1054,1073,1101,1130,1168,1206,1244,1291,1339,1395,1462,1528,1585,1661,1813,2003,2288
870.3704,0.10514,2,13,908,918,927,937,946,956,965,975,985,994,1004,1013,1023,1042,1061,1080,1108,1137,1175,1213,1251,1298,1346,1403,1470,1536,1593,1669,1821,2012,2297
880,0.105288,3,13,918,927,937,946,956,965,975,984,994,1003,1013,1022,1032,1051,1070,1089,1117,1146,1184,1222,1260,1307,1355,1412,1478,1545,1602,1678,1830,2020,2305
870.3704,0.105157,4,13,908,918,927,937,946,956,965,975,984,994,1004,1013,1023,1042,1061,1080,1108,1137,1175,1213,1251,1298,1346,1403,1469,1536,1593,1669,1821,2012,2297
867.4074,0.105882,5,13,905,915,924,934,943,952,962,971,981,990,1000,1009,1019,1037,1056,1075,1104,1132,1170,1207,1245,1292,1340,1396,1462,1529,1585,1661,1812,2001,2284
878.5185,0.10699,6,13,916,925,935,944,953,963,972,981,991,1000,1009,1019,1028,1047,1065,1084,1112,1140,1178,1215,1252,1299,1346,1402,1467,1533,1589,1664,1813,2000,2281
873.3333,0.104814,7,13,911,921,931,940,950,959,969,978,988,997,1007,1016,1026,1045,1064,1083,1112,1140,1179,1217,1255,1303,1350,1408,1474,1541,1598,1675,1827,2018,2304
884.4445,0.104247,8,13,923,932,942,952,961,971,980,990,1000,1009,1019,1028,1038,1057,1076,1095,1124,1153,1191,1230,1268,1316,1364,1422,1489,1556,1613,1690,1844,2036,2323
885.926,0.104392,9,13,924,934,943,953,963,972,982,991,1001,1010,1020,1030,1039,1058,1078,1097,1125,1154,1192,1231,1269,1317,1365,1422,1489,1556,1614,1691,1844,2035,2323
871.1111,0.104814,10,13,909,919,928,938,947,957,967,976,986,995,1005,1014,1024,1043,1062,1081,1110,1138,1176,1215,1253,1300,1348,1405,1472,1539,1596,1673,1825,2016,2302
867.4074,0.105535,11,13,905,915,924,934,943,953,962,972,981,991,1000,1010,1019,1038,1057,1076,1104,1133,1171,1209,1246,1294,1341,1398,1464,1531,1588,1663,1815,2004,2289
865.1852,0.106417,0,14,903,912,922,931,940,950,959,969,978,987,997,1006,1016,1034,1053,1072,1100,1128,1166,1203,1241,1288,1335,1391,1457,1523,1579,1655,1805,1993,2275
868.1482,0.106467,1,14,906,915,925,934,943,953,962,971,981,990,1000,1009,1018,1037,1056,1075,1103,1131,1169,1206,1244,1291,1338,1394,1460,1526,1582,1657,1807,1995,2277
871.1111,0.106719,2,14,909,918,927,937,946,955,965,974,984,993,1002,1012,1021,1040,1059,1077,1105,1133,1171,1208,1246,1293,1340,1396,1461,1527,1583,1658,1808,1996,2277
860,0.106149,3,14,898,907,917,926,935,945,954,964,973,982,992,1001,1011,1030,1048,1067,1096,1124,1161,1199,1237,1284,1331,1388,1454,1519,1576,1651,1802,1990,2273
864.4445,0.105568,4,14,902,912,921,931,940,950,959,969,978,988,997,1007,1016,1035,1054,1073,1101,1130,1168,1205,1243,1291,1338,1395,1461,1528,1584,1660,1812,2001,2285
862.2222,0.106049,5,14,900,909,919,928,938,947,957,966,975,985,994,1004,1013,1032,1051,1070,1098,1126,1164,1202,1239,1287,1334,1390,1456,1522,1579,1654,1805,1994,2277
868.8889,0.105321,6,14,907,916,926,935,945,954,964,973,983,992,1002,1011,1021,1040,1059,1078,1106,1135,1173,1211,1249,1296,1344,1401,1467,1534,1590,1666,1818,2008,2293
867.4074,0.105535,7,14,905,915,924,934,943,953,962,972,981,991,1000,1010,1019,1038,1057,1076,1104,1133,1171,1209,1246,1294,1341,1398,1464,1531,1588,1663,1815,2004,2289
860,0.105452,8,14,898,907,917,926,936,945,955,964,974,983,993,1002,1012,1031,1050,1069,1097,1126,1163,1201,1239,1287,1334,1391,1457,1524,1581,1657,1808,1998,2282
865.926,0.107313,9,14,903,913,922,931,940,950,959,968,978,987,996,1006,1015,1034,1052,1071,1099,1127,1164,1201,1239,1285,1332,1388,1453,1518,1574,1649,1798,1984,2264
852.5926,0.105354,10,14,891,900,910,919,929,938,948,957,966,976,985,995,1004,1023,1042,1061,1090,1118,1156,1194,1232,1280,1327,1384,1451,1517,1574,1650,1802,1992,2276
862.963,0.105518,11,14,901,910,920,929,939,948,958,967,977,986,996,1005,1015,1034,1053,1071,1100,1128,1166,1204,1242,1289,1337,1394,1460,1526,1583,1659,1811,2000,2285
886.6667,0.108295,0,15,924,933,942,951,961,970,979,988,997,1007,1016,1025,1034,1053,1071,1090,1118,1145,1182,1219,1256,1302,1348,1404,1468,1533,1588,1662,1810,1995,2272
890.3704,0.109135,1,15,927,936,945,955,964,973,982,991,1000,1009,1019,1028,1037,1055,1074,1092,1119,1147,1184,1220,1257,1303,1349,1403,1468,1532,1587,1660,1807,1990,2265
888.8889,0.109774,2,15,925,934,944,953,962,971,980,989,998,1007,1016,1026,1035,1053,1071,1089,1117,1144,1180,1217,1253,1299,1344,1399,1463,1527,1581,1654,1800,1982,2255
891.8518,0.109223,3,15,928,938,947,956,965,974,983,993,1002,1011,1020,1029,1038,1057,1075,1093,1121,1148,1185,1221,1258,1304,1350,1405,1469,1533,1588,1661,1807,1991,2265
880,0.108924,4,15,917,926,935,944,953,963,972,981,990,999,1009,1018,1027,1045,1064,1082,1110,1137,1174,1211,1247,1293,1339,1394,1458,1523,1578,1651,1798,1982,2257
882.2222,0.108573,5,15,919,928,937,947,956,965,974,984,993,1002,1011,1020,1030,1048,1066,1085,1112,1140,1177,1214,1251,1297,1343,1398,1462,1527,1582,1656,1803,1987,2264
897.7778,0.109365,6,15,934,943,953,962,971,980,989,998,1008,1017,1026,1035,1044,1062,1081,1099,1126,1154,1190,1227,1264,1309,1355,1410,1474,1538,1593,1666,1812,1995,2269
886.6667,0.108889,7,15,923,933,942,951,960,969,979,988,997,1006,1015,1024,1034,1052,1070,1089,1116,1144,1181,1217,1254,1300,1346,1401,1465,1530,1585,1658,1805,1989,2264
899.2593,0.108994,8,15,936,945,954,963,973,982,991,1000,1009,1019,1028,1037,1046,1064,1083,1101,1129,1156,1193,1230,1266,1312,1358,1413,1477,1541,1597,1670,1817,2000,2275
899.2593,0.108994,9,15,936,945,954,963,973,982,991,1000,1009,1019,1028,1037,1046,1064,1083,1101,1129,1156,1193,1230,1266,1312,1358,1413,1477,1541,1597,1670,1817,2000,2275
888.8889,0.108069,10,15,926,935,944,954,963,972,981,991,1000,1009,1018,1028,1037,1055,1074,1092,1120,1148,1185,1222,1259,1305,1352,1407,1472,1537,1592,1666,1814,1999,2277
888.1482,0.10826,11,15,925,934,944,953,962,971,981,990,999,1008,1017,1027,1036,1054,1073,1091,1119,1147,1184,1221,1258,1304,1350,1405,1470,1535,1590,1664,1812,1997,2274
895.5555,0.109596,0,16,932,941,950,959,969,978,987,996,1005,1014,1023,1032,1042,1060,1078,1096,1124,1151,1188,1224,1261,1306,1352,1407,1470,1534,1589,1662,1808,1990,2264
894.074,0.108994,1,16,931,940,949,958,967,977,986,995,1004,1013,1023,1032,1041,1059,1078,1096,1123,1151,1188,1224,1261,1307,1353,1408,1472,1536,1591,1665,1812,1995,2270
879.2593,0.110276,2,16,916,925,934,943,952,961,970,979,988,997,1006,1015,1024,1042,1061,1079,1106,1133,1169,1206,1242,1287,1333,1387,1451,1514,1568,1641,1786,1967,2239
897.037,0.109082,3,16,934,943,952,961,970,980,989,998,1007,1016,1025,1035,1044,1062,1080,1099,1126,1154,1190,1227,1264,1310,1355,1410,1475,1539,1594,1667,1814,1997,2272
899.2593,0.108994,4,16,936,945,954,963,973,982,991,1000,1009,1019,1028,1037,1046,1064,1083,1101,1129,1156,1193,1230,1266,1312,1358,1413,1477,1541,1597,1670,1817,2000,2275
902.2222,0.110168,5,16,939,948,957,966,975,984,993,1002,1011,1020,1029,1038,1047,1066,1084,1102,1129,1156,1193,1229,1265,1311,1356,1411,1474,1538,1592,1665,1810,1991,2264
892.5926,0.110096,6,16,929,938,947,956,965,974,983,993,1002,1011,1020,1029,1038,1056,1074,1092,1120,1147,1183,1220,1256,1301,1347,1401,1465,1528,1583,1656,1801,1983,2255
896.2963,0.109135,7,16,933,942,951,960,970,979,988,997,1006,1015,1025,1034,1043,1061,1080,1098,1125,1153,1190,1226,1263,1309,1354,1409,1474,1538,1593,1666,1813,1996,2271
900,0.108573,8,16,937,946,955,964,974,983,992,1001,1011,1020,1029,1038,1047,1066,1084,1103,1130,1158,1195,1232,1268,1314,1361,1416,1480,1545,1600,1674,1821,2005,2282
894.8148,0.1094,9,16,931,941,950,959,968,977,986,995,1005,1014,1023,1032,1041,1059,1078,1096,1123,1151,1187,1224,1260,1306,1352,1407,1471,1535,1590,1663,1809,1992,2266
897.7778,0.109259,10,16,934,944,953,962,971,980,989,998,1008,1017,1026,1035,1044,1063,1081,1099,1127,1154,1191,1227,1264,1310,1355,1410,1474,1538,1593,1667,1813,1996,2271
905.1852,0.110312,11,16,941,951,960,969,978,987,996,1005,1014,1023,1032,1041,1050,1068,1086,1105,1132,1159,1195,1232,1268,1313,1358,1413,1476,1540,1594,1667,1812,1993,2265
906.6667,0.108783,0,17,943,953,962,971,980,989,999,1008,1017,1026,1035,1045,1054,1072,1091,1109,1136,1164,1201,1238,1274,1320,1366,1421,1486,1550,1605,1679,1826,2010,2286
911.8518,0.109738,1,17,948,957,967,976,985,994,1003,1012,1021,1030,1039,1049,1058,1076,1094,1112,1140,1167,1203,1240,1276,1322,1367,1422,1486,1550,1604,1677,1823,2005,2279
912.5926,0.108801,2,17,949,959,968,977,986,995,1005,1014,1023,1032,1041,1050,1060,1078,1096,1115,1142,1170,1207,1243,1280,1326,1372,1427,1492,1556,1611,1685,1832,2016,2291
917.7778,0.108626,3,17,955,964,973,982,991,1001,1010,1019,1028,1037,1047,1056,1065,1083,1102,1120,1148,1176,1212,1249,1286,1332,1378,1433,1498,1562,1617,1691,1838,2022,2299
908.1482,0.108399,4,17,945,954,963,973,982,991,1000,1010,1019,1028,1037,1047,1056,1074,1093,1111,1139,1166,1203,1240,1277,1323,1369,1425,1489,1554,1609,1683,1831,2015,2292
896.2963,0.109614,5,17,933,942,951,960,969,978,988,997,1006,1015,1024,1033,1042,1061,1079,1097,1124,1152,1188,1225,1261,1307,1352,1407,1471,1535,1590,1663,1809,1991,2265
909.6296,0.108713,6,17,946,956,965,974,983,992,1002,1011,1020,1029,1038,1048,1057,1075,1094,1112,1140,1167,1204,1241,1278,1324,1370,1425,1489,1554,1609,1682,1829,2013,2289
905.926,0.108591,7,17,943,952,961,970,980,989,998,1007,1016,1026,1035,1044,1053,1072,1090,1109,1136,1164,1201,1237,1274,1320,1366,1422,1486,1551,1606,1679,1827,2011,2287
914.8148,0.108836,8,17,952,961,970,979,988,998,1007,1016,1025,1034,1043,1053,1062,1080,1099,1117,1145,1172,1209,1246,1282,1328,1374,1429,1494,1558,1613,1687,1834,2017,2293
904.4445,0.1091,9,17,941,950,959,969,978,987,996,1005,1014,1024,1033,1042,1051,1069,1088,1106,1134,1161,1198,1234,1271,1317,1363,1418,1482,1546,1601,1674,1821,2004,2279
902.2222,0.108959,10,17,939,948,957,966,976,985,994,1003,1012,1022,1031,1040,1049,1067,1086,1104,1132,1159,1196,1233,1269,1315,1361,1416,1480,1545,1600,1673,1820,2004,2279
903.7037,0.109259,11,17,940,949,959,968,977,986,995,1004,1014,1023,1032,1041,1050,1068,1087,1105,1133,1160,1197,1233,1270,1316,1361,1416,1480,1544,1599,1673,1819,2002,2277
908.8889,0.107381,0,18,946,955,965,974,983,993,1002,1011,1021,1030,1039,1049,1058,1077,1095,1114,1142,1170,1207,1244,1281,1328,1375,1430,1496,1561,1617,1691,1840,2026,2306
894.8148,0.106652,1,18,932,942,951,960,970,979,989,998,1007,1017,1026,1035,1045,1064,1082,1101,1129,1157,1195,1232,1270,1317,1364,1420,1486,1551,1607,1682,1832,2020,2301
907.4074,0.106973,2,18,945,954,963,973,982,992,1001,1010,1020,1029,1038,1048,1057,1076,1094,1113,1141,1169,1207,1244,1281,1328,1375,1431,1496,1562,1618,1693,1842,2029,2310
901.4815,0.107262,3,18,939,948,957,967,976,985,995,1004,1013,1023,1032,1041,1051,1069,1088,1107,1135,1163,1200,1237,1274,1321,1368,1424,1489,1554,1610,1685,1834,2020,2300
885.926,0.106433,4,18,924,933,942,952,961,970,980,989,999,1008,1017,1027,1036,1055,1074,1093,1121,1149,1187,1224,1262,1309,1356,1412,1478,1544,1600,1675,1825,2013,2295
894.8148,0.106753,5,18,932,942,951,960,970,979,988,998,1007,1017,1026,1035,1045,1063,1082,1101,1129,1157,1195,1232,1270,1316,1363,1419,1485,1551,1607,1682,1832,2019,2300
902.963,0.106652,6,18,940,950,959,969,978,987,997,1006,1015,1025,1034,1044,1053,1072,1090,1109,1137,1165,1203,1241,1278,1325,1372,1428,1494,1559,1616,1691,1841,2028,2309
902.963,0.106216,7,18,941,950,959,969,978,988,997,1007,1016,1025,1035,1044,1054,1072,1091,1110,1138,1167,1204,1242,1280,1327,1374,1430,1496,1562,1618,1694,1844,2033,2315
899.2593,0.105634,8,18,937,947,956,966,975,984,994,1003,1013,1022,1032,1041,1051,1070,1089,1108,1136,1164,1202,1240,1278,1325,1373,1429,1496,1562,1619,1694,1846,2035,2319
893.3333,0.107092,9,18,931,940,949,959,968,977,987,996,1005,1015,1024,1033,1043,1061,1080,1099,1127,1155,1192,1229,1267,1314,1360,1416,1482,1547,1603,1678,1827,2014,2294
902.2222,0.106199,10,18,940,949,959,968,978,987,996,1006,1015,1025,1034,1043,1053,1072,1091,1109,1138,1166,1204,1241,1279,1326,1373,1430,1495,1561,1618,1693,1844,2032,2315
893.3333,0.106922,11,18,931,940,949,959,968,978,987,996,1006,1015,1024,1034,1043,1062,1080,1099,1127,1155,1193,1230,1267,1314,1361,1417,1483,1548,1604,1679,1829,2016,2296
905.1852,0.107638,0,19,942,952,961,970,980,989,998,1007,1017,1026,1035,1045,1054,1072,1091,1110,1137,1165,1202,1240,1277,1323,1370,1425,1490,1556,1611,1686,1834,2020,2299
918.5185,0.107776,1,19,956,965,974,983,993,1002,1011,1021,1030,1039,1048,1058,1067,1086,1104,1123,1150,1178,1215,1253,1290,1336,1382,1438,1503,1568,1624,1698,1846,2032,2310
894.8148,0.108451,2,19,932,941,950,959,969,978,987,996,1005,1015,1024,1033,1042,1061,1079,1098,1125,1153,1190,1227,1264,1310,1356,1411,1476,1540,1596,1669,1817,2001,2278
903.7037,0.107279,3,19,941,950,960,969,978,988,997,1006,1016,1025,1034,1044,1053,1071,1090,1109,1137,1165,1202,1239,1277,1323,1370,1426,1491,1556,1612,1687,1836,2022,2302
901.4815,0.108312,4,19,938,948,957,966,975,985,994,1003,1012,1022,1031,1040,1049,1068,1086,1105,1132,1160,1197,1234,1271,1317,1363,1419,1483,1548,1603,1677,1825,2009,2286
909.6296,0.107109,5,19,947,956,966,975,984,994,1003,1012,1022,1031,1040,1050,1059,1078,1096,1115,1143,1171,1208,1246,1283,1330,1376,1432,1498,1563,1619,1694,1843,2030,2310
918.5185,0.107673,6,19,956,965,974,984,993,1002,1011,1021,1030,1039,1049,1058,1067,1086,1104,1123,1151,1179,1216,1253,1290,1336,1383,1439,1504,1569,1624,1699,1847,2033,2312
900,0.106686,7,19,937,947,956,966,975,984,994,1003,1012,1022,1031,1041,1050,1069,1087,1106,1134,1162,1200,1237,1275,1322,1369,1425,1491,1556,1612,1687,1837,2025,2306
914.8148,0.106601,8,19,952,962,971,980,990,999,1009,1018,1027,1037,1046,1056,1065,1084,1102,1121,1149,1177,1215,1253,1290,1337,1384,1440,1506,1571,1628,1703,1853,2041,2322
898.5185,0.10699,9,19,936,945,955,964,973,983,992,1001,1011,1020,1029,1039,1048,1067,1085,1104,1132,1160,1198,1235,1272,1319,1366,1422,1487,1553,1609,1684,1833,2020,2301
907.4074,0.106973,10,19,945,954,963,973,982,992,1001,1010,1020,1029,1038,1048,1057,1076,1094,1113,1141,1169,1207,1244,1281,1328,1375,1431,1496,1562,1618,1693,1842,2029,2310
901.4815,0.108538,11,19,938,948,957,966,975,984,994,1003,1012,1021,1030,1040,1049,1067,1086,1104,1132,1159,1196,1233,1270,1316,1362,1417,1482,1546,1602,1675,1823,2007,2283
884.4445,0.107313,0,20,922,931,940,950,959,968,978,987,996,1006,1015,1024,1034,1052,1071,1089,1117,1145,1183,1220,1257,1304,1350,1406,1472,1537,1593,1667,1816,2003,2282
882.963,0.106652,1,20,920,930,939,949,958,967,977,986,995,1005,1014,1024,1033,1052,1070,1089,1117,1145,1183,1221,1258,1305,1352,1408,1474,1539,1596,1671,1821,2008,2289
885.1852,0.107587,2,20,922,932,941,950,960,969,978,987,997,1006,1015,1025,1034,1052,1071,1090,1118,1145,1183,1220,1257,1303,1350,1406,1471,1536,1592,1666,1815,2001,2279
877.037,0.10757,3,20,914,924,933,942,951,961,970,979,989,998,1007,1016,1026,1044,1063,1082,1109,1137,1175,1212,1249,1295,1342,1398,1463,1528,1584,1658,1807,1993,2271
871.1111,0.107621,4,20,908,918,927,936,945,955,964,973,983,992,1001,1010,1020,1038,1057,1076,1103,1131,1168,1206,1243,1289,1336,1391,1456,1522,1577,1652,1800,1986,2265
892.5926,0.107177,5,20,930,939,949,958,967,977,986,995,1005,1014,1023,1033,1042,1061,1079,1098,1126,1154,1191,1228,1266,1312,1359,1415,1480,1546,1602,1676,1826,2012,2292
886.6667,0.108069,6,20,924,933,942,951,961,970,979,988,998,1007,1016,1025,1035,1053,1072,1090,1118,1146,1183,1220,1257,1303,1349,1405,1470,1534,1590,1664,1812,1997,2275
885.926,0.107313,7,20,923,933,942,951,960,970,979,988,998,1007,1016,1026,1035,1054,1072,1091,1119,1147,1184,1221,1259,1305,1352,1408,1473,1538,1594,1669,1818,2004,2284
889.6296,0.107313,8,20,927,936,946,955,964,973,983,992,1001,1011,1020,1029,1039,1057,1076,1095,1123,1151,1188,1225,1262,1309,1356,1411,1477,1542,1598,1672,1821,2008,2287
884.4445,0.10677,9,20,922,931,941,950,959,969,978,987,997,1006,1016,1025,1034,1053,1072,1090,1119,1147,1184,1222,1259,1306,1353,1409,1474,1540,1596,1671,1821,2008,2289
891.8518,0.106787,10,20,929,939,948,957,967,976,985,995,1004,1014,1023,1032,1042,1060,1079,1098,1126,1154,1192,1229,1266,1313,1360,1416,1482,1547,1604,1678,1828,2016,2297
880,0.107177,11,20,917,927,936,945,955,964,973,983,992,1001,1011,1020,1029,1048,1067,1085,1113,1141,1179,1216,1253,1300,1347,1403,1468,1533,1589,1664,1813,2000,2280
869.6296,0.108017,0,21,907,916,925,934,944,953,962,971,981,990,999,1008,1018,1036,1055,1073,1101,1129,1166,1203,1240,1286,1333,1388,1453,1518,1573,1647,1795,1981,2258
876.2963,0.107862,1,21,913,923,932,941,950,960,969,978,988,997,1006,1015,1025,1043,1062,1080,1108,1136,1173,1210,1247,1293,1340,1395,1460,1525,1581,1655,1803,1989,2267
880.7407,0.107673,2,21,918,927,936,946,955,964,974,983,992,1001,1011,1020,1029,1048,1066,1085,1113,1141,1178,1215,1252,1299,1345,1401,1466,1531,1587,1661,1809,1995,2274
880,0.107024,3,21,917,927,936,945,955,964,973,983,992,1001,1011,1020,1029,1048,1067,1086,1114,1142,1179,1216,1254,1300,1347,1403,1469,1534,1590,1665,1814,2001,2282
869.6296,0.10745,4,21,907,916,925,935,944,953,963,972,981,991,1000,1009,1019,1037,1056,1074,1102,1130,1167,1205,1242,1288,1335,1391,1456,1521,1577,1651,1800,1986,2266
877.037,0.108138,5,21,914,923,933,942,951,960,970,979,988,997,1007,1016,1025,1043,1062,1080,1108,1136,1173,1210,1247,1293,1339,1395,1460,1524,1580,1654,1802,1987,2264
876.2963,0.107296,6,21,914,923,932,942,951,960,969,979,988,997,1007,1016,1025,1044,1063,1081,1109,1137,1175,1212,1249,1296,1342,1398,1463,1529,1585,1659,1808,1995,2274
880,0.107638,7,21,917,926,936,945,954,964,973,982,991,1001,1010,1019,1029,1047,1066,1084,1112,1140,1177,1214,1252,1298,1345,1400,1465,1530,1586,1660,1809,1995,2274
865.1852,0.107845,8,21,902,912,921,930,939,949,958,967,976,986,995,1004,1014,1032,1051,1069,1097,1125,1162,1199,1236,1282,1329,1384,1449,1514,1570,1644,1792,1978,2256
883.7037,0.108035,9,21,921,930,939,948,958,967,976,986,995,1004,1013,1023,1032,1050,1069,1087,1115,1143,1180,1217,1254,1300,1347,1402,1467,1532,1587,1661,1809,1994,2272
874.8148,0.107279,10,21,912,921,931,940,949,959,968,977,987,996,1005,1015,1024,1043,1061,1080,1108,1136,1173,1210,1248,1294,1341,1397,1462,1527,1583,1658,1807,1993,2273
877.7778,0.107845,11,21,915,924,933,943,952,961,971,980,989,998,1008,1017,1026,1045,1063,1082,1110,1137,1175,1212,1249,1295,1341,1397,1462,1527,1582,1657,1805,1990,2269
904.4445,0.10769,0,22,942,951,960,969,979,988,997,1007,1016,1025,1034,1044,1053,1072,1090,1109,1137,1164,1202,1239,1276,1322,1369,1424,1489,1554,1610,1684,1833,2019,2297
902.963,0.108295,1,22,940,949,958,968,977,986,995,1005,1014,1023,1032,1041,1051,1069,1088,1106,1134,1162,1198,1235,1272,1318,1365,1420,1485,1549,1605,1679,1826,2011,2288
898.5185,0.108138,2,22,936,945,954,963,972,982,991,1000,1009,1019,1028,1037,1046,1065,1083,1102,1130,1157,1194,1231,1268,1315,1361,1416,1481,1546,1601,1675,1823,2008,2286
902.963,0.108521,3,22,940,949,958,967,977,986,995,1004,1014,1023,1032,1041,1050,1069,1087,1106,1133,1161,1198,1235,1272,1318,1364,1419,1483,1548,1603,1677,1824,2009,2285
904.4445,0.107347,4,22,942,951,960,970,979,988,998,1007,1016,1026,1035,1044,1053,1072,1091,1109,1137,1165,1203,1240,1277,1324,1370,1426,1491,1557,1612,1687,1836,2022,2302
909.6296,0.108486,5,22,947,956,965,974,983,993,1002,1011,1020,1029,1039,1048,1057,1076,1094,1112,1140,1168,1205,1241,1278,1324,1371,1426,1490,1555,1610,1684,1831,2016,2292
916.2963,0.108451,6,22,953,962,972,981,990,999,1009,1018,1027,1036,1045,1055,1064,1082,1101,1119,1147,1174,1211,1248,1285,1331,1377,1433,1497,1562,1617,1691,1838,2023,2299
909.6296,0.106956,7,22,947,956,966,975,984,994,1003,1012,1022,1031,1041,1050,1059,1078,1097,1115,1143,1171,1209,1246,1284,1330,1377,1433,1499,1564,1620,1695,1845,2032,2312
907.4074,0.108801,8,22,944,953,963,972,981,990,999,1009,1018,1027,1036,1045,1054,1073,1091,1110,1137,1165,1202,1238,1275,1321,1367,1422,1486,1551,1606,1679,1827,2010,2286
908.8889,0.107364,9,22,946,955,965,974,983,993,1002,1011,1021,1030,1039,1049,1058,1077,1095,1114,1142,1170,1207,1244,1281,1328,1375,1430,1496,1561,1617,1691,1840,2027,2306
907.4074,0.107776,10,22,945,954,963,972,982,991,1000,1009,1019,1028,1037,1047,1056,1074,1093,1112,1139,1167,1204,1241,1279,1325,1371,1427,1492,1557,1613,1687,1835,2021,2299
902.2222,0.108364,11,22,939,948,958,967,976,985,995,1004,1013,1022,1031,1041,1050,1068,1087,1105,1133,1161,1198,1234,1271,1317,1364,1419,1484,1548,1604,1677,1825,2010,2286
905.926,0.108836,0,23,943,952,961,970,979,989,998,1007,1016,1025,1035,1044,1053,1071,1090,1108,1136,1163,1200,1237,1273,1319,1365,1420,1485,1549,1604,1678,1825,2009,2284
893.3333,0.108608,1,23,930,939,949,958,967,976,985,995,1004,1013,1022,1031,1041,1059,1077,1096,1124,1151,1188,1225,1262,1308,1354,1409,1473,1538,1593,1667,1814,1998,2274
906.6667,0.108906,2,23,943,953,962,971,980,989,998,1008,1017,1026,1035,1044,1054,1072,1090,1109,1136,1164,1200,1237,1274,1320,1366,1421,1485,1549,1605,1678,1825,2009,2284
907.4074,0.108469,3,23,944,954,963,972,981,990,1000,1009,1018,1027,1036,1046,1055,1073,1092,1110,1138,1166,1202,1239,1276,1322,1368,1424,1488,1553,1608,1682,1829,2014,2290
906.6667,0.108416,4,23,944,953,962,971,980,990,999,1008,1017,1027,1036,1045,1054,1073,1091,1110,1137,1165,1202,1239,1276,1322,1368,1423,1488,1552,1608,1681,1829,2014,2290
903.7037,0.108801,5,23,940,950,959,968,977,986,996,1005,1014,1023,1032,1042,1051,1069,1088,1106,1133,1161,1198,1235,1271,1317,1363,1418,1483,1547,1602,1676,1823,2007,2282
910.3704,0.109223,6,23,947,956,965,974,984,993,1002,1011,1020,1029,1039,1048,1057,1075,1093,1112,1139,1167,1203,1240,1277,1322,1368,1423,1487,1551,1606,1679,1826,2009,2284
905.926,0.108486,7,23,943,952,961,970,980,989,998,1007,1017,1026,1035,1044,1053,1072,1090,1109,1136,1164,1201,1238,1275,1321,1367,1422,1487,1551,1606,1680,1828,2012,2289
911.8518,0.107827,8,23,949,958,967,977,986,995,1005,1014,1023,1032,1042,1051,1060,1079,1097,1116,1144,1172,1209,1246,1283,1329,1376,1431,1496,1561,1617,1691,1839,2025,2303
922.2222,0.107983,9,23,959,969,978,987,996,1006,1015,1024,1033,1043,1052,1061,1070,1089,1107,1126,1154,1182,1219,1256,1293,1339,1385,1441,1506,1570,1626,1700,1848,2034,2311
903.7037,0.108573,10,23,941,950,959,968,977,987,996,1005,1014,1023,1033,1042,1051,1069,1088,1106,1134,1162,1198,1235,1272,1318,1364,1419,1484,1548,1604,1677,1825,2009,2285
905.926,0.109312,11,23,943,952,961,970,979,988,997,1007,1016,1025,1034,1043,1052,1071,1089,1107,1135,1162,1199,1235,1272,1318,1363,1418,1482,1546,1601,1674,1821,2004,2278
902.963,0.108277,0,24,940,949,958,968,977,986,995,1005,1014,1023,1032,1041,1051,1069,1088,1106,1134,1162,1199,1235,1272,1319,1365,1420,1485,1549,1605,1679,1827,2011,2288
893.3333,0.108573,1,24,930,939,949,958,967,976,985,995,1004,1013,1022,1031,1041,1059,1078,1096,1124,1151,1188,1225,1262,1308,1354,1409,1474,1538,1593,1667,1814,1999,2275
900.7407,0.108853,2,24,937,947,956,965,974,983,993,1002,1011,1020,1029,1039,1048,1066,1084,1103,1130,1158,1195,1231,1268,1314,1360,1415,1480,1544,1599,1672,1819,2003,2279
891.8518,0.107931,3,24,929,938,947,957,966,975,985,994,1003,1012,1022,1031,1040,1059,1077,1096,1123,1151,1188,1225,1262,1309,1355,1411,1476,1540,1596,1670,1818,2004,2282
891.8518,0.108312,4,24,929,938,947,956,966,975,984,993,1003,1012,1021,1030,1040,1058,1077,1095,1123,1150,1187,1224,1261,1307,1353,1409,1474,1538,1594,1667,1815,2000,2277
885.1852,0.108329,5,24,922,931,941,950,959,968,977,987,996,1005,1014,1024,1033,1051,1070,1088,1116,1144,1181,1218,1254,1301,1347,1402,1467,1531,1587,1661,1808,1993,2270
889.6296,0.109029,6,24,926,935,945,954,963,972,981,991,1000,1009,1018,1027,1036,1055,1073,1091,1119,1146,1183,1220,1257,1302,1348,1403,1467,1532,1587,1660,1807,1990,2265
899.2593,0.108871,7,24,936,945,954,964,973,982,991,1000,1009,1019,1028,1037,1046,1065,1083,1101,1129,1156,1193,1230,1267,1313,1359,1414,1478,1542,1597,1671,1818,2001,2277
902.2222,0.108364,8,24,939,948,958,967,976,985,995,1004,1013,1022,1031,1041,1050,1068,1087,1105,1133,1161,1198,1234,1271,1317,1364,1419,1484,1548,1604,1677,1825,2010,2286
908.1482,0.10745,9,24,945,955,964,973,983,992,1001,1011,1020,1029,1038,1048,1057,1076,1094,1113,1141,1169,1206,1243,1280,1327,1373,1429,1494,1560,1615,1690,1839,2025,2304
891.8518,0.107347,10,24,929,938,948,957,966,976,985,994,1004,1013,1022,1032,1041,1060,1078,1097,1125,1153,1190,1227,1264,1311,1358,1414,1479,1544,1600,1674,1823,2010,2289
900,0.108941,11,24,937,946,955,964,973,983,992,1001,1010,1019,1029,1038,1047,1065,1084,1102,1129,1157,1194,1230,1267,1313,1359,1414,1478,1543,1598,1671,1818,2002,2277
884.4445,0.106249,0,25,922,932,941,950,960,969,979,988,997,1007,1016,1026,1035,1054,1073,1092,1120,1148,1186,1223,1261,1308,1355,1412,1477,1543,1600,1675,1826,2014,2296
880,0.106855,1,25,917,927,936,946,955,964,974,983,992,1002,1011,1020,1030,1048,1067,1086,1114,1142,1179,1217,1254,1301,1348,1404,1470,1535,1591,1666,1816,2003,2284
888.1482,0.10745,2,25,925,935,944,953,963,972,981,991,1000,1009,1018,1028,1037,1056,1074,1093,1121,1149,1186,1223,1260,1307,1353,1409,1474,1540,1595,1670,1819,2005,2284
878.5185,0.106049,3,25,916,926,935,945,954,963,973,982,992,1001,1011,1020,1029,1048,1067,1086,1114,1143,1180,1218,1256,1303,1350,1407,1473,1539,1595,1671,1821,2010,2293
888.8889,0.106568,4,25,926,936,945,955,964,973,983,992,1001,1011,1020,1030,1039,1058,1077,1095,1123,1152,1189,1227,1264,1311,1358,1414,1480,1546,1602,1677,1827,2015,2296
885.1852,0.106165,5,25,923,932,942,951,961,970,979,989,998,1008,1017,1026,1036,1055,1074,1092,1121,1149,1187,1224,1262,1309,1356,1413,1479,1545,1601,1676,1827,2015,2298
884.4445,0.106232,6,25,922,932,941,950,960,969,979,988,997,1007,1016,1026,1035,1054,1073,1092,1120,1148,1186,1223,1261,1308,1355,1412,1477,1543,1600,1675,1826,2014,2296
876.2963,0.105965,7,25,914,923,933,942,952,961,971,980,990,999,1008,1018,1027,1046,1065,1084,1112,1141,1178,1216,1254,1301,1348,1405,1471,1537,1594,1669,1820,2009,2292
868.1482,0.105799,8,25,906,915,925,934,944,953,963,972,982,991,1000,1010,1019,1038,1057,1076,1104,1133,1171,1208,1246,1293,1341,1397,1464,1530,1586,1662,1813,2002,2286
877.7778,0.105288,9,25,916,925,935,944,954,963,973,982,992,1001,1011,1020,1030,1049,1068,1087,1115,1144,1182,1220,1258,1305,1353,1410,1476,1543,1600,1676,1828,2018,2302
871.8518,0.105683,10,25,910,919,929,938,948,957,966,976,985,995,1004,1014,1023,1042,1061,1080,1108,1137,1175,1212,1250,1298,1345,1402,1468,1534,1591,1667,1818,2007,2291
874.074,0.105551,11,25,912,921,931,940,950,959,969,978,988,997,1007,1016,1026,1045,1064,1083,1111,1139,1177,1215,1253,1300,1348,1405,1471,1537,1594,1670,1821,2011,2295
892.5926,0.108434,0,26,929,939,948,957,966,976,985,994,1003,1012,1022,1031,1040,1059,1077,1095,1123,1151,1188,1225,1261,1308,1354,1409,1474,1538,1593,1667,1815,1999,2276
882.963,0.10757,1,26,920,929,939,948,957,967,976,985,995,1004,1013,1022,1032,1050,1069,1087,1115,1143,1180,1218,1255,1301,1348,1404,1469,1534,1589,1664,1813,1999,2277
883.7037,0.108451,2,26,921,930,939,948,957,967,976,985,994,1004,1013,1022,1031,1050,1068,1087,1114,1142,1179,1216,1253,1299,1345,1400,1465,1529,1584,1658,1806,1990,2267
882.963,0.108173,3,26,920,929,938,948,957,966,975,985,994,1003,1012,1022,1031,1049,1068,1086,1114,1142,1179,1216,1253,1299,1345,1401,1465,1530,1586,1659,1807,1992,2270
882.2222,0.108713,4,26,919,928,937,947,956,965,974,983,993,1002,1011,1020,1029,1048,1066,1085,1112,1140,1177,1213,1250,1296,1342,1397,1462,1526,1581,1655,1802,1986,2262
882.2222,0.108608,5,26,919,928,937,947,956,965,974,984,993,1002,1011,1020,1030,1048,1066,1085,1112,1140,1177,1214,1251,1297,1343,1398,1462,1527,1582,1656,1803,1987,2263
876.2963,0.108818,6,26,913,922,931,941,950,959,968,977,987,996,1005,1014,1023,1042,1060,1078,1106,1134,1170,1207,1244,1290,1336,1391,1455,1520,1575,1648,1795,1979,2255
887.4074,0.108469,7,26,924,934,943,952,961,970,980,989,998,1007,1016,1026,1035,1053,1072,1090,1118,1146,1182,1219,1256,1302,1348,1404,1468,1533,1588,1662,1809,1994,2270
895.5555,0.108871,8,26,932,941,951,960,969,978,987,997,1006,1015,1024,1033,1043,1061,1079,1098,1125,1153,1189,1226,1263,1309,1355,1410,1474,1539,1594,1667,1814,1998,2273
877.7778,0.108069,9,26,915,924,933,943,952,961,970,980,989,998,1007,1017,1026,1044,1063,1081,1109,1137,1174,1211,1248,1294,1340,1396,1461,1526,1581,1655,1803,1988,2266
889.6296,0.107793,10,26,927,936,945,955,964,973,982,992,1001,1010,1020,1029,1038,1057,1075,1094,1122,1149,1186,1224,1261,1307,1353,1409,1474,1539,1595,1669,1817,2003,2281
888.8889,0.109365,11,26,925,935,944,953,962,971,980,989,999,1008,1017,1026,1035,1053,1072,1090,1117,1145,1181,1218,1255,1300,1346,1401,1465,1529,1584,1657,1803,1986,2260
880.7407,0.10733,0,27,918,927,937,946,955,965,974,983,993,1002,1011,1020,1030,1048,1067,1086,1114,1142,1179,1216,1253,1300,1347,1402,1468,1533,1589,1663,1812,1999,2278
882.963,0.108295,1,27,920,929,938,948,957,966,975,985,994,1003,1012,1021,1031,1049,1068,1086,1114,1142,1178,1215,1252,1298,1345,1400,1465,1529,1585,1659,1806,1991,2268
886.6667,0.10819,2,27,924,933,942,951,961,970,979,988,998,1007,1016,1025,1035,1053,1072,1090,1118,1145,1182,1219,1256,1303,1349,1404,1469,1534,1589,1663,1811,1996,2273
881.4815,0.107965,3,27,919,928,937,946,956,965,974,983,993,1002,1011,1020,1030,1048,1067,1085,1113,1141,1178,1215,1252,1298,1345,1400,1465,1530,1585,1660,1808,1993,2271
888.8889,0.108678,4,27,926,935,944,953,963,972,981,990,999,1009,1018,1027,1036,1055,1073,1091,1119,1147,1183,1220,1257,1303,1349,1404,1469,1533,1588,1662,1809,1993,2269
887.4074,0.107983,5,27,924,934,943,952,961,971,980,989,999,1008,1017,1026,1036,1054,1073,1091,1119,1147,1184,1221,1258,1304,1350,1406,1471,1536,1591,1665,1813,1999,2277
888.8889,0.108208,6,27,926,935,944,954,963,972,981,991,1000,1009,1018,1028,1037,1055,1074,1092,1120,1148,1185,1222,1259,1305,1351,1406,1471,1536,1591,1665,1813,1998,2275
894.8148,0.107399,7,27,932,941,951,960,969,979,988,997,1007,1016,1025,1034,1044,1062,1081,1100,1128,1156,1193,1230,1267,1314,1360,1416,1481,1547,1602,1677,1826,2012,2291
888.8889,0.107862,8,27,926,935,945,954,963,972,982,991,1000,1009,1019,1028,1037,1056,1074,1093,1121,1148,1186,1223,1260,1306,1352,1408,1473,1538,1593,1668,1816,2001,2280
884.4445,0.107914,9,27,922,931,940,949,959,968,977,986,996,1005,1014,1023,1033,1051,1070,1088,1116,1144,1181,1218,1255,1301,1348,1403,1468,1533,1589,1663,1811,1996,2274
882.2222,0.108242,10,27,919,928,938,947,956,965,975,984,993,1002,1012,1021,1030,1049,1067,1085,1113,1141,1178,1215,1252,1298,1344,1400,1464,1529,1584,1658,1806,1991,2268
883.7037,0.107638,11,27,921,930,939,949,958,967,977,986,995,1004,1014,1023,1032,1051,1070,1088,1116,1144,1181,1218,1255,1302,1348,1404,1469,1534,1590,1664,1813,1999,2277
905.1852,0.107279,0,28,942,952,961,970,980,989,998,1008,1017,1026,1036,1045,1054,1073,1092,1110,1138,1166,1203,1241,1278,1325,1371,1427,1492,1558,1614,1688,1837,2024,2303
898.5185,0.106838,1,28,936,945,955,964,973,983,992,1001,1011,1020,1030,1039,1048,1067,1086,1104,1133,1161,1198,1235,1273,1320,1367,1423,1488,1554,1610,1685,1835,2022,2303
896.2963,0.108329,2,28,933,942,952,961,970,979,989,998,1007,1016,1026,1035,1044,1062,1081,1099,1127,1155,1192,1229,1266,1312,1358,1413,1478,1542,1598,1672,1819,2004,2281
887.4074,0.10733,3,28,925,934,943,953,962,971,981,990,999,1009,1018,1027,1036,1055,1074,1092,1120,1148,1186,1223,1260,1307,1353,1409,1474,1540,1596,1670,1819,2005,2285
886.6667,0.107279,4,28,924,933,943,952,961,971,980,989,999,1008,1017,1026,1036,1054,1073,1092,1120,1148,1185,1222,1260,1306,1353,1409,1474,1539,1595,1670,1819,2005,2285
894.074,0.107126,5,28,931,941,950,959,969,978,987,997,1006,1015,1025,1034,1043,1062,1081,1099,1127,1155,1193,1230,1267,1314,1361,1417,1482,1548,1604,1678,1828,2014,2294
899.2593,0.10781,6,28,936,946,955,964,973,983,992,1001,1011,1020,1029,1038,1048,1066,1085,1103,1131,1159,1196,1233,1270,1317,1363,1419,1484,1549,1604,1678,1827,2012,2291
892.5926,0.107109,7,28,930,939,949,958,967,977,986,995,1005,1014,1023,1033,1042,1061,1079,1098,1126,1154,1191,1229,1266,1313,1359,1415,1481,1546,1602,1677,1826,2013,2293
902.2222,0.107075,8,28,940,949,958,968,977,986,996,1005,1014,1024,1033,1042,1052,1070,1089,1108,1136,1164,1201,1238,1276,1322,1369,1425,1491,1556,1612,1687,1836,2023,2303
886.6667,0.106534,9,28,924,934,943,952,962,971,981,990,999,1009,1018,1027,1037,1056,1074,1093,1121,1149,1187,1225,1262,1309,1356,1412,1478,1544,1600,1675,1825,2013,2295
881.4815,0.107245,10,28,919,928,937,947,956,965,975,984,993,1003,1012,1021,1031,1049,1068,1087,1115,1143,1180,1217,1254,1301,1348,1404,1469,1534,1590,1665,1814,2000,2280
893.3333,0.106736,11,28,931,940,950,959,968,978,987,996,1006,1015,1024,1034,1043,1062,1081,1099,1128,1156,1193,1231,1268,1315,1362,1418,1484,1549,1605,1680,1830,2018,2299
878.5185,0.106939,0,29,916,925,935,944,953,963,972,981,991,1000,1009,1019,1028,1047,1066,1084,1112,1140,1178,1215,1253,1299,1346,1402,1468,1533,1589,1664,1814,2001,2281
883.7037,0.107381,1,29,921,930,940,949,958,968,977,986,995,1005,1014,1023,1033,1051,1070,1089,1117,1144,1182,1219,1256,1303,1349,1405,1470,1536,1591,1666,1815,2001,2281
882.963,0.107364,2,29,920,930,939,948,957,967,976,985,995,1004,1013,1023,1032,1051,1069,1088,1116,1144,1181,1218,1256,1302,1349,1405,1470,1535,1591,1665,1814,2001,2280
891.1111,0.108347,3,29,928,937,946,956,965,974,983,993,1002,1011,1020,1030,1039,1057,1076,1094,1122,1150,1186,1223,1260,1306,1353,1408,1473,1537,1593,1666,1814,1999,2276
884.4445,0.107347,4,29,922,931,940,950,959,968,978,987,996,1006,1015,1024,1033,1052,1071,1089,1117,1145,1183,1220,1257,1304,1350,1406,1471,1537,1592,1667,1816,2002,2282
895.5555,0.108035,5,29,933,942,951,960,970,979,988,997,1007,1016,1025,1034,1044,1062,1081,1099,1127,1155,1192,1229,1266,1312,1358,1414,1479,1543,1599,1673,1821,2006,2284
876.2963,0.107983,6,29,913,923,932,941,950,960,969,978,987,997,1006,1015,1024,1043,1062,1080,1108,1136,1173,1210,1247,1293,1339,1395,1460,1525,1580,1654,1802,1988,2265
898.5185,0.107535,7,29,936,945,954,964,973,982,992,1001,1010,1019,1029,1038,1047,1066,1085,1103,1131,1159,1196,1233,1270,1317,1363,1419,1484,1549,1605,1680,1828,2014,2293
886.6667,0.107245,8,29,924,933,943,952,961,971,980,989,999,1008,1017,1027,1036,1055,1073,1092,1120,1148,1185,1222,1260,1306,1353,1409,1474,1539,1595,1670,1819,2006,2285
886.6667,0.107604,9,29,924,933,942,952,961,970,980,989,998,1007,1017,1026,1035,1054,1073,1091,1119,1147,1184,1221,1258,1305,1351,1407,1472,1537,1593,1667,1816,2002,2281
894.8148,0.108242,10,29,932,941,950,959,969,978,987,996,1006,1015,1024,1033,1043,1061,1080,1098,1126,1153,1190,1227,1264,1311,1357,1412,1477,1542,1597,1671,1819,2003,2281
885.926,0.108242,11,29,923,932,941,951,960,969,978,988,997,1006,1015,1025,1034,1052,1071,1089,1117,1145,1182,1219,1255,1302,1348,1403,1468,1533,1588,1662,1810,1995,2272
856.2963,0.108104,0,30,893,903,912,921,930,940,949,958,967,977,986,995,1004,1023,1041,1060,1088,1115,1152,1189,1226,1273,1319,1374,1439,1504,1559,1633,1781,1966,2244
844.4445,0.107553,1,30,882,891,900,910,919,928,937,947,956,965,975,984,993,1012,1030,1049,1077,1105,1142,1179,1216,1263,1309,1365,1430,1495,1551,1625,1774,1960,2239
858.5185,0.107416,2,30,896,905,914,924,933,942,952,961,970,980,989,998,1007,1026,1045,1063,1091,1119,1156,1194,1231,1277,1324,1380,1445,1510,1566,1641,1789,1976,2255
850.3704,0.106433,3,30,888,897,907,916,926,935,944,954,963,973,982,991,1001,1019,1038,1057,1085,1113,1151,1189,1226,1273,1320,1377,1442,1508,1564,1640,1790,1978,2260
857.037,0.107587,4,30,894,904,913,922,931,941,950,959,969,978,987,996,1006,1024,1043,1062,1089,1117,1154,1192,1229,1275,1322,1378,1443,1508,1563,1638,1787,1972,2251
849.6296,0.107793,5,30,887,896,905,915,924,933,942,952,961,970,980,989,998,1017,1035,1054,1082,1109,1146,1184,1221,1267,1313,1369,1434,1499,1555,1629,1777,1963,2241
849.6296,0.107793,6,30,887,896,905,915,924,933,942,952,961,970,980,989,998,1017,1035,1054,1082,1109,1146,1184,1221,1267,1313,1369,1434,1499,1555,1629,1777,1963,2241
864.4445,0.107024,7,30,902,911,921,930,939,949,958,967,977,986,995,1005,1014,1033,1051,1070,1098,1126,1163,1201,1238,1285,1332,1388,1453,1519,1575,1649,1799,1986,2266
857.7778,0.106736,8,30,895,905,914,923,933,942,951,961,970,980,989,998,1008,1026,1045,1064,1092,1120,1158,1195,1233,1279,1326,1382,1448,1514,1570,1645,1795,1982,2263
862.2222,0.107845,9,30,899,909,918,927,936,946,955,964,973,983,992,1001,1011,1029,1048,1066,1094,1122,1159,1196,1233,1279,1326,1381,1446,1511,1567,1641,1789,1975,2253
853.3333,0.107535,10,30,891,900,909,918,928,937,946,956,965,974,984,993,1002,1021,1039,1058,1086,1114,1151,1188,1225,1272,1318,1374,1439,1504,1560,1634,1783,1969,2248
865.926,0.107126,11,30,903,913,922,931,941,950,959,969,978,987,997,1006,1015,1034,1053,1071,1099,1127,1165,1202,1239,1286,1333,1389,1454,1519,1575,1650,1799,1986,2266
877.037,0.108486,0,31,914,923,932,942,951,960,969,978,988,997,1006,1015,1025,1043,1061,1080,1107,1135,1172,1209,1246,1292,1338,1393,1458,1522,1578,1651,1799,1983,2260
881.4815,0.107948,1,31,919,928,937,946,956,965,974,983,993,1002,1011,1020,1030,1048,1067,1085,1113,1141,1178,1215,1252,1298,1345,1400,1465,1530,1586,1660,1808,1993,2271
885.1852,0.107621,2,31,922,932,941,950,960,969,978,987,997,1006,1015,1025,1034,1052,1071,1090,1117,1145,1183,1220,1257,1303,1350,1406,1471,1536,1591,1666,1814,2000,2279
875.5555,0.107587,3,31,913,922,931,941,950,959,969,978,987,996,1006,1015,1024,1043,1061,1080,1108,1136,1173,1210,1247,1294,1340,1396,1461,1526,1582,1656,1805,1991,2270
883.7037,0.107638,4,31,921,930,939,949,958,967,977,986,995,1004,1014,1023,1032,1051,1070,1088,1116,1144,1181,1218,1255,1302,1348,1404,1469,1534,1590,1664,1813,1999,2277
882.963,0.107501,5,31,920,929,939,948,957,967,976,985,995,1004,1013,1022,1032,1050,1069,1088,1116,1143,1181,1218,1255,1302,1348,1404,1469,1534,1590,1664,1813,1999,2278
870.3704,0.107621,6,31,908,917,926,935,945,954,963,973,982,991,1000,1010,1019,1038,1056,1075,1103,1131,1168,1205,1242,1289,1335,1391,1456,1521,1577,1651,1800,1985,2264
868.8889,0.106686,7,31,906,916,925,935,944,953,963,972,981,991,1000,1009,1019,1038,1056,1075,1103,1131,1169,1206,1244,1291,1338,1394,1459,1525,1581,1656,1806,1994,2275
871.1111,0.107058,8,31,908,918,927,936,946,955,965,974,983,993,1002,1011,1021,1039,1058,1077,1105,1133,1170,1207,1245,1291,1338,1394,1460,1525,1581,1656,1805,1992,2272
871.8518,0.10769,9,31,909,918,928,937,946,955,965,974,983,993,1002,1011,1020,1039,1058,1076,1104,1132,1169,1206,1243,1290,1336,1392,1457,1522,1578,1652,1800,1986,2265
861.4815,0.10757,10,31,899,908,917,927,936,945,954,964,973,982,992,1001,1010,1029,1047,1066,1094,1122,1159,1196,1233,1280,1326,1382,1447,1512,1568,1642,1791,1977,2256
882.2222,0.106551,11,31,920,929,939,948,957,967,976,985,995,1004,1014,1023,1032,1051,1070,1089,1117,1145,1183,1220,1258,1305,1351,1408,1473,1539,1595,1671,1821,2008,2290
