"Based on the CEA reduction of the calibration run 236, 15-apr-2020, 43200 seconds, ADC locations for energy cal, 1024 or 4096 (0-(N-1)) are universally interpreted as the leading (low energy) edge of the bin",,,,,,,,,,,,,,,,,,,,,,,,,,,,,,,,,,
Channel energy edges obtained from stx_science_energy_channels(/edges_1) ,,,,,,,,,,,,,,,,,,,,,,,,,,,,,,,,,,
Offset,Gain keV/ADC,Pixel,Detector,ADC Edge 0 - 4 keV,ADC Edge 1 - 5 keV,ADC Edge 2 - 6 keV,ADC Edge 3 - 7 keV,ADC Edge 4 - 8 keV,ADC Edge 5 - 9 keV,ADC Edge 6 - 10 keV,ADC Edge 7 - 11 keV,ADC Edge 8 - 12 keV,ADC Edge 9 - 13 keV,ADC Edge 10 - 14 keV,ADC Edge 11 - 15 keV,ADC Edge 12 - 16 keV,ADC Edge 13 - 18 keV,ADC Edge 14 - 20 keV,ADC Edge 15 - 22 keV,ADC Edge 16 - 25 keV,ADC Edge 17 - 28 keV,ADC Edge 18 - 32 keV,ADC Edge 19 - 36 keV,ADC Edge 20 - 40 keV,ADC Edge 21 - 45 keV,ADC Edge 22 - 50 keV,ADC Edge 23 - 56 keV,ADC Edge 24 - 63 keV,ADC Edge 25 - 70 keV,ADC Edge 26 - 76 keV,ADC Edge 27 - 84 keV,ADC Edge 28 - 100 keV,ADC Edge 29 - 120 keV,ADC Edge 30 - 150 keV
1220,0.108696,0,0,1257,1266,1275,1284,1294,1303,1312,1321,1330,1340,1349,1358,1367,1386,1404,1422,1450,1478,1514,1551,1588,1634,1680,1735,1800,1864,1919,1993,2140,2324,2600
1288.8888,0.109047,1,0,1326,1335,1344,1353,1362,1371,1381,1390,1399,1408,1417,1426,1436,1454,1472,1491,1518,1546,1582,1619,1656,1702,1747,1802,1867,1931,1986,2059,2206,2389,2664
1228.8888,0.109047,2,0,1266,1275,1284,1293,1302,1311,1321,1330,1339,1348,1357,1366,1376,1394,1412,1431,1458,1486,1522,1559,1596,1642,1687,1742,1807,1871,1926,1999,2146,2329,2604
1256.2963,0.109935,3,0,1293,1302,1311,1320,1329,1338,1347,1356,1365,1375,1384,1393,1402,1420,1438,1456,1484,1511,1547,1584,1620,1666,1711,1766,1829,1893,1948,2020,2166,2348,2621
1275.5555,0.109223,4,0,1312,1321,1330,1340,1349,1358,1367,1376,1385,1395,1404,1413,1422,1440,1459,1477,1504,1532,1569,1605,1642,1688,1733,1788,1852,1916,1971,2045,2191,2374,2649
1258.5186,0.110475,5,0,1295,1304,1313,1322,1331,1340,1349,1358,1367,1376,1385,1394,1403,1421,1440,1458,1485,1512,1548,1584,1621,1666,1711,1765,1829,1892,1946,2019,2164,2345,2616
1256.2963,0.108173,6,0,1293,1303,1312,1321,1330,1339,1349,1358,1367,1376,1386,1395,1404,1423,1441,1460,1487,1515,1552,1589,1626,1672,1719,1774,1839,1903,1959,2033,2181,2366,2643
1245.9259,0.109047,7,0,1283,1292,1301,1310,1319,1328,1338,1347,1356,1365,1374,1383,1393,1411,1429,1448,1475,1503,1539,1576,1613,1659,1704,1759,1824,1888,1943,2016,2163,2346,2621
1274.8148,0.107484,8,0,1312,1321,1331,1340,1349,1359,1368,1377,1386,1396,1405,1414,1424,1442,1461,1479,1507,1535,1573,1610,1647,1693,1740,1796,1861,1926,1982,2056,2205,2391,2670
1208.8888,0.108521,9,0,1246,1255,1264,1273,1283,1292,1301,1310,1319,1329,1338,1347,1356,1375,1393,1412,1439,1467,1504,1541,1577,1624,1670,1725,1789,1854,1909,1983,2130,2315,2591
1220.7407,0.108871,10,0,1257,1267,1276,1285,1294,1303,1313,1322,1331,1340,1349,1359,1368,1386,1404,1423,1450,1478,1515,1551,1588,1634,1680,1735,1799,1864,1919,1992,2139,2323,2599
1245.9259,0.1094,11,0,1282,1292,1301,1310,1319,1328,1337,1346,1356,1365,1374,1383,1392,1410,1429,1447,1474,1502,1538,1575,1612,1657,1703,1758,1822,1886,1941,2014,2160,2343,2617
1117.0371,0.107827,0,1,1154,1163,1173,1182,1191,1201,1210,1219,1228,1238,1247,1256,1265,1284,1303,1321,1349,1377,1414,1451,1488,1534,1581,1636,1701,1766,1822,1896,2044,2230,2508
1148.1481,0.109223,1,1,1185,1194,1203,1212,1221,1231,1240,1249,1258,1267,1276,1285,1295,1313,1331,1350,1377,1405,1441,1478,1514,1560,1606,1661,1725,1789,1844,1917,2064,2247,2521
1117.7778,0.108696,2,1,1155,1164,1173,1182,1191,1201,1210,1219,1228,1237,1247,1256,1265,1283,1302,1320,1348,1375,1412,1449,1486,1532,1578,1633,1697,1762,1817,1891,2038,2222,2498
1111.8519,0.107656,3,1,1149,1158,1168,1177,1186,1195,1205,1214,1223,1233,1242,1251,1260,1279,1298,1316,1344,1372,1409,1446,1483,1530,1576,1632,1697,1762,1818,1892,2041,2227,2505
1144.4445,0.107827,4,1,1182,1191,1200,1209,1219,1228,1237,1246,1256,1265,1274,1284,1293,1311,1330,1348,1376,1404,1441,1478,1515,1562,1608,1664,1729,1794,1849,1923,2072,2257,2536
1107.4073,0.107827,5,1,1145,1154,1163,1172,1182,1191,1200,1209,1219,1228,1237,1247,1256,1274,1293,1311,1339,1367,1404,1441,1478,1525,1571,1627,1692,1757,1812,1886,2035,2220,2499
1162.9629,0.108521,6,1,1200,1209,1218,1227,1237,1246,1255,1264,1274,1283,1292,1301,1310,1329,1347,1366,1393,1421,1458,1495,1532,1578,1624,1679,1743,1808,1863,1937,2084,2269,2545
1099.2593,0.107827,7,1,1136,1146,1155,1164,1173,1183,1192,1201,1211,1220,1229,1238,1248,1266,1285,1303,1331,1359,1396,1433,1470,1517,1563,1619,1684,1748,1804,1878,2027,2212,2490
1101.4814,0.107143,8,1,1139,1148,1157,1167,1176,1185,1195,1204,1213,1223,1232,1241,1251,1269,1288,1307,1335,1363,1400,1437,1475,1521,1568,1624,1689,1755,1811,1885,2035,2221,2501
1128.8888,0.108521,9,1,1166,1175,1184,1193,1203,1212,1221,1230,1239,1249,1258,1267,1276,1295,1313,1332,1359,1387,1424,1461,1497,1544,1590,1645,1709,1774,1829,1903,2050,2235,2511
1115.5555,0.108173,10,1,1153,1162,1171,1180,1190,1199,1208,1217,1226,1236,1245,1254,1263,1282,1300,1319,1347,1374,1411,1448,1485,1532,1578,1633,1698,1763,1818,1892,2040,2225,2502
1102.9629,0.108871,11,1,1140,1149,1158,1167,1176,1186,1195,1204,1213,1222,1232,1241,1250,1268,1287,1305,1333,1360,1397,1434,1470,1516,1562,1617,1682,1746,1801,1875,2021,2205,2481
1139.2593,0.107656,0,2,1176,1186,1195,1204,1214,1223,1232,1241,1251,1260,1269,1279,1288,1306,1325,1344,1371,1399,1437,1474,1511,1557,1604,1659,1724,1789,1845,1920,2068,2254,2533
1152.5927,0.107656,1,2,1190,1199,1208,1218,1227,1236,1245,1255,1264,1273,1283,1292,1301,1320,1338,1357,1385,1413,1450,1487,1524,1571,1617,1673,1738,1803,1859,1933,2081,2267,2546
1134.0741,0.108347,2,2,1171,1180,1189,1199,1208,1217,1226,1236,1245,1254,1263,1273,1282,1300,1319,1337,1365,1393,1429,1466,1503,1549,1596,1651,1716,1780,1836,1909,2057,2242,2519
1138.5186,0.107313,3,2,1176,1185,1194,1204,1213,1222,1232,1241,1250,1260,1269,1278,1288,1306,1325,1344,1371,1399,1437,1474,1511,1558,1604,1660,1726,1791,1847,1921,2070,2257,2536
1169.6295,0.106804,4,2,1207,1216,1226,1235,1245,1254,1263,1273,1282,1291,1301,1310,1319,1338,1357,1376,1404,1432,1469,1507,1544,1591,1638,1694,1759,1825,1881,1956,2106,2293,2574
1156.2963,0.107313,5,2,1194,1203,1212,1222,1231,1240,1249,1259,1268,1277,1287,1296,1305,1324,1343,1361,1389,1417,1454,1492,1529,1576,1622,1678,1743,1809,1865,1939,2088,2275,2554
1142.9629,0.107143,6,2,1180,1190,1199,1208,1218,1227,1236,1246,1255,1264,1274,1283,1292,1311,1330,1348,1376,1404,1442,1479,1516,1563,1610,1666,1731,1796,1852,1927,2076,2263,2543
1165.9259,0.107484,7,2,1203,1212,1222,1231,1240,1250,1259,1268,1278,1287,1296,1305,1315,1333,1352,1371,1399,1426,1464,1501,1538,1585,1631,1687,1752,1817,1873,1947,2096,2282,2561
1165.9259,0.106973,8,2,1203,1213,1222,1231,1241,1250,1259,1269,1278,1287,1297,1306,1315,1334,1353,1372,1400,1428,1465,1502,1540,1587,1633,1689,1755,1820,1876,1951,2101,2288,2568
1156.2963,0.105634,9,2,1194,1204,1213,1223,1232,1241,1251,1260,1270,1279,1289,1298,1308,1327,1346,1365,1393,1421,1459,1497,1535,1582,1630,1686,1753,1819,1876,1951,2103,2292,2576
1114.0741,0.106973,10,2,1151,1161,1170,1180,1189,1198,1208,1217,1226,1236,1245,1254,1264,1282,1301,1320,1348,1376,1413,1451,1488,1535,1581,1638,1703,1768,1825,1899,2049,2236,2516
1154.8148,0.107313,11,2,1192,1201,1211,1220,1229,1239,1248,1257,1267,1276,1285,1295,1304,1323,1341,1360,1388,1416,1453,1490,1528,1574,1621,1677,1742,1807,1863,1938,2087,2273,2553
1117.7778,0.107484,0,3,1155,1164,1174,1183,1192,1202,1211,1220,1229,1239,1248,1257,1267,1285,1304,1322,1350,1378,1415,1453,1490,1536,1583,1639,1704,1769,1825,1899,2048,2234,2513
1168.8888,0.106973,1,3,1206,1216,1225,1234,1244,1253,1262,1272,1281,1290,1300,1309,1318,1337,1356,1375,1403,1431,1468,1505,1543,1590,1636,1692,1758,1823,1879,1954,2104,2291,2571
1182.2222,0.107656,2,3,1219,1229,1238,1247,1257,1266,1275,1284,1294,1303,1312,1322,1331,1349,1368,1387,1414,1442,1479,1517,1554,1600,1647,1702,1767,1832,1888,1962,2111,2297,2576
1108.8888,0.107827,3,3,1146,1155,1165,1174,1183,1192,1202,1211,1220,1229,1239,1248,1257,1276,1294,1313,1341,1369,1406,1443,1480,1526,1573,1628,1693,1758,1814,1888,2036,2222,2500
1141.4814,0.106467,4,3,1179,1188,1198,1207,1217,1226,1235,1245,1254,1264,1273,1282,1292,1311,1329,1348,1376,1404,1442,1480,1517,1564,1611,1667,1733,1799,1855,1930,2081,2269,2550
1160.7407,0.108,5,3,1198,1207,1216,1226,1235,1244,1253,1263,1272,1281,1290,1300,1309,1327,1346,1364,1392,1420,1457,1494,1531,1577,1624,1679,1744,1809,1864,1939,2087,2272,2550
1091.8519,0.107313,6,3,1129,1138,1148,1157,1166,1176,1185,1194,1204,1213,1222,1232,1241,1260,1278,1297,1325,1353,1390,1427,1465,1511,1558,1614,1679,1744,1800,1875,2024,2210,2490
1151.8519,0.107484,7,3,1189,1198,1208,1217,1226,1236,1245,1254,1263,1273,1282,1291,1301,1319,1338,1357,1384,1412,1450,1487,1524,1571,1617,1673,1738,1803,1859,1933,2082,2268,2547
1183.7037,0.106132,8,3,1221,1231,1240,1250,1259,1269,1278,1287,1297,1306,1316,1325,1334,1353,1372,1391,1419,1448,1485,1523,1561,1608,1655,1711,1777,1843,1900,1975,2126,2314,2597
1146.6666,0.106132,9,3,1184,1194,1203,1213,1222,1231,1241,1250,1260,1269,1279,1288,1297,1316,1335,1354,1382,1410,1448,1486,1524,1571,1618,1674,1740,1806,1863,1938,2089,2277,2560
1171.8519,0.106299,10,3,1209,1219,1228,1238,1247,1257,1266,1275,1285,1294,1304,1313,1322,1341,1360,1379,1407,1435,1473,1511,1548,1595,1642,1699,1765,1830,1887,1962,2113,2301,2583
1160.7407,0.107827,11,3,1198,1207,1216,1226,1235,1244,1253,1263,1272,1281,1291,1300,1309,1328,1346,1365,1393,1420,1458,1495,1532,1578,1624,1680,1745,1810,1866,1940,2088,2274,2552
1143.7037,0.109756,0,4,1180,1189,1198,1207,1217,1226,1235,1244,1253,1262,1271,1280,1289,1308,1326,1344,1371,1399,1435,1472,1508,1554,1599,1654,1718,1781,1836,1909,2055,2237,2510
1088.1481,0.1094,1,4,1125,1134,1143,1152,1161,1170,1180,1189,1198,1207,1216,1225,1234,1253,1271,1289,1317,1344,1381,1417,1454,1499,1545,1600,1664,1728,1783,1856,2002,2185,2459
1130.3705,0.109578,2,4,1167,1176,1185,1194,1203,1213,1222,1231,1240,1249,1258,1267,1276,1295,1313,1331,1359,1386,1422,1459,1495,1541,1587,1641,1705,1769,1824,1897,2043,2225,2499
1108.1481,0.108173,3,4,1145,1154,1164,1173,1182,1191,1201,1210,1219,1228,1238,1247,1256,1275,1293,1312,1339,1367,1404,1441,1478,1524,1570,1626,1691,1755,1811,1885,2033,2217,2495
1101.4814,0.108521,4,4,1138,1148,1157,1166,1175,1184,1194,1203,1212,1221,1230,1240,1249,1267,1286,1304,1332,1359,1396,1433,1470,1516,1562,1618,1682,1747,1802,1876,2023,2207,2484
1102.2222,0.108871,5,4,1139,1148,1157,1167,1176,1185,1194,1203,1212,1222,1231,1240,1249,1268,1286,1304,1332,1359,1396,1433,1470,1516,1561,1617,1681,1745,1800,1874,2021,2204,2480
1108.8888,0.109578,6,4,1145,1155,1164,1173,1182,1191,1200,1209,1218,1228,1237,1246,1255,1273,1291,1310,1337,1364,1401,1437,1474,1520,1565,1620,1684,1748,1802,1875,2021,2204,2478
1132.5927,0.108871,7,4,1169,1179,1188,1197,1206,1215,1224,1234,1243,1252,1261,1270,1280,1298,1316,1335,1362,1390,1427,1463,1500,1546,1592,1647,1711,1776,1831,1904,2051,2235,2510
1111.1112,0.108696,8,4,1148,1157,1166,1176,1185,1194,1203,1212,1222,1231,1240,1249,1258,1277,1295,1314,1341,1369,1406,1442,1479,1525,1571,1626,1691,1755,1810,1884,2031,2215,2491
1125.9259,0.109047,9,4,1163,1172,1181,1190,1199,1208,1218,1227,1236,1245,1254,1263,1273,1291,1309,1328,1355,1383,1419,1456,1493,1539,1584,1639,1704,1768,1823,1896,2043,2226,2501
1125.1852,0.109047,10,4,1162,1171,1180,1189,1199,1208,1217,1226,1235,1244,1254,1263,1272,1290,1309,1327,1354,1382,1419,1455,1492,1538,1584,1639,1703,1767,1822,1895,2042,2226,2501
1131.8519,0.108871,11,4,1169,1178,1187,1196,1205,1215,1224,1233,1242,1251,1260,1270,1279,1297,1316,1334,1361,1389,1426,1463,1499,1545,1591,1646,1711,1775,1830,1903,2050,2234,2510
1040,0.108696,0,5,1077,1086,1095,1104,1114,1123,1132,1141,1150,1160,1169,1178,1187,1206,1224,1242,1270,1298,1334,1371,1408,1454,1500,1555,1620,1684,1739,1813,1960,2144,2420
1145.1852,0.110656,1,5,1181,1190,1199,1208,1217,1227,1236,1245,1254,1263,1272,1281,1290,1308,1326,1344,1371,1398,1434,1471,1507,1552,1597,1651,1715,1778,1832,1904,2049,2230,2501
1065.9259,0.109756,2,5,1102,1111,1121,1130,1139,1148,1157,1166,1175,1184,1193,1203,1212,1230,1248,1266,1294,1321,1357,1394,1430,1476,1521,1576,1640,1704,1758,1831,1977,2159,2433
1108.1481,0.1094,3,5,1145,1154,1163,1172,1181,1190,1200,1209,1218,1227,1236,1245,1254,1273,1291,1309,1337,1364,1401,1437,1474,1519,1565,1620,1684,1748,1803,1876,2022,2205,2479
1091.8519,0.1094,4,5,1128,1138,1147,1156,1165,1174,1183,1192,1202,1211,1220,1229,1238,1256,1275,1293,1320,1348,1384,1421,1457,1503,1549,1604,1668,1732,1787,1860,2006,2189,2463
1103.7037,0.110114,5,5,1140,1149,1158,1167,1176,1185,1195,1204,1213,1222,1231,1240,1249,1267,1285,1303,1331,1358,1394,1431,1467,1512,1558,1612,1676,1739,1794,1867,2012,2193,2466
1065.1852,0.109047,6,5,1102,1111,1120,1129,1139,1148,1157,1166,1175,1184,1194,1203,1212,1230,1249,1267,1294,1322,1359,1395,1432,1478,1524,1579,1643,1707,1762,1835,1982,2166,2441
1090.3705,0.108696,7,5,1127,1136,1146,1155,1164,1173,1182,1192,1201,1210,1219,1228,1238,1256,1274,1293,1320,1348,1385,1422,1458,1504,1550,1606,1670,1734,1790,1863,2010,2194,2470
1107.4073,0.108521,8,5,1144,1153,1163,1172,1181,1190,1200,1209,1218,1227,1236,1246,1255,1273,1292,1310,1338,1365,1402,1439,1476,1522,1568,1623,1688,1752,1808,1881,2029,2213,2490
1138.5186,0.109578,9,5,1175,1184,1193,1202,1212,1221,1230,1239,1248,1257,1266,1275,1285,1303,1321,1339,1367,1394,1431,1467,1504,1549,1595,1650,1713,1777,1832,1905,2051,2234,2507
1044.4445,0.108696,10,5,1081,1090,1100,1109,1118,1127,1136,1146,1155,1164,1173,1182,1192,1210,1228,1247,1274,1302,1339,1376,1412,1458,1504,1560,1624,1688,1744,1817,1964,2148,2424
1079.2593,0.109756,11,5,1116,1125,1134,1143,1152,1161,1170,1179,1189,1198,1207,1216,1225,1243,1261,1280,1307,1334,1371,1407,1444,1489,1535,1589,1653,1717,1772,1845,1990,2173,2446
1150.3705,0.107656,0,6,1188,1197,1206,1215,1225,1234,1243,1253,1262,1271,1280,1290,1299,1318,1336,1355,1383,1410,1448,1485,1522,1568,1615,1671,1736,1801,1856,1931,2079,2265,2544
1128.1481,0.109223,1,6,1165,1174,1183,1192,1201,1211,1220,1229,1238,1247,1256,1265,1275,1293,1311,1330,1357,1385,1421,1458,1494,1540,1586,1641,1705,1769,1824,1897,2044,2227,2501
1182.9629,0.108173,2,6,1220,1229,1238,1248,1257,1266,1275,1285,1294,1303,1312,1322,1331,1349,1368,1386,1414,1442,1479,1516,1553,1599,1645,1701,1765,1830,1886,1959,2107,2292,2570
1226.6666,0.108521,3,6,1264,1273,1282,1291,1300,1310,1319,1328,1337,1346,1356,1365,1374,1393,1411,1429,1457,1485,1522,1558,1595,1641,1687,1743,1807,1872,1927,2001,2148,2332,2609
1126.6666,0.108,4,6,1164,1173,1182,1191,1201,1210,1219,1229,1238,1247,1256,1266,1275,1293,1312,1330,1358,1386,1423,1460,1497,1543,1590,1645,1710,1775,1830,1904,2053,2238,2516
1143.7037,0.108521,5,6,1181,1190,1199,1208,1217,1227,1236,1245,1254,1263,1273,1282,1291,1310,1328,1346,1374,1402,1439,1475,1512,1558,1604,1660,1724,1789,1844,1918,2065,2249,2526
1190.3705,0.110294,6,6,1227,1236,1245,1254,1263,1272,1281,1290,1299,1308,1317,1326,1335,1354,1372,1390,1417,1444,1481,1517,1553,1598,1644,1698,1762,1825,1879,1952,2097,2278,2550
1107.4073,0.107827,7,6,1145,1154,1163,1172,1182,1191,1200,1209,1219,1228,1237,1247,1256,1274,1293,1311,1339,1367,1404,1441,1478,1525,1571,1627,1692,1757,1812,1886,2035,2220,2499
1183.7037,0.106973,8,6,1221,1230,1240,1249,1258,1268,1277,1287,1296,1305,1315,1324,1333,1352,1371,1389,1417,1445,1483,1520,1558,1604,1651,1707,1773,1838,1894,1969,2119,2305,2586
1183.7037,0.108521,9,6,1221,1230,1239,1248,1257,1267,1276,1285,1294,1303,1313,1322,1331,1350,1368,1386,1414,1442,1479,1515,1552,1598,1644,1700,1764,1829,1884,1958,2105,2289,2566
1160,0.108173,10,6,1197,1206,1215,1225,1234,1243,1252,1262,1271,1280,1289,1299,1308,1326,1345,1363,1391,1419,1456,1493,1530,1576,1622,1678,1742,1807,1863,1937,2084,2269,2547
1157.7778,0.107313,11,6,1195,1204,1214,1223,1232,1242,1251,1260,1270,1279,1288,1298,1307,1326,1344,1363,1391,1419,1456,1493,1531,1577,1624,1680,1745,1810,1866,1941,2090,2276,2556
1171.8519,0.108173,0,7,1209,1218,1227,1237,1246,1255,1264,1274,1283,1292,1301,1311,1320,1338,1357,1375,1403,1431,1468,1505,1542,1588,1634,1690,1754,1819,1874,1948,2096,2281,2559
1114.0741,0.107143,1,7,1151,1161,1170,1179,1189,1198,1207,1217,1226,1235,1245,1254,1263,1282,1301,1319,1347,1375,1413,1450,1487,1534,1581,1637,1702,1767,1823,1898,2047,2234,2514
1114.8148,0.107313,2,7,1152,1161,1171,1180,1189,1199,1208,1217,1227,1236,1245,1255,1264,1283,1301,1320,1348,1376,1413,1450,1488,1534,1581,1637,1702,1767,1823,1898,2047,2233,2513
1103.7037,0.106973,3,7,1141,1150,1160,1169,1178,1188,1197,1207,1216,1225,1235,1244,1253,1272,1291,1309,1337,1365,1403,1440,1478,1524,1571,1627,1693,1758,1814,1889,2039,2225,2506
1094.0741,0.106467,4,7,1132,1141,1150,1160,1169,1179,1188,1197,1207,1216,1226,1235,1244,1263,1282,1301,1329,1357,1395,1432,1470,1517,1564,1620,1686,1752,1808,1883,2033,2221,2503
1102.2222,0.106299,5,7,1140,1149,1159,1168,1177,1187,1196,1206,1215,1225,1234,1243,1253,1272,1290,1309,1337,1366,1403,1441,1479,1526,1573,1629,1695,1761,1817,1892,2043,2231,2513
1122.2222,0.107143,6,7,1160,1169,1178,1188,1197,1206,1216,1225,1234,1244,1253,1262,1272,1290,1309,1328,1356,1384,1421,1458,1496,1542,1589,1645,1710,1776,1832,1906,2056,2242,2522
1120,0.106467,7,7,1158,1167,1176,1186,1195,1205,1214,1223,1233,1242,1251,1261,1270,1289,1308,1327,1355,1383,1421,1458,1496,1543,1590,1646,1712,1777,1834,1909,2059,2247,2529
1129.6295,0.107313,8,7,1167,1176,1186,1195,1204,1213,1223,1232,1241,1251,1260,1269,1279,1297,1316,1335,1363,1391,1428,1465,1502,1549,1596,1651,1717,1782,1838,1912,2061,2248,2527
1064.4445,0.107313,9,7,1102,1111,1120,1130,1139,1148,1158,1167,1176,1186,1195,1204,1214,1232,1251,1269,1297,1325,1363,1400,1437,1484,1530,1586,1652,1717,1773,1847,1996,2183,2462
1136.2963,0.107313,10,7,1174,1183,1192,1202,1211,1220,1229,1239,1248,1257,1267,1276,1285,1304,1323,1341,1369,1397,1434,1472,1509,1556,1602,1658,1723,1789,1845,1919,2068,2255,2534
1106.6666,0.107313,11,7,1144,1153,1163,1172,1181,1191,1200,1209,1218,1228,1237,1246,1256,1274,1293,1312,1340,1368,1405,1442,1479,1526,1573,1629,1694,1759,1815,1889,2039,2225,2504
1094.0741,0.106973,0,8,1131,1141,1150,1160,1169,1178,1188,1197,1206,1216,1225,1234,1244,1262,1281,1300,1328,1356,1393,1431,1468,1515,1561,1618,1683,1748,1805,1879,2029,2216,2496
1051.1112,0.106973,1,8,1089,1098,1107,1117,1126,1135,1145,1154,1163,1173,1182,1191,1201,1219,1238,1257,1285,1313,1350,1388,1425,1472,1519,1575,1640,1705,1762,1836,1986,2173,2453
1074.8148,0.106973,2,8,1112,1122,1131,1140,1150,1159,1168,1178,1187,1196,1206,1215,1224,1243,1262,1280,1309,1337,1374,1411,1449,1495,1542,1598,1664,1729,1785,1860,2010,2197,2477
1119.2593,0.107143,3,8,1157,1166,1175,1185,1194,1203,1213,1222,1231,1241,1250,1259,1269,1287,1306,1325,1353,1381,1418,1455,1493,1539,1586,1642,1707,1773,1829,1903,2053,2239,2519
1078.5186,0.105965,4,8,1116,1126,1135,1145,1154,1163,1173,1182,1192,1201,1211,1220,1230,1248,1267,1286,1314,1343,1381,1418,1456,1503,1550,1607,1673,1739,1796,1871,2022,2211,2494
1076.2963,0.107484,5,8,1114,1123,1132,1141,1151,1160,1169,1179,1188,1197,1207,1216,1225,1244,1262,1281,1309,1337,1374,1411,1448,1495,1541,1597,1662,1728,1783,1858,2007,2193,2472
1072.5927,0.106467,6,8,1110,1120,1129,1138,1148,1157,1167,1176,1185,1195,1204,1213,1223,1242,1260,1279,1307,1336,1373,1411,1448,1495,1542,1599,1664,1730,1786,1862,2012,2200,2481
1071.1112,0.106467,7,8,1109,1118,1127,1137,1146,1156,1165,1174,1184,1193,1203,1212,1221,1240,1259,1278,1306,1334,1372,1409,1447,1494,1541,1597,1663,1729,1785,1860,2010,2198,2480
1116.2963,0.106973,8,8,1154,1163,1172,1182,1191,1200,1210,1219,1228,1238,1247,1257,1266,1285,1303,1322,1350,1378,1415,1453,1490,1537,1584,1640,1705,1771,1827,1902,2051,2238,2519
1057.7778,0.107484,9,8,1095,1104,1114,1123,1132,1142,1151,1160,1169,1179,1188,1197,1207,1225,1244,1262,1290,1318,1355,1393,1430,1476,1523,1579,1644,1709,1765,1839,1988,2174,2453
1081.4814,0.107313,10,8,1119,1128,1137,1147,1156,1165,1175,1184,1193,1203,1212,1221,1231,1249,1268,1286,1314,1342,1380,1417,1454,1501,1547,1603,1669,1734,1790,1864,2013,2200,2479
1097.0371,0.106635,11,8,1135,1144,1153,1163,1172,1181,1191,1200,1210,1219,1228,1238,1247,1266,1285,1303,1331,1360,1397,1435,1472,1519,1566,1622,1688,1753,1810,1885,2035,2222,2504
1138.5186,0.107656,0,9,1176,1185,1194,1204,1213,1222,1231,1241,1250,1259,1269,1278,1287,1306,1324,1343,1371,1399,1436,1473,1510,1557,1603,1659,1724,1789,1844,1919,2067,2253,2532
1099.2593,0.107143,1,9,1137,1146,1155,1165,1174,1183,1193,1202,1211,1221,1230,1239,1249,1267,1286,1305,1333,1361,1398,1435,1473,1519,1566,1622,1687,1753,1809,1883,2033,2219,2499
1125.1852,0.107484,2,9,1162,1172,1181,1190,1200,1209,1218,1228,1237,1246,1255,1265,1274,1293,1311,1330,1358,1386,1423,1460,1497,1544,1590,1646,1711,1776,1832,1907,2056,2242,2521
1142.2222,0.108696,3,9,1179,1188,1197,1207,1216,1225,1234,1243,1253,1262,1271,1280,1289,1308,1326,1345,1372,1400,1437,1473,1510,1556,1602,1657,1722,1786,1841,1915,2062,2246,2522
1110.3705,0.108,4,9,1147,1157,1166,1175,1184,1194,1203,1212,1221,1231,1240,1249,1259,1277,1296,1314,1342,1370,1407,1444,1481,1527,1573,1629,1694,1759,1814,1888,2036,2221,2499
1117.7778,0.108,5,9,1155,1164,1173,1183,1192,1201,1210,1220,1229,1238,1247,1257,1266,1284,1303,1321,1349,1377,1414,1451,1488,1534,1581,1636,1701,1766,1821,1896,2044,2229,2507
1154.0741,0.107313,6,9,1191,1201,1210,1219,1229,1238,1247,1257,1266,1275,1285,1294,1303,1322,1340,1359,1387,1415,1452,1490,1527,1573,1620,1676,1741,1806,1862,1937,2086,2272,2552
1145.1852,0.107827,7,9,1182,1192,1201,1210,1219,1229,1238,1247,1256,1266,1275,1284,1294,1312,1331,1349,1377,1405,1442,1479,1516,1563,1609,1665,1729,1794,1850,1924,2073,2258,2536
1078.5186,0.107827,8,9,1116,1125,1134,1143,1153,1162,1171,1181,1190,1199,1208,1218,1227,1245,1264,1283,1310,1338,1375,1412,1449,1496,1542,1598,1663,1728,1783,1858,2006,2191,2470
1119.2593,0.107484,9,9,1156,1166,1175,1184,1194,1203,1212,1222,1231,1240,1250,1259,1268,1287,1305,1324,1352,1380,1417,1454,1491,1538,1584,1640,1705,1771,1826,1901,2050,2236,2515
1126.6666,0.107827,10,9,1164,1173,1182,1192,1201,1210,1219,1229,1238,1247,1257,1266,1275,1294,1312,1331,1359,1386,1423,1461,1498,1544,1590,1646,1711,1776,1831,1906,2054,2240,2518
1145.9259,0.107143,11,9,1183,1193,1202,1211,1221,1230,1239,1249,1258,1267,1277,1286,1295,1314,1333,1351,1379,1407,1445,1482,1519,1566,1613,1669,1734,1799,1855,1930,2079,2266,2546
1177.7778,0.107827,0,10,1215,1224,1233,1243,1252,1261,1271,1280,1289,1298,1308,1317,1326,1345,1363,1382,1410,1437,1475,1512,1549,1595,1641,1697,1762,1827,1883,1957,2105,2291,2569
1180.7407,0.107656,1,10,1218,1227,1236,1246,1255,1264,1274,1283,1292,1301,1311,1320,1329,1348,1367,1385,1413,1441,1478,1515,1552,1599,1645,1701,1766,1831,1887,1961,2110,2295,2574
1216.2963,0.108696,2,10,1253,1262,1271,1281,1290,1299,1308,1317,1327,1336,1345,1354,1363,1382,1400,1419,1446,1474,1511,1547,1584,1630,1676,1731,1796,1860,1915,1989,2136,2320,2596
1161.4814,0.108347,3,10,1198,1208,1217,1226,1235,1245,1254,1263,1272,1281,1291,1300,1309,1328,1346,1365,1392,1420,1457,1494,1531,1577,1623,1678,1743,1808,1863,1937,2084,2269,2546
1208.1481,0.107143,4,10,1245,1255,1264,1273,1283,1292,1301,1311,1320,1329,1339,1348,1357,1376,1395,1413,1441,1469,1507,1544,1581,1628,1675,1731,1796,1861,1917,1992,2141,2328,2608
1166.6666,0.108173,5,10,1204,1213,1222,1231,1241,1250,1259,1268,1278,1287,1296,1305,1315,1333,1352,1370,1398,1426,1462,1499,1536,1583,1629,1684,1749,1814,1869,1943,2091,2276,2553
1173.3334,0.108521,6,10,1210,1219,1229,1238,1247,1256,1265,1275,1284,1293,1302,1312,1321,1339,1358,1376,1404,1431,1468,1505,1542,1588,1634,1689,1754,1818,1874,1947,2095,2279,2556
1188.1481,0.107313,7,10,1225,1235,1244,1253,1263,1272,1281,1291,1300,1309,1319,1328,1337,1356,1375,1393,1421,1449,1486,1524,1561,1607,1654,1710,1775,1840,1896,1971,2120,2306,2586
1209.6295,0.107656,8,10,1247,1256,1265,1275,1284,1293,1303,1312,1321,1330,1340,1349,1358,1377,1395,1414,1442,1470,1507,1544,1581,1628,1674,1730,1795,1860,1916,1990,2139,2324,2603
1191.8519,0.108521,9,10,1229,1238,1247,1256,1266,1275,1284,1293,1302,1312,1321,1330,1339,1358,1376,1395,1422,1450,1487,1524,1560,1607,1653,1708,1772,1837,1892,1966,2113,2298,2574
1125.9259,0.107827,10,10,1163,1172,1182,1191,1200,1209,1219,1228,1237,1246,1256,1265,1274,1293,1311,1330,1358,1386,1423,1460,1497,1543,1590,1645,1710,1775,1831,1905,2053,2239,2517
1178.5186,0.106299,11,10,1216,1226,1235,1244,1254,1263,1273,1282,1291,1301,1310,1320,1329,1348,1367,1385,1414,1442,1480,1517,1555,1602,1649,1705,1771,1837,1893,1969,2119,2307,2590
1178.5186,0.108521,0,11,1215,1225,1234,1243,1252,1261,1271,1280,1289,1298,1308,1317,1326,1344,1363,1381,1409,1437,1473,1510,1547,1593,1639,1695,1759,1824,1879,1953,2100,2284,2561
1200,0.109047,1,11,1237,1246,1255,1264,1273,1283,1292,1301,1310,1319,1328,1338,1347,1365,1383,1402,1429,1457,1493,1530,1567,1613,1659,1714,1778,1842,1897,1970,2117,2300,2576
1188.1481,0.108696,2,11,1225,1234,1243,1253,1262,1271,1280,1289,1299,1308,1317,1326,1335,1354,1372,1391,1418,1446,1483,1519,1556,1602,1648,1703,1768,1832,1887,1961,2108,2292,2568
1191.1112,0.108696,3,11,1228,1237,1246,1256,1265,1274,1283,1292,1302,1311,1320,1329,1338,1357,1375,1394,1421,1449,1486,1522,1559,1605,1651,1706,1771,1835,1890,1964,2111,2295,2571
1193.3334,0.108,4,11,1230,1240,1249,1258,1267,1277,1286,1295,1304,1314,1323,1332,1341,1360,1379,1397,1425,1453,1490,1527,1564,1610,1656,1712,1777,1841,1897,1971,2119,2304,2582
1166.6666,0.107827,5,11,1204,1213,1222,1232,1241,1250,1259,1269,1278,1287,1297,1306,1315,1334,1352,1371,1399,1426,1463,1501,1538,1584,1630,1686,1751,1816,1871,1946,2094,2280,2558
1174.0741,0.108871,6,11,1211,1220,1229,1238,1248,1257,1266,1275,1284,1293,1303,1312,1321,1339,1358,1376,1404,1431,1468,1505,1541,1587,1633,1688,1753,1817,1872,1946,2093,2276,2552
1124.4445,0.108521,7,11,1161,1171,1180,1189,1198,1207,1217,1226,1235,1244,1253,1263,1272,1290,1309,1327,1355,1382,1419,1456,1493,1539,1585,1640,1705,1769,1825,1898,2046,2230,2507
1154.0741,0.108173,8,11,1191,1200,1210,1219,1228,1237,1247,1256,1265,1274,1283,1293,1302,1320,1339,1357,1385,1413,1450,1487,1524,1570,1616,1672,1736,1801,1857,1931,2079,2263,2541
1180.7407,0.108,9,11,1218,1227,1236,1246,1255,1264,1273,1283,1292,1301,1310,1320,1329,1347,1366,1384,1412,1440,1477,1514,1551,1597,1644,1699,1764,1829,1884,1959,2107,2292,2570
1163.7037,0.1094,10,11,1200,1209,1219,1228,1237,1246,1255,1264,1273,1283,1292,1301,1310,1328,1347,1365,1392,1420,1456,1493,1529,1575,1621,1676,1740,1804,1858,1932,2078,2261,2535
1140.7407,0.108871,11,11,1177,1187,1196,1205,1214,1223,1233,1242,1251,1260,1269,1279,1288,1306,1324,1343,1370,1398,1435,1471,1508,1554,1600,1655,1719,1784,1839,1912,2059,2243,2519
1118.5186,0.108173,0,12,1155,1165,1174,1183,1192,1202,1211,1220,1229,1239,1248,1257,1266,1285,1303,1322,1350,1377,1414,1451,1488,1535,1581,1636,1701,1766,1821,1895,2043,2228,2505
1167.4073,0.108173,1,12,1204,1214,1223,1232,1241,1251,1260,1269,1278,1288,1297,1306,1315,1334,1352,1371,1399,1426,1463,1500,1537,1583,1630,1685,1750,1815,1870,1944,2092,2277,2554
1156.2963,0.107827,2,12,1193,1203,1212,1221,1230,1240,1249,1258,1268,1277,1286,1295,1305,1323,1342,1360,1388,1416,1453,1490,1527,1574,1620,1676,1741,1805,1861,1935,2084,2269,2547
1145.1852,0.108,3,12,1182,1191,1201,1210,1219,1229,1238,1247,1256,1266,1275,1284,1293,1312,1330,1349,1377,1404,1441,1479,1516,1562,1608,1664,1729,1793,1849,1923,2071,2256,2534
1177.0371,0.107484,4,12,1214,1224,1233,1242,1251,1261,1270,1279,1289,1298,1307,1317,1326,1345,1363,1382,1410,1438,1475,1512,1549,1596,1642,1698,1763,1828,1884,1959,2107,2293,2573
1097.0371,0.109047,5,12,1134,1143,1152,1161,1170,1180,1189,1198,1207,1216,1225,1235,1244,1262,1280,1299,1326,1354,1390,1427,1464,1510,1556,1611,1675,1739,1794,1867,2014,2197,2473
1156.2963,0.108347,6,12,1193,1202,1212,1221,1230,1239,1249,1258,1267,1276,1286,1295,1304,1322,1341,1359,1387,1415,1452,1489,1525,1572,1618,1673,1738,1802,1858,1932,2079,2264,2541
1154.0741,0.107484,7,12,1191,1201,1210,1219,1229,1238,1247,1256,1266,1275,1284,1294,1303,1322,1340,1359,1387,1415,1452,1489,1526,1573,1619,1675,1740,1805,1861,1936,2084,2271,2550
1120.7407,0.106973,8,12,1158,1167,1177,1186,1196,1205,1214,1224,1233,1242,1252,1261,1270,1289,1308,1326,1354,1382,1420,1457,1495,1541,1588,1644,1710,1775,1831,1906,2056,2243,2523
1105.9259,0.106635,9,12,1143,1153,1162,1172,1181,1190,1200,1209,1218,1228,1237,1247,1256,1275,1293,1312,1340,1369,1406,1444,1481,1528,1575,1631,1697,1762,1819,1894,2044,2231,2513
1168.1481,0.107484,10,12,1205,1215,1224,1233,1243,1252,1261,1270,1280,1289,1298,1308,1317,1336,1354,1373,1401,1429,1466,1503,1540,1587,1633,1689,1754,1819,1875,1950,2099,2285,2564
1154.8148,0.107827,11,12,1192,1201,1210,1220,1229,1238,1248,1257,1266,1275,1285,1294,1303,1322,1340,1359,1387,1414,1452,1489,1526,1572,1619,1674,1739,1804,1860,1934,2082,2268,2546
1144.4445,0.104977,0,13,1183,1192,1202,1211,1221,1230,1240,1249,1259,1268,1278,1287,1297,1316,1335,1354,1383,1411,1449,1487,1525,1573,1621,1678,1745,1811,1868,1945,2097,2288,2573
1140.7407,0.105469,1,13,1179,1188,1198,1207,1217,1226,1236,1245,1255,1264,1273,1283,1292,1311,1330,1349,1378,1406,1444,1482,1520,1567,1615,1672,1738,1804,1861,1937,2089,2279,2563
1129.6295,0.104977,2,13,1168,1177,1187,1196,1206,1215,1225,1234,1244,1253,1263,1273,1282,1301,1320,1339,1368,1396,1434,1473,1511,1558,1606,1663,1730,1796,1854,1930,2082,2273,2559
1174.8148,0.10514,3,13,1213,1222,1232,1241,1251,1260,1270,1279,1289,1298,1308,1317,1327,1346,1365,1384,1413,1441,1479,1517,1555,1603,1650,1707,1774,1841,1898,1974,2126,2316,2601
1162.2222,0.10514,4,13,1200,1210,1219,1229,1238,1248,1257,1267,1276,1286,1295,1305,1314,1333,1352,1371,1400,1429,1467,1505,1543,1590,1638,1695,1761,1828,1885,1961,2113,2304,2589
1136.2963,0.105965,5,13,1174,1183,1193,1202,1212,1221,1231,1240,1250,1259,1268,1278,1287,1306,1325,1344,1372,1401,1438,1476,1514,1561,1608,1665,1731,1797,1854,1929,2080,2269,2552
1167.4073,0.106973,6,13,1205,1214,1223,1233,1242,1252,1261,1270,1280,1289,1298,1308,1317,1336,1354,1373,1401,1429,1467,1504,1541,1588,1635,1691,1756,1822,1878,1953,2102,2289,2570
1142.9629,0.104651,7,13,1181,1191,1200,1210,1219,1229,1239,1248,1258,1267,1277,1286,1296,1315,1334,1353,1382,1411,1449,1487,1525,1573,1621,1678,1745,1812,1869,1946,2099,2290,2576
1149.6295,0.104006,8,13,1188,1198,1207,1217,1227,1236,1246,1255,1265,1275,1284,1294,1303,1323,1342,1361,1390,1419,1457,1496,1534,1582,1630,1688,1755,1823,1880,1957,2111,2303,2592
1142.2222,0.104167,9,13,1181,1190,1200,1209,1219,1229,1238,1248,1257,1267,1277,1286,1296,1315,1334,1353,1382,1411,1449,1488,1526,1574,1622,1680,1747,1814,1872,1949,2102,2294,2582
1167.4073,0.104489,10,13,1206,1215,1225,1234,1244,1254,1263,1273,1282,1292,1301,1311,1321,1340,1359,1378,1407,1435,1474,1512,1550,1598,1646,1703,1770,1837,1895,1971,2124,2316,2603
1155.5555,0.105304,11,13,1194,1203,1213,1222,1232,1241,1251,1260,1270,1279,1289,1298,1307,1326,1345,1364,1393,1421,1459,1497,1535,1583,1630,1687,1754,1820,1877,1953,2105,2295,2580
1141.4814,0.106299,0,14,1179,1189,1198,1207,1217,1226,1236,1245,1254,1264,1273,1283,1292,1311,1330,1348,1377,1405,1443,1480,1518,1565,1612,1668,1734,1800,1856,1932,2082,2270,2553
1138.5186,0.106635,1,14,1176,1185,1195,1204,1214,1223,1232,1242,1251,1260,1270,1279,1289,1307,1326,1345,1373,1401,1439,1476,1514,1561,1607,1664,1729,1795,1851,1926,2076,2264,2545
1117.7778,0.106635,2,14,1155,1165,1174,1183,1193,1202,1212,1221,1230,1240,1249,1258,1268,1287,1305,1324,1352,1380,1418,1455,1493,1540,1587,1643,1709,1774,1830,1906,2056,2243,2524
1158.5186,0.106299,3,14,1196,1206,1215,1224,1234,1243,1253,1262,1271,1281,1290,1300,1309,1328,1347,1365,1394,1422,1460,1497,1535,1582,1629,1685,1751,1817,1873,1949,2099,2287,2570
1108.1481,0.105634,4,14,1146,1155,1165,1174,1184,1193,1203,1212,1222,1231,1241,1250,1260,1279,1297,1316,1345,1373,1411,1449,1487,1534,1581,1638,1705,1771,1828,1903,2055,2244,2528
1140.7407,0.106132,5,14,1178,1188,1197,1207,1216,1226,1235,1244,1254,1263,1273,1282,1291,1310,1329,1348,1376,1405,1442,1480,1518,1565,1612,1668,1734,1800,1857,1932,2083,2271,2554
1128.8888,0.105304,6,14,1167,1176,1186,1195,1205,1214,1224,1233,1243,1252,1262,1271,1281,1300,1319,1338,1366,1395,1433,1471,1509,1556,1604,1661,1727,1794,1851,1927,2079,2268,2553
1145.9259,0.105799,7,14,1184,1193,1203,1212,1222,1231,1240,1250,1259,1269,1278,1288,1297,1316,1335,1354,1382,1411,1448,1486,1524,1571,1619,1675,1741,1808,1864,1940,2091,2280,2564
1125.9259,0.105469,8,14,1164,1173,1183,1192,1202,1211,1221,1230,1240,1249,1259,1268,1278,1297,1316,1335,1363,1391,1429,1467,1505,1553,1600,1657,1723,1790,1847,1922,2074,2264,2548
1125.9259,0.106973,9,14,1163,1173,1182,1191,1201,1210,1219,1229,1238,1247,1257,1266,1275,1294,1313,1332,1360,1388,1425,1462,1500,1547,1593,1649,1715,1780,1836,1911,2061,2248,2528
1185.9259,0.105634,10,14,1224,1233,1243,1252,1262,1271,1281,1290,1300,1309,1318,1328,1337,1356,1375,1394,1423,1451,1489,1527,1565,1612,1659,1716,1782,1849,1905,1981,2133,2322,2606
1176.2963,0.105634,11,14,1214,1224,1233,1243,1252,1261,1271,1280,1290,1299,1309,1318,1328,1347,1366,1385,1413,1441,1479,1517,1555,1602,1650,1706,1773,1839,1896,1971,2123,2312,2596
1125.1852,0.108347,0,15,1162,1171,1181,1190,1199,1208,1217,1227,1236,1245,1254,1264,1273,1291,1310,1328,1356,1384,1421,1457,1494,1541,1587,1642,1707,1771,1827,1900,2048,2233,2510
1146.6666,0.109578,1,15,1183,1192,1201,1211,1220,1229,1238,1247,1256,1265,1274,1284,1293,1311,1329,1347,1375,1402,1439,1475,1512,1557,1603,1658,1722,1785,1840,1913,2059,2242,2516
1076.2963,0.109935,2,15,1113,1122,1131,1140,1149,1158,1167,1176,1185,1195,1204,1213,1222,1240,1258,1276,1304,1331,1367,1404,1440,1486,1531,1586,1649,1713,1768,1840,1986,2168,2441
1134.8148,0.109047,3,15,1171,1181,1190,1199,1208,1217,1227,1236,1245,1254,1263,1272,1282,1300,1318,1337,1364,1392,1428,1465,1502,1547,1593,1648,1713,1777,1832,1905,2052,2235,2510
1140,0.109223,4,15,1177,1186,1195,1204,1213,1222,1232,1241,1250,1259,1268,1277,1286,1305,1323,1341,1369,1396,1433,1470,1506,1552,1598,1653,1717,1781,1836,1909,2056,2239,2513
1131.8519,0.109047,5,15,1169,1178,1187,1196,1205,1214,1224,1233,1242,1251,1260,1269,1279,1297,1315,1334,1361,1389,1425,1462,1499,1545,1590,1645,1710,1774,1829,1902,2049,2232,2507
1111.1112,0.1094,6,15,1148,1157,1166,1175,1184,1193,1203,1212,1221,1230,1239,1248,1257,1276,1294,1312,1340,1367,1404,1440,1477,1522,1568,1623,1687,1751,1806,1879,2025,2208,2482
1140,0.109223,7,15,1177,1186,1195,1204,1213,1222,1232,1241,1250,1259,1268,1277,1286,1305,1323,1341,1369,1396,1433,1470,1506,1552,1598,1653,1717,1781,1836,1909,2056,2239,2513
1120.7407,0.109047,8,15,1157,1167,1176,1185,1194,1203,1212,1222,1231,1240,1249,1258,1267,1286,1304,1322,1350,1378,1414,1451,1488,1533,1579,1634,1698,1763,1818,1891,2038,2221,2496
1152.5927,0.108871,9,15,1189,1199,1208,1217,1226,1235,1244,1254,1263,1272,1281,1290,1300,1318,1336,1355,1382,1410,1447,1483,1520,1566,1612,1667,1731,1796,1851,1924,2071,2255,2530
1176.2963,0.108347,10,15,1213,1222,1232,1241,1250,1259,1269,1278,1287,1296,1306,1315,1324,1342,1361,1379,1407,1435,1472,1509,1545,1592,1638,1693,1758,1822,1878,1952,2099,2284,2561
1073.3334,0.108347,11,15,1110,1119,1129,1138,1147,1156,1166,1175,1184,1193,1203,1212,1221,1239,1258,1276,1304,1332,1369,1406,1443,1489,1535,1590,1655,1719,1775,1849,1996,2181,2458
1168.1481,0.109756,0,16,1205,1214,1223,1232,1241,1250,1259,1268,1277,1287,1296,1305,1314,1332,1350,1369,1396,1423,1460,1496,1533,1578,1624,1678,1742,1806,1861,1933,2079,2261,2535
1151.1112,0.1094,1,16,1188,1197,1206,1215,1224,1233,1243,1252,1261,1270,1279,1288,1297,1316,1334,1352,1380,1407,1444,1480,1517,1562,1608,1663,1727,1791,1846,1919,2065,2248,2522
1159.2593,0.110294,2,16,1196,1205,1214,1223,1232,1241,1250,1259,1268,1277,1286,1295,1304,1322,1341,1359,1386,1413,1449,1486,1522,1567,1613,1667,1730,1794,1848,1921,2066,2247,2519
1172.5927,0.109223,3,16,1209,1218,1228,1237,1246,1255,1264,1273,1282,1292,1301,1310,1319,1337,1356,1374,1401,1429,1466,1502,1539,1585,1630,1685,1749,1813,1868,1942,2088,2271,2546
1221.4814,0.109223,4,16,1258,1267,1276,1286,1295,1304,1313,1322,1331,1341,1350,1359,1368,1386,1405,1423,1450,1478,1514,1551,1588,1633,1679,1734,1798,1862,1917,1991,2137,2320,2595
1120.7407,0.110114,5,16,1157,1166,1175,1184,1193,1202,1212,1221,1230,1239,1248,1257,1266,1284,1302,1321,1348,1375,1411,1448,1484,1529,1575,1629,1693,1756,1811,1884,2029,2211,2483
1171.1112,0.110114,6,16,1207,1217,1226,1235,1244,1253,1262,1271,1280,1289,1298,1307,1316,1335,1353,1371,1398,1425,1462,1498,1534,1580,1625,1680,1743,1807,1861,1934,2079,2261,2533
1174.8148,0.1094,7,16,1211,1221,1230,1239,1248,1257,1266,1275,1285,1294,1303,1312,1321,1339,1358,1376,1403,1431,1467,1504,1540,1586,1632,1687,1751,1815,1870,1943,2089,2272,2546
1155.5555,0.108871,8,16,1192,1201,1211,1220,1229,1238,1247,1257,1266,1275,1284,1293,1303,1321,1339,1358,1385,1413,1449,1486,1523,1569,1615,1670,1734,1799,1854,1927,2074,2258,2533
1181.4814,0.109578,9,16,1218,1227,1236,1245,1254,1264,1273,1282,1291,1300,1309,1318,1327,1346,1364,1382,1410,1437,1474,1510,1547,1592,1638,1693,1756,1820,1875,1948,2094,2277,2550
1138.5186,0.109047,10,16,1175,1184,1194,1203,1212,1221,1230,1239,1249,1258,1267,1276,1285,1304,1322,1340,1368,1395,1432,1469,1505,1551,1597,1652,1716,1780,1835,1909,2056,2239,2514
1203.7037,0.110475,11,16,1240,1249,1258,1267,1276,1285,1294,1303,1312,1321,1330,1339,1349,1367,1385,1403,1430,1457,1493,1530,1566,1611,1656,1711,1774,1837,1892,1964,2109,2290,2561
1204.4445,0.108871,0,17,1241,1250,1260,1269,1278,1287,1296,1305,1315,1324,1333,1342,1351,1370,1388,1407,1434,1462,1498,1535,1572,1618,1664,1719,1783,1847,1903,1976,2123,2307,2582
1200.7407,0.109756,1,17,1237,1246,1255,1265,1274,1283,1292,1301,1310,1319,1328,1337,1347,1365,1383,1401,1429,1456,1492,1529,1565,1611,1656,1711,1775,1839,1893,1966,2112,2294,2567
1195.5555,0.108521,2,17,1232,1242,1251,1260,1269,1278,1288,1297,1306,1315,1325,1334,1343,1361,1380,1398,1426,1454,1490,1527,1564,1610,1656,1712,1776,1841,1896,1970,2117,2301,2578
1213.3334,0.108871,3,17,1250,1259,1268,1278,1287,1296,1305,1314,1324,1333,1342,1351,1360,1379,1397,1415,1443,1471,1507,1544,1581,1627,1673,1728,1792,1856,1911,1985,2132,2316,2591
1182.2222,0.108347,4,17,1219,1228,1238,1247,1256,1265,1275,1284,1293,1302,1311,1321,1330,1348,1367,1385,1413,1441,1478,1514,1551,1598,1644,1699,1764,1828,1884,1958,2105,2290,2567
1179.2593,0.109578,5,17,1216,1225,1234,1243,1252,1261,1271,1280,1289,1298,1307,1316,1325,1344,1362,1380,1407,1435,1471,1508,1544,1590,1636,1690,1754,1818,1873,1946,2092,2274,2548
1210.3705,0.108871,6,17,1247,1256,1265,1275,1284,1293,1302,1311,1321,1330,1339,1348,1357,1376,1394,1412,1440,1468,1504,1541,1578,1624,1670,1725,1789,1853,1908,1982,2129,2313,2588
1193.3334,0.108871,7,17,1230,1239,1248,1258,1267,1276,1285,1294,1304,1313,1322,1331,1340,1359,1377,1395,1423,1451,1487,1524,1561,1607,1653,1708,1772,1836,1891,1965,2112,2296,2571
1222.2222,0.108696,8,17,1259,1268,1277,1287,1296,1305,1314,1323,1333,1342,1351,1360,1369,1388,1406,1425,1452,1480,1517,1553,1590,1636,1682,1737,1802,1866,1921,1995,2142,2326,2602
1200.7407,0.108871,9,17,1237,1247,1256,1265,1274,1283,1293,1302,1311,1320,1329,1339,1348,1366,1384,1403,1430,1458,1495,1531,1568,1614,1660,1715,1779,1844,1899,1972,2119,2303,2579
1186.6666,0.109047,10,17,1223,1233,1242,1251,1260,1269,1278,1288,1297,1306,1315,1324,1333,1352,1370,1388,1416,1443,1480,1517,1553,1599,1645,1700,1764,1829,1884,1957,2104,2287,2562
1200,0.1094,11,17,1237,1246,1255,1264,1273,1282,1291,1301,1310,1319,1328,1337,1346,1365,1383,1401,1429,1456,1493,1529,1566,1611,1657,1712,1776,1840,1895,1968,2114,2297,2571
1065.1852,0.107656,0,18,1102,1112,1121,1130,1139,1149,1158,1167,1177,1186,1195,1205,1214,1232,1251,1270,1297,1325,1362,1400,1437,1483,1530,1585,1650,1715,1771,1845,1994,2180,2459
1051.8519,0.106804,1,18,1089,1099,1108,1117,1127,1136,1145,1155,1164,1174,1183,1192,1202,1220,1239,1258,1286,1314,1351,1389,1426,1473,1520,1576,1642,1707,1763,1838,1988,2175,2456
1081.4814,0.106804,2,18,1119,1128,1138,1147,1156,1166,1175,1184,1194,1203,1213,1222,1231,1250,1269,1287,1316,1344,1381,1419,1456,1503,1550,1606,1671,1737,1793,1868,2018,2205,2486
1080.7407,0.107313,3,18,1118,1127,1137,1146,1155,1165,1174,1183,1193,1202,1211,1221,1230,1248,1267,1286,1314,1342,1379,1416,1453,1500,1547,1603,1668,1733,1789,1863,2013,2199,2479
1098.5186,0.106299,4,18,1136,1146,1155,1164,1174,1183,1193,1202,1211,1221,1230,1240,1249,1268,1287,1305,1334,1362,1400,1437,1475,1522,1569,1625,1691,1757,1813,1889,2039,2227,2510
1069.6295,0.106973,5,18,1107,1116,1126,1135,1144,1154,1163,1172,1182,1191,1201,1210,1219,1238,1257,1275,1303,1331,1369,1406,1444,1490,1537,1593,1659,1724,1780,1855,2004,2191,2472
1067.4073,0.106635,6,18,1105,1114,1124,1133,1142,1152,1161,1171,1180,1189,1199,1208,1217,1236,1255,1274,1302,1330,1367,1405,1443,1489,1536,1593,1658,1724,1780,1855,2005,2193,2474
1072.5927,0.106132,7,18,1110,1120,1129,1139,1148,1157,1167,1176,1186,1195,1205,1214,1223,1242,1261,1280,1308,1336,1374,1412,1449,1497,1544,1600,1666,1732,1789,1864,2015,2203,2486
1119.2593,0.105634,8,18,1157,1167,1176,1186,1195,1204,1214,1223,1233,1242,1252,1261,1271,1290,1309,1328,1356,1384,1422,1460,1498,1545,1593,1649,1716,1782,1839,1914,2066,2255,2539
1110.3705,0.106804,9,18,1148,1157,1167,1176,1185,1195,1204,1213,1223,1232,1241,1251,1260,1279,1298,1316,1344,1373,1410,1447,1485,1532,1579,1635,1700,1766,1822,1897,2047,2234,2515
1093.3334,0.106299,10,18,1131,1140,1150,1159,1169,1178,1187,1197,1206,1216,1225,1234,1244,1263,1281,1300,1329,1357,1394,1432,1470,1517,1564,1620,1686,1752,1808,1884,2034,2222,2504
1106.6666,0.107143,11,18,1144,1153,1163,1172,1181,1191,1200,1209,1219,1228,1237,1247,1256,1275,1293,1312,1340,1368,1405,1443,1480,1527,1573,1629,1695,1760,1816,1891,2040,2227,2507
1166.6666,0.107827,0,19,1204,1213,1222,1232,1241,1250,1259,1269,1278,1287,1297,1306,1315,1334,1352,1371,1399,1426,1463,1501,1538,1584,1630,1686,1751,1816,1871,1946,2094,2280,2558
1159.2593,0.107656,1,19,1196,1206,1215,1224,1234,1243,1252,1261,1271,1280,1289,1299,1308,1326,1345,1364,1391,1419,1457,1494,1531,1577,1624,1679,1744,1809,1865,1940,2088,2274,2553
1160.7407,0.108521,2,19,1198,1207,1216,1225,1234,1244,1253,1262,1271,1281,1290,1299,1308,1327,1345,1363,1391,1419,1456,1492,1529,1575,1621,1677,1741,1806,1861,1935,2082,2267,2543
1185.9259,0.107313,3,19,1223,1233,1242,1251,1260,1270,1279,1288,1298,1307,1316,1326,1335,1354,1372,1391,1419,1447,1484,1521,1559,1605,1652,1708,1773,1838,1894,1969,2118,2304,2584
1126.6666,0.108521,4,19,1164,1173,1182,1191,1200,1210,1219,1228,1237,1246,1256,1265,1274,1293,1311,1329,1357,1385,1422,1458,1495,1541,1587,1643,1707,1772,1827,1901,2048,2232,2509
1189.6295,0.107143,5,19,1227,1236,1246,1255,1264,1274,1283,1292,1302,1311,1320,1330,1339,1358,1376,1395,1423,1451,1488,1526,1563,1610,1656,1712,1778,1843,1899,1974,2123,2310,2590
1176.2963,0.108,6,19,1213,1223,1232,1241,1250,1260,1269,1278,1287,1297,1306,1315,1324,1343,1361,1380,1408,1436,1473,1510,1547,1593,1639,1695,1760,1824,1880,1954,2102,2287,2565
1187.4073,0.106635,7,19,1225,1234,1244,1253,1262,1272,1281,1291,1300,1309,1319,1328,1337,1356,1375,1394,1422,1450,1487,1525,1563,1609,1656,1713,1778,1844,1900,1975,2125,2313,2594
1195.5555,0.106635,8,19,1233,1242,1252,1261,1271,1280,1289,1299,1308,1317,1327,1336,1346,1364,1383,1402,1430,1458,1496,1533,1571,1618,1664,1721,1786,1852,1908,1983,2133,2321,2602
1183.7037,0.107143,9,19,1221,1230,1240,1249,1258,1268,1277,1286,1296,1305,1314,1324,1333,1352,1370,1389,1417,1445,1482,1520,1557,1604,1650,1706,1772,1837,1893,1968,2117,2304,2584
1144.4445,0.106973,10,19,1182,1191,1201,1210,1219,1229,1238,1247,1257,1266,1275,1285,1294,1313,1331,1350,1378,1406,1444,1481,1518,1565,1612,1668,1733,1799,1855,1930,2079,2266,2547
1160.7407,0.108871,11,19,1197,1207,1216,1225,1234,1243,1253,1262,1271,1280,1289,1299,1308,1326,1344,1363,1390,1418,1455,1491,1528,1574,1620,1675,1739,1804,1859,1932,2079,2263,2539
1060.7407,0.107313,0,20,1098,1107,1117,1126,1135,1145,1154,1163,1173,1182,1191,1201,1210,1228,1247,1266,1294,1322,1359,1396,1433,1480,1527,1583,1648,1713,1769,1843,1993,2179,2459
1096.2963,0.106973,1,20,1134,1143,1152,1162,1171,1180,1190,1199,1208,1218,1227,1237,1246,1265,1283,1302,1330,1358,1395,1433,1470,1517,1564,1620,1685,1751,1807,1882,2031,2218,2499
1062.9629,0.107827,2,20,1100,1109,1119,1128,1137,1146,1156,1165,1174,1184,1193,1202,1211,1230,1248,1267,1295,1323,1360,1397,1434,1480,1527,1582,1647,1712,1768,1842,1990,2176,2454
1054.8148,0.107484,3,20,1092,1101,1111,1120,1129,1139,1148,1157,1166,1176,1185,1194,1204,1222,1241,1259,1287,1315,1353,1390,1427,1473,1520,1576,1641,1706,1762,1836,1985,2171,2450
1071.1112,0.108,4,20,1108,1117,1127,1136,1145,1154,1164,1173,1182,1191,1201,1210,1219,1238,1256,1275,1303,1330,1367,1404,1441,1488,1534,1590,1654,1719,1775,1849,1997,2182,2460
1029.6295,0.107143,5,20,1067,1076,1086,1095,1104,1114,1123,1132,1142,1151,1160,1170,1179,1198,1216,1235,1263,1291,1328,1366,1403,1450,1496,1552,1618,1683,1739,1814,1963,2150,2430
1062.2222,0.108,6,20,1099,1109,1118,1127,1136,1146,1155,1164,1173,1183,1192,1201,1210,1229,1247,1266,1294,1321,1359,1396,1433,1479,1525,1581,1646,1710,1766,1840,1988,2173,2451
1077.7778,0.107143,7,20,1115,1124,1134,1143,1152,1162,1171,1180,1190,1199,1208,1218,1227,1246,1264,1283,1311,1339,1376,1414,1451,1498,1544,1600,1666,1731,1787,1862,2011,2198,2478
1082.9629,0.106804,8,20,1120,1130,1139,1149,1158,1167,1177,1186,1195,1205,1214,1223,1233,1251,1270,1289,1317,1345,1383,1420,1457,1504,1551,1607,1673,1738,1795,1869,2019,2207,2487
1102.2222,0.107143,9,20,1140,1149,1158,1168,1177,1186,1196,1205,1214,1224,1233,1242,1252,1270,1289,1308,1336,1364,1401,1438,1476,1522,1569,1625,1690,1756,1812,1886,2036,2222,2502
1022.963,0.106804,10,20,1060,1070,1079,1089,1098,1107,1117,1126,1135,1145,1154,1163,1173,1191,1210,1229,1257,1285,1323,1360,1397,1444,1491,1547,1613,1678,1735,1809,1959,2147,2427
1043.7037,0.107313,11,20,1081,1090,1100,1109,1118,1128,1137,1146,1156,1165,1174,1183,1193,1211,1230,1249,1277,1305,1342,1379,1416,1463,1510,1566,1631,1696,1752,1826,1976,2162,2441
1200.7407,0.107827,0,21,1238,1247,1256,1266,1275,1284,1293,1303,1312,1321,1331,1340,1349,1368,1386,1405,1433,1460,1498,1535,1572,1618,1664,1720,1785,1850,1906,1980,2128,2314,2592
1137.7778,0.107827,1,21,1175,1184,1193,1203,1212,1221,1231,1240,1249,1258,1268,1277,1286,1305,1323,1342,1370,1397,1435,1472,1509,1555,1601,1657,1722,1787,1843,1917,2065,2251,2529
1216.2963,0.107484,2,21,1254,1263,1272,1281,1291,1300,1309,1319,1328,1337,1347,1356,1365,1384,1402,1421,1449,1477,1514,1551,1588,1635,1681,1737,1802,1868,1923,1998,2147,2333,2612
1167.4073,0.106804,3,21,1205,1214,1224,1233,1242,1252,1261,1270,1280,1289,1298,1308,1317,1336,1355,1373,1401,1430,1467,1504,1542,1589,1636,1692,1757,1823,1879,1954,2104,2291,2572
1177.0371,0.107313,4,21,1214,1224,1233,1242,1252,1261,1270,1280,1289,1298,1307,1317,1326,1345,1363,1382,1410,1438,1475,1513,1550,1596,1643,1699,1764,1829,1885,1960,2109,2295,2575
1200.7407,0.108347,5,21,1238,1247,1256,1265,1275,1284,1293,1302,1311,1321,1330,1339,1348,1367,1385,1404,1431,1459,1496,1533,1570,1616,1662,1718,1782,1847,1902,1976,2124,2308,2585
1177.7778,0.107484,6,21,1215,1224,1234,1243,1252,1262,1271,1280,1289,1299,1308,1317,1327,1345,1364,1382,1410,1438,1475,1513,1550,1596,1643,1699,1764,1829,1885,1959,2108,2294,2573
1170.3705,0.107484,7,21,1208,1217,1226,1235,1245,1254,1263,1273,1282,1291,1301,1310,1319,1338,1356,1375,1403,1431,1468,1505,1543,1589,1636,1691,1757,1822,1877,1952,2101,2287,2566
1194.0741,0.108173,8,21,1231,1240,1250,1259,1268,1277,1287,1296,1305,1314,1323,1333,1342,1360,1379,1397,1425,1453,1490,1527,1564,1610,1656,1712,1776,1841,1897,1971,2119,2303,2581
1172.5927,0.107827,9,21,1210,1219,1228,1238,1247,1256,1265,1275,1284,1293,1302,1312,1321,1340,1358,1377,1404,1432,1469,1506,1544,1590,1636,1692,1757,1822,1877,1952,2100,2285,2564
1216.2963,0.107143,10,21,1254,1263,1272,1282,1291,1300,1310,1319,1328,1338,1347,1356,1366,1384,1403,1422,1450,1478,1515,1552,1590,1636,1683,1739,1804,1870,1926,2000,2150,2336,2616
1146.6666,0.108173,11,21,1184,1193,1202,1211,1221,1230,1239,1248,1258,1267,1276,1285,1295,1313,1332,1350,1378,1406,1442,1479,1516,1563,1609,1664,1729,1794,1849,1923,2071,2256,2533
1213.3334,0.108,0,22,1250,1260,1269,1278,1287,1297,1306,1315,1324,1334,1343,1352,1361,1380,1399,1417,1445,1473,1510,1547,1584,1630,1676,1732,1797,1861,1917,1991,2139,2324,2602
1206.6666,0.108173,1,22,1244,1253,1262,1271,1281,1290,1299,1308,1318,1327,1336,1345,1355,1373,1392,1410,1438,1466,1502,1539,1576,1623,1669,1724,1789,1854,1909,1983,2131,2316,2593
1255.5555,0.108521,2,22,1292,1302,1311,1320,1329,1338,1348,1357,1366,1375,1385,1394,1403,1421,1440,1458,1486,1514,1550,1587,1624,1670,1716,1772,1836,1901,1956,2030,2177,2361,2638
1255.5555,0.108521,3,22,1292,1302,1311,1320,1329,1338,1348,1357,1366,1375,1385,1394,1403,1421,1440,1458,1486,1514,1550,1587,1624,1670,1716,1772,1836,1901,1956,2030,2177,2361,2638
1194.0741,0.107484,4,22,1231,1241,1250,1259,1269,1278,1287,1296,1306,1315,1324,1334,1343,1362,1380,1399,1427,1455,1492,1529,1566,1613,1659,1715,1780,1845,1901,1976,2124,2311,2590
1174.0741,0.108696,5,22,1211,1220,1229,1238,1248,1257,1266,1275,1284,1294,1303,1312,1321,1340,1358,1376,1404,1432,1468,1505,1542,1588,1634,1689,1754,1818,1873,1947,2094,2278,2554
1250.3705,0.108521,6,22,1287,1296,1306,1315,1324,1333,1343,1352,1361,1370,1379,1389,1398,1416,1435,1453,1481,1508,1545,1582,1619,1665,1711,1766,1831,1895,1951,2024,2172,2356,2633
1234.8148,0.106973,7,22,1272,1282,1291,1300,1310,1319,1328,1338,1347,1356,1366,1375,1384,1403,1422,1440,1469,1497,1534,1571,1609,1655,1702,1758,1824,1889,1945,2020,2170,2357,2637
1245.1852,0.107827,8,22,1282,1292,1301,1310,1319,1329,1338,1347,1356,1366,1375,1384,1394,1412,1431,1449,1477,1505,1542,1579,1616,1663,1709,1765,1829,1894,1950,2024,2173,2358,2636
1227.4073,0.107656,9,22,1265,1274,1283,1292,1302,1311,1320,1330,1339,1348,1357,1367,1376,1395,1413,1432,1460,1487,1525,1562,1599,1645,1692,1748,1813,1878,1933,2008,2156,2342,2621
1200.7407,0.107313,10,22,1238,1247,1257,1266,1275,1285,1294,1303,1313,1322,1331,1341,1350,1368,1387,1406,1434,1462,1499,1536,1573,1620,1667,1723,1788,1853,1909,1983,2133,2319,2599
1226.6666,0.108521,11,22,1264,1273,1282,1291,1300,1310,1319,1328,1337,1346,1356,1365,1374,1393,1411,1429,1457,1485,1522,1558,1595,1641,1687,1743,1807,1872,1927,2001,2148,2332,2609
1186.6666,0.108696,0,23,1223,1233,1242,1251,1260,1269,1279,1288,1297,1306,1315,1325,1334,1352,1371,1389,1417,1444,1481,1518,1555,1601,1647,1702,1766,1831,1886,1959,2107,2291,2567
1108.8888,0.108347,1,23,1146,1155,1164,1173,1183,1192,1201,1210,1220,1229,1238,1247,1257,1275,1293,1312,1340,1367,1404,1441,1478,1524,1570,1626,1690,1755,1810,1884,2032,2216,2493
1183.7037,0.109047,2,23,1220,1230,1239,1248,1257,1266,1275,1285,1294,1303,1312,1321,1330,1349,1367,1385,1413,1440,1477,1514,1551,1596,1642,1697,1761,1826,1881,1954,2101,2284,2559
1120.7407,0.108521,3,23,1158,1167,1176,1185,1194,1204,1213,1222,1231,1241,1250,1259,1268,1287,1305,1323,1351,1379,1416,1452,1489,1535,1581,1637,1701,1766,1821,1895,2042,2227,2503
1146.6666,0.108521,4,23,1184,1193,1202,1211,1220,1230,1239,1248,1257,1266,1276,1285,1294,1313,1331,1349,1377,1405,1442,1478,1515,1561,1607,1663,1727,1792,1847,1921,2068,2252,2529
1172.5927,0.108696,5,23,1209,1219,1228,1237,1246,1255,1265,1274,1283,1292,1301,1311,1320,1338,1357,1375,1403,1430,1467,1504,1541,1587,1633,1688,1752,1817,1872,1945,2093,2277,2553
1124.4445,0.109223,6,23,1161,1170,1179,1189,1198,1207,1216,1225,1234,1243,1253,1262,1271,1289,1308,1326,1353,1381,1417,1454,1491,1536,1582,1637,1701,1765,1820,1894,2040,2223,2498
1179.2593,0.108173,7,23,1216,1225,1235,1244,1253,1262,1272,1281,1290,1299,1309,1318,1327,1346,1364,1383,1410,1438,1475,1512,1549,1595,1641,1697,1762,1826,1882,1956,2104,2289,2566
1145.1852,0.107827,8,23,1182,1192,1201,1210,1219,1229,1238,1247,1256,1266,1275,1284,1294,1312,1331,1349,1377,1405,1442,1479,1516,1563,1609,1665,1729,1794,1850,1924,2073,2258,2536
1127.4073,0.108,9,23,1164,1174,1183,1192,1201,1211,1220,1229,1239,1248,1257,1266,1276,1294,1313,1331,1359,1387,1424,1461,1498,1544,1590,1646,1711,1776,1831,1905,2053,2239,2516
1162.9629,0.108696,10,23,1200,1209,1218,1227,1237,1246,1255,1264,1273,1283,1292,1301,1310,1329,1347,1365,1393,1421,1457,1494,1531,1577,1623,1678,1743,1807,1862,1936,2083,2267,2543
1158.5186,0.109047,11,23,1195,1204,1214,1223,1232,1241,1250,1259,1269,1278,1287,1296,1305,1324,1342,1360,1388,1415,1452,1489,1525,1571,1617,1672,1736,1800,1855,1929,2076,2259,2534
1107.4073,0.108,0,24,1144,1154,1163,1172,1181,1191,1200,1209,1219,1228,1237,1246,1256,1274,1293,1311,1339,1367,1404,1441,1478,1524,1570,1626,1691,1756,1811,1885,2033,2219,2496
1145.1852,0.108696,1,24,1182,1191,1200,1210,1219,1228,1237,1246,1256,1265,1274,1283,1292,1311,1329,1348,1375,1403,1440,1476,1513,1559,1605,1660,1725,1789,1844,1918,2065,2249,2525
1095.5555,0.108871,2,24,1132,1141,1151,1160,1169,1178,1187,1197,1206,1215,1224,1233,1243,1261,1279,1298,1325,1353,1389,1426,1463,1509,1555,1610,1674,1739,1794,1867,2014,2198,2473
1102.9629,0.107827,3,24,1140,1149,1159,1168,1177,1186,1196,1205,1214,1224,1233,1242,1251,1270,1288,1307,1335,1363,1400,1437,1474,1520,1567,1622,1687,1752,1808,1882,2030,2216,2494
1071.1112,0.108696,4,24,1108,1117,1126,1136,1145,1154,1163,1172,1182,1191,1200,1209,1218,1237,1255,1274,1301,1329,1366,1402,1439,1485,1531,1586,1651,1715,1770,1844,1991,2175,2451
1110.3705,0.108871,5,24,1147,1156,1165,1175,1184,1193,1202,1211,1221,1230,1239,1248,1257,1276,1294,1312,1340,1368,1404,1441,1478,1524,1570,1625,1689,1753,1808,1882,2029,2213,2488
1116.2963,0.109047,6,24,1153,1162,1171,1180,1190,1199,1208,1217,1226,1236,1245,1254,1263,1281,1300,1318,1346,1373,1410,1446,1483,1529,1575,1630,1694,1758,1813,1887,2033,2217,2492
1137.7778,0.109223,7,24,1174,1184,1193,1202,1211,1220,1229,1238,1248,1257,1266,1275,1284,1303,1321,1339,1367,1394,1431,1467,1504,1550,1596,1650,1715,1779,1834,1907,2053,2236,2511
1080.7407,0.108521,8,24,1118,1127,1136,1145,1154,1164,1173,1182,1191,1201,1210,1219,1228,1247,1265,1283,1311,1339,1376,1412,1449,1495,1541,1597,1661,1726,1781,1855,2002,2187,2463
1131.1112,0.107656,9,24,1168,1178,1187,1196,1205,1215,1224,1233,1243,1252,1261,1270,1280,1298,1317,1335,1363,1391,1428,1466,1503,1549,1596,1651,1716,1781,1837,1911,2060,2246,2524
1125.9259,0.107827,10,24,1163,1172,1182,1191,1200,1209,1219,1228,1237,1246,1256,1265,1274,1293,1311,1330,1358,1386,1423,1460,1497,1543,1590,1645,1710,1775,1831,1905,2053,2239,2517
1141.4814,0.109223,11,24,1178,1187,1196,1206,1215,1224,1233,1242,1251,1261,1270,1279,1288,1306,1325,1343,1370,1398,1434,1471,1508,1553,1599,1654,1718,1782,1837,1911,2057,2240,2515
1156.2963,0.106467,0,25,1194,1203,1213,1222,1231,1241,1250,1260,1269,1278,1288,1297,1307,1325,1344,1363,1391,1419,1457,1494,1532,1579,1626,1682,1748,1814,1870,1945,2096,2283,2565
1160,0.107143,1,25,1197,1207,1216,1225,1235,1244,1253,1263,1272,1281,1291,1300,1309,1328,1347,1365,1393,1421,1459,1496,1533,1580,1627,1683,1748,1813,1869,1944,2093,2280,2560
1135.5555,0.107313,2,25,1173,1182,1191,1201,1210,1219,1229,1238,1247,1257,1266,1275,1285,1303,1322,1341,1369,1396,1434,1471,1508,1555,1601,1657,1723,1788,1844,1918,2067,2254,2533
1148.1481,0.105799,3,25,1186,1195,1205,1214,1224,1233,1243,1252,1262,1271,1280,1290,1299,1318,1337,1356,1384,1413,1451,1488,1526,1573,1621,1677,1744,1810,1866,1942,2093,2282,2566
1174.0741,0.106804,4,25,1212,1221,1230,1240,1249,1258,1268,1277,1286,1296,1305,1315,1324,1343,1361,1380,1408,1436,1474,1511,1549,1595,1642,1698,1764,1829,1886,1961,2110,2298,2579
1224.4445,0.106132,5,25,1262,1272,1281,1290,1300,1309,1319,1328,1338,1347,1356,1366,1375,1394,1413,1432,1460,1488,1526,1564,1601,1648,1696,1752,1818,1884,1941,2016,2167,2355,2638
1140,0.106467,6,25,1178,1187,1196,1206,1215,1225,1234,1243,1253,1262,1271,1281,1290,1309,1328,1347,1375,1403,1441,1478,1516,1563,1610,1666,1732,1797,1854,1929,2079,2267,2549
1160.7407,0.105965,7,25,1198,1208,1217,1227,1236,1246,1255,1265,1274,1283,1293,1302,1312,1331,1349,1368,1397,1425,1463,1500,1538,1585,1633,1689,1755,1821,1878,1953,2104,2293,2576
1084.4445,0.105304,8,25,1122,1132,1141,1151,1160,1170,1179,1189,1198,1208,1217,1227,1236,1255,1274,1293,1322,1350,1388,1426,1464,1512,1559,1616,1683,1749,1806,1882,2034,2224,2509
1168.8888,0.10514,9,25,1207,1216,1226,1235,1245,1254,1264,1274,1283,1293,1302,1312,1321,1340,1359,1378,1407,1435,1473,1511,1549,1597,1644,1702,1768,1835,1892,1968,2120,2310,2596
1095.5555,0.105469,10,25,1133,1143,1152,1162,1171,1181,1190,1200,1209,1219,1228,1238,1247,1266,1285,1304,1333,1361,1399,1437,1475,1522,1570,1627,1693,1759,1816,1892,2044,2233,2518
1067.4073,0.10514,11,25,1105,1115,1124,1134,1143,1153,1163,1172,1182,1191,1201,1210,1220,1239,1258,1277,1305,1334,1372,1410,1448,1495,1543,1600,1667,1733,1790,1866,2019,2209,2494
1026.6666,0.108521,0,26,1064,1073,1082,1091,1100,1110,1119,1128,1137,1146,1156,1165,1174,1193,1211,1229,1257,1285,1322,1358,1395,1441,1487,1543,1607,1672,1727,1801,1948,2132,2409
1025.1852,0.108,1,26,1062,1071,1081,1090,1099,1109,1118,1127,1136,1146,1155,1164,1173,1192,1210,1229,1257,1284,1321,1359,1396,1442,1488,1544,1609,1673,1729,1803,1951,2136,2414
1057.0371,0.108696,2,26,1094,1103,1112,1121,1131,1140,1149,1158,1167,1177,1186,1195,1204,1223,1241,1259,1287,1315,1351,1388,1425,1471,1517,1572,1637,1701,1756,1830,1977,2161,2437
1014.8148,0.108871,3,26,1052,1061,1070,1079,1088,1097,1107,1116,1125,1134,1143,1153,1162,1180,1199,1217,1244,1272,1309,1345,1382,1428,1474,1529,1593,1658,1713,1786,1933,2117,2393
1054.8148,0.109047,4,26,1091,1101,1110,1119,1128,1137,1147,1156,1165,1174,1183,1192,1202,1220,1238,1257,1284,1312,1348,1385,1422,1467,1513,1568,1633,1697,1752,1825,1972,2155,2430
1049.6295,0.108871,5,26,1086,1096,1105,1114,1123,1132,1141,1151,1160,1169,1178,1187,1197,1215,1233,1252,1279,1307,1344,1380,1417,1463,1509,1564,1628,1693,1748,1821,1968,2152,2427
1018.5185,0.108696,6,26,1055,1065,1074,1083,1092,1101,1111,1120,1129,1138,1147,1157,1166,1184,1203,1221,1249,1276,1313,1350,1387,1433,1479,1534,1598,1663,1718,1791,1939,2123,2399
938.5185,0.108696,7,26,975,985,994,1003,1012,1021,1031,1040,1049,1058,1067,1077,1086,1104,1123,1141,1169,1196,1233,1270,1307,1353,1399,1454,1518,1583,1638,1711,1859,2043,2319
1004.4445,0.107827,8,26,1042,1051,1060,1069,1079,1088,1097,1106,1116,1125,1134,1144,1153,1171,1190,1208,1236,1264,1301,1338,1375,1422,1468,1524,1589,1654,1709,1783,1932,2117,2396
1008.8889,0.107827,9,26,1046,1055,1065,1074,1083,1092,1102,1111,1120,1129,1139,1148,1157,1176,1194,1213,1241,1269,1306,1343,1380,1426,1473,1528,1593,1658,1714,1788,1936,2122,2400
1024.4445,0.108173,10,26,1061,1071,1080,1089,1098,1108,1117,1126,1135,1145,1154,1163,1172,1191,1209,1228,1256,1283,1320,1357,1394,1440,1487,1542,1607,1672,1727,1801,1949,2134,2411
1014.8148,0.109047,11,26,1051,1061,1070,1079,1088,1097,1107,1116,1125,1134,1143,1152,1162,1180,1198,1217,1244,1272,1308,1345,1382,1427,1473,1528,1593,1657,1712,1785,1932,2115,2390
1216.2963,0.107827,0,27,1253,1263,1272,1281,1290,1300,1309,1318,1328,1337,1346,1355,1365,1383,1402,1420,1448,1476,1513,1550,1587,1634,1680,1736,1801,1865,1921,1995,2144,2329,2607
1162.9629,0.108521,1,27,1200,1209,1218,1227,1237,1246,1255,1264,1274,1283,1292,1301,1310,1329,1347,1366,1393,1421,1458,1495,1532,1578,1624,1679,1743,1808,1863,1937,2084,2269,2545
1172.5927,0.108,2,27,1210,1219,1228,1237,1247,1256,1265,1274,1284,1293,1302,1311,1321,1339,1358,1376,1404,1432,1469,1506,1543,1589,1636,1691,1756,1821,1876,1950,2099,2284,2561
1142.9629,0.107827,3,27,1180,1189,1199,1208,1217,1226,1236,1245,1254,1264,1273,1282,1291,1310,1328,1347,1375,1403,1440,1477,1514,1560,1607,1662,1727,1792,1848,1922,2070,2256,2534
1174.8148,0.108871,4,27,1212,1221,1230,1239,1248,1257,1267,1276,1285,1294,1303,1313,1322,1340,1359,1377,1404,1432,1469,1505,1542,1588,1634,1689,1753,1818,1873,1946,2093,2277,2553
1211.1112,0.108347,5,27,1248,1257,1266,1276,1285,1294,1303,1313,1322,1331,1340,1350,1359,1377,1396,1414,1442,1470,1506,1543,1580,1626,1673,1728,1793,1857,1913,1986,2134,2319,2596
1154.0741,0.108521,6,27,1191,1200,1209,1219,1228,1237,1246,1255,1265,1274,1283,1292,1302,1320,1338,1357,1384,1412,1449,1486,1523,1569,1615,1670,1735,1799,1854,1928,2076,2260,2536
1148.1481,0.107656,7,27,1185,1195,1204,1213,1222,1232,1241,1250,1260,1269,1278,1287,1297,1315,1334,1353,1380,1408,1445,1483,1520,1566,1613,1668,1733,1798,1854,1928,2077,2263,2541
1177.7778,0.108347,8,27,1215,1224,1233,1242,1252,1261,1270,1279,1289,1298,1307,1316,1325,1344,1362,1381,1409,1436,1473,1510,1547,1593,1639,1695,1759,1824,1879,1953,2101,2285,2562
1126.6666,0.107827,9,27,1164,1173,1182,1192,1201,1210,1219,1229,1238,1247,1257,1266,1275,1294,1312,1331,1359,1386,1423,1461,1498,1544,1590,1646,1711,1776,1831,1906,2054,2240,2518
1199.2593,0.108,10,27,1236,1246,1255,1264,1273,1283,1292,1301,1310,1320,1329,1338,1347,1366,1384,1403,1431,1459,1496,1533,1570,1616,1662,1718,1783,1847,1903,1977,2125,2310,2588
1177.7778,0.107827,11,27,1215,1224,1233,1243,1252,1261,1271,1280,1289,1298,1308,1317,1326,1345,1363,1382,1410,1437,1475,1512,1549,1595,1641,1697,1762,1827,1883,1957,2105,2291,2569
1126.6666,0.107313,0,28,1164,1173,1183,1192,1201,1211,1220,1229,1238,1248,1257,1266,1276,1294,1313,1332,1360,1388,1425,1462,1499,1546,1593,1649,1714,1779,1835,1909,2059,2245,2524
1094.8148,0.106973,1,28,1132,1142,1151,1160,1170,1179,1188,1198,1207,1216,1226,1235,1244,1263,1282,1300,1329,1357,1394,1431,1469,1515,1562,1618,1684,1749,1805,1880,2030,2217,2497
1128.8888,0.108521,2,28,1166,1175,1184,1193,1203,1212,1221,1230,1239,1249,1258,1267,1276,1295,1313,1332,1359,1387,1424,1461,1497,1544,1590,1645,1709,1774,1829,1903,2050,2235,2511
1107.4073,0.107484,3,28,1145,1154,1163,1173,1182,1191,1200,1210,1219,1228,1238,1247,1256,1275,1293,1312,1340,1368,1405,1442,1480,1526,1573,1628,1694,1759,1814,1889,2038,2224,2503
1129.6295,0.107484,4,28,1167,1176,1185,1195,1204,1213,1223,1232,1241,1251,1260,1269,1278,1297,1316,1334,1362,1390,1427,1465,1502,1548,1595,1651,1716,1781,1837,1911,2060,2246,2525
1120,0.106804,5,28,1157,1167,1176,1186,1195,1204,1214,1223,1232,1242,1251,1260,1270,1289,1307,1326,1354,1382,1420,1457,1495,1541,1588,1644,1710,1775,1832,1906,2056,2244,2524
1136.2963,0.107827,6,28,1173,1183,1192,1201,1210,1220,1229,1238,1248,1257,1266,1275,1285,1303,1322,1340,1368,1396,1433,1470,1507,1554,1600,1656,1721,1785,1841,1915,2064,2249,2527
1099.2593,0.106973,7,28,1137,1146,1155,1165,1174,1183,1193,1202,1211,1221,1230,1239,1249,1268,1286,1305,1333,1361,1398,1436,1473,1520,1567,1623,1688,1754,1810,1885,2034,2221,2501
1071.8519,0.107143,8,28,1109,1119,1128,1137,1147,1156,1165,1175,1184,1193,1203,1212,1221,1240,1259,1277,1305,1333,1371,1408,1445,1492,1539,1595,1660,1725,1781,1856,2005,2192,2472
1108.8888,0.106635,9,28,1146,1156,1165,1175,1184,1193,1203,1212,1221,1231,1240,1250,1259,1278,1296,1315,1343,1371,1409,1446,1484,1531,1578,1634,1700,1765,1822,1897,2047,2234,2516
1108.1481,0.106973,10,28,1146,1155,1164,1174,1183,1192,1202,1211,1220,1230,1239,1248,1258,1276,1295,1314,1342,1370,1407,1445,1482,1529,1576,1632,1697,1763,1819,1893,2043,2230,2510
1113.3334,0.106973,11,28,1151,1160,1169,1179,1188,1197,1207,1216,1226,1235,1244,1254,1263,1282,1300,1319,1347,1375,1412,1450,1487,1534,1581,1637,1702,1768,1824,1899,2048,2235,2516
1085.1852,0.106973,0,29,1123,1132,1141,1151,1160,1169,1179,1188,1197,1207,1216,1225,1235,1253,1272,1291,1319,1347,1384,1422,1459,1506,1553,1609,1674,1740,1796,1870,2020,2207,2487
1126.6666,0.107484,1,29,1164,1173,1182,1192,1201,1210,1220,1229,1238,1248,1257,1266,1276,1294,1313,1331,1359,1387,1424,1462,1499,1545,1592,1648,1713,1778,1834,1908,2057,2243,2522
1097.7778,0.107484,2,29,1135,1144,1154,1163,1172,1182,1191,1200,1209,1219,1228,1237,1247,1265,1284,1302,1330,1358,1395,1433,1470,1516,1563,1619,1684,1749,1805,1879,2028,2214,2493
1096.2963,0.108696,3,29,1133,1142,1151,1161,1170,1179,1188,1197,1207,1216,1225,1234,1243,1262,1280,1299,1326,1354,1391,1427,1464,1510,1556,1611,1676,1740,1795,1869,2016,2200,2476
1106.6666,0.107827,4,29,1144,1153,1162,1172,1181,1190,1199,1209,1218,1227,1237,1246,1255,1274,1292,1311,1339,1366,1403,1441,1478,1524,1570,1626,1691,1756,1811,1886,2034,2220,2498
1105.1852,0.108173,5,29,1142,1151,1161,1170,1179,1188,1198,1207,1216,1225,1235,1244,1253,1272,1290,1309,1336,1364,1401,1438,1475,1521,1567,1623,1688,1752,1808,1882,2030,2215,2492
1169.6295,0.107656,6,29,1207,1216,1225,1235,1244,1253,1263,1272,1281,1290,1300,1309,1318,1337,1355,1374,1402,1430,1467,1504,1541,1588,1634,1690,1755,1820,1876,1950,2099,2284,2563
1092.5927,0.107656,7,29,1130,1139,1148,1158,1167,1176,1185,1195,1204,1213,1223,1232,1241,1260,1278,1297,1325,1353,1390,1427,1464,1511,1557,1613,1678,1743,1799,1873,2021,2207,2486
1069.6295,0.107143,8,29,1107,1116,1126,1135,1144,1154,1163,1172,1182,1191,1200,1210,1219,1238,1256,1275,1303,1331,1368,1406,1443,1490,1536,1592,1658,1723,1779,1854,2003,2190,2470
1118.5186,0.107827,9,29,1156,1165,1174,1183,1193,1202,1211,1221,1230,1239,1248,1258,1267,1285,1304,1323,1350,1378,1415,1452,1489,1536,1582,1638,1703,1768,1823,1898,2046,2231,2510
1088.1481,0.108,10,29,1125,1134,1144,1153,1162,1171,1181,1190,1199,1209,1218,1227,1236,1255,1273,1292,1320,1347,1384,1421,1459,1505,1551,1607,1671,1736,1792,1866,2014,2199,2477
1130.3705,0.108347,11,29,1167,1177,1186,1195,1204,1213,1223,1232,1241,1250,1260,1269,1278,1297,1315,1333,1361,1389,1426,1463,1500,1546,1592,1647,1712,1776,1832,1906,2053,2238,2515
1015.5555,0.108173,0,30,1053,1062,1071,1080,1090,1099,1108,1117,1126,1136,1145,1154,1163,1182,1200,1219,1247,1274,1311,1348,1385,1432,1478,1533,1598,1663,1718,1792,1940,2125,2402
1047.4073,0.107827,1,30,1085,1094,1103,1112,1122,1131,1140,1149,1159,1168,1177,1187,1196,1214,1233,1251,1279,1307,1344,1381,1418,1465,1511,1567,1632,1697,1752,1826,1975,2160,2439
1080.7407,0.107484,2,30,1118,1127,1137,1146,1155,1164,1174,1183,1192,1202,1211,1220,1230,1248,1267,1285,1313,1341,1378,1416,1453,1499,1546,1602,1667,1732,1788,1862,2011,2197,2476
1004.4445,0.106467,3,30,1042,1051,1061,1070,1080,1089,1098,1108,1117,1127,1136,1145,1155,1174,1192,1211,1239,1267,1305,1343,1380,1427,1474,1530,1596,1662,1718,1793,1944,2132,2413
1058.5186,0.107656,4,30,1096,1105,1114,1124,1133,1142,1151,1161,1170,1179,1189,1198,1207,1226,1244,1263,1291,1319,1356,1393,1430,1477,1523,1579,1644,1709,1764,1839,1987,2173,2452
1047.4073,0.108,5,30,1084,1094,1103,1112,1121,1131,1140,1149,1159,1168,1177,1186,1196,1214,1233,1251,1279,1307,1344,1381,1418,1464,1510,1566,1631,1696,1751,1825,1973,2159,2436
1020,0.107827,6,30,1057,1066,1076,1085,1094,1103,1113,1122,1131,1141,1150,1159,1168,1187,1205,1224,1252,1280,1317,1354,1391,1437,1484,1539,1604,1669,1725,1799,1947,2133,2411
1071.8519,0.107143,7,30,1109,1119,1128,1137,1147,1156,1165,1175,1184,1193,1203,1212,1221,1240,1259,1277,1305,1333,1371,1408,1445,1492,1539,1595,1660,1725,1781,1856,2005,2192,2472
1076.2963,0.107143,8,30,1114,1123,1132,1142,1151,1160,1170,1179,1188,1198,1207,1216,1226,1244,1263,1282,1310,1338,1375,1412,1450,1496,1543,1599,1664,1730,1786,1860,2010,2196,2476
984.4445,0.107656,9,30,1022,1031,1040,1049,1059,1068,1077,1087,1096,1105,1114,1124,1133,1152,1170,1189,1217,1245,1282,1319,1356,1402,1449,1505,1570,1635,1690,1765,1913,2099,2378
1053.3334,0.108,10,30,1090,1100,1109,1118,1127,1137,1146,1155,1164,1174,1183,1192,1201,1220,1239,1257,1285,1313,1350,1387,1424,1470,1516,1572,1637,1701,1757,1831,1979,2164,2442
1080,0.107484,11,30,1117,1127,1136,1145,1154,1164,1173,1182,1192,1201,1210,1220,1229,1247,1266,1285,1313,1341,1378,1415,1452,1499,1545,1601,1666,1731,1787,1862,2010,2196,2476
1176.2963,0.108696,0,31,1213,1222,1231,1241,1250,1259,1268,1277,1287,1296,1305,1314,1323,1342,1360,1379,1406,1434,1471,1507,1544,1590,1636,1691,1756,1820,1875,1949,2096,2280,2556
1242.9629,0.108173,1,31,1280,1289,1298,1308,1317,1326,1335,1345,1354,1363,1372,1382,1391,1409,1428,1446,1474,1502,1539,1576,1613,1659,1705,1761,1825,1890,1946,2019,2167,2352,2630
1192.5927,0.108173,2,31,1230,1239,1248,1257,1267,1276,1285,1294,1304,1313,1322,1331,1341,1359,1377,1396,1424,1451,1488,1525,1562,1609,1655,1710,1775,1840,1895,1969,2117,2302,2579
1158.5186,0.107656,3,31,1196,1205,1214,1224,1233,1242,1251,1261,1270,1279,1289,1298,1307,1326,1344,1363,1391,1419,1456,1493,1530,1577,1623,1679,1744,1809,1864,1939,2087,2273,2552
1174.8148,0.107827,4,31,1212,1221,1230,1240,1249,1258,1268,1277,1286,1295,1305,1314,1323,1342,1360,1379,1407,1434,1472,1509,1546,1592,1639,1694,1759,1824,1880,1954,2102,2288,2566
1152.5927,0.107656,5,31,1190,1199,1208,1218,1227,1236,1245,1255,1264,1273,1283,1292,1301,1320,1338,1357,1385,1413,1450,1487,1524,1571,1617,1673,1738,1803,1859,1933,2081,2267,2546
1190.3705,0.108,6,31,1227,1237,1246,1255,1264,1274,1283,1292,1301,1311,1320,1329,1339,1357,1376,1394,1422,1450,1487,1524,1561,1607,1653,1709,1774,1839,1894,1968,2116,2301,2579
1211.8519,0.106973,7,31,1249,1259,1268,1277,1287,1296,1305,1315,1324,1333,1343,1352,1361,1380,1399,1418,1446,1474,1511,1548,1586,1633,1679,1735,1801,1866,1922,1997,2147,2334,2614
1173.3334,0.108,8,31,1210,1220,1229,1238,1247,1257,1266,1275,1284,1294,1303,1312,1321,1340,1359,1377,1405,1433,1470,1507,1544,1590,1636,1692,1757,1821,1877,1951,2099,2284,2562
1168.1481,0.108,9,31,1205,1214,1224,1233,1242,1251,1261,1270,1279,1289,1298,1307,1316,1335,1353,1372,1400,1427,1464,1501,1539,1585,1631,1687,1751,1816,1872,1946,2094,2279,2557
1216.2963,0.107827,10,31,1253,1263,1272,1281,1290,1300,1309,1318,1328,1337,1346,1355,1365,1383,1402,1420,1448,1476,1513,1550,1587,1634,1680,1736,1801,1865,1921,1995,2144,2329,2607
1195.5555,0.107313,11,31,1233,1242,1251,1261,1270,1279,1289,1298,1307,1317,1326,1335,1345,1363,1382,1401,1429,1456,1494,1531,1568,1615,1661,1717,1783,1848,1904,1978,2127,2314,2593
