Based on the TVAC measurements by O Grimm May/June 2017. From STIX_TVAC_Data_MayJune2017\Nominal\FitResults.mat,
Channel energy edges obtained from stx_science_energy_channels(/edges_1) ,
Pixel,Detector,ADC Edge 0 - 4 keV,ADC Edge 1 - 5 keV,ADC Edge 2 - 6 keV,ADC Edge 3 - 7 keV,ADC Edge 4 - 8 keV,ADC Edge 5 - 9 keV,ADC Edge 6 - 10 keV,ADC Edge 7 - 11 keV,ADC Edge 8 - 12 keV,ADC Edge 9 - 13 keV,ADC Edge 10 - 14 keV,ADC Edge 11 - 15 keV,ADC Edge 12 - 16 keV,ADC Edge 13 - 18 keV,ADC Edge 14 - 20 keV,ADC Edge 15 - 22 keV,ADC Edge 16 - 25 keV,ADC Edge 17 - 28 keV,ADC Edge 18 - 32 keV,ADC Edge 19 - 36 keV,ADC Edge 20 - 40 keV,ADC Edge 21 - 45 keV,ADC Edge 22 - 50 keV,ADC Edge 23 - 55 keV,ADC Edge 24 - 60 keV,ADC Edge 25 - 65 keV,ADC Edge 26 - 70 keV,ADC Edge 27 - 75 keV,ADC Edge 28 - 85 keV,ADC Edge 29 - 100 keV,ADC Edge 30 - 115 keV,ADC Edge 31 - 130 keV,ADC Edge 32 - 150 keV
0,0,1080,1090,1099,1108,1117,1127,1136,1145,1155,1164,1173,1183,1192,1211,1229,1248,1276,1304,1341,1378,1415,1462,1508,1555,1602,1648,1695,1741,1834,1974,2113,2253,2439
1,0,1077,1086,1095,1105,1114,1124,1133,1142,1152,1161,1171,1180,1189,1208,1227,1246,1274,1302,1339,1377,1414,1461,1508,1555,1602,1649,1696,1743,1837,1978,2118,2259,2447
2,0,1109,1119,1128,1137,1147,1156,1165,1174,1184,1193,1202,1212,1221,1240,1258,1277,1305,1333,1370,1407,1444,1491,1537,1584,1630,1677,1723,1770,1863,2002,2142,2281,2467
3,0,1066,1075,1085,1094,1103,1113,1122,1131,1141,1150,1159,1169,1178,1197,1215,1234,1262,1290,1327,1364,1402,1448,1495,1541,1588,1635,1681,1728,1821,1961,2101,2240,2427
4,0,1106,1115,1124,1133,1143,1152,1161,1171,1180,1189,1198,1208,1217,1236,1254,1273,1301,1329,1366,1403,1440,1487,1533,1580,1626,1672,1719,1765,1858,1998,2137,2277,2462
5,0,1102,1112,1121,1130,1140,1149,1158,1168,1177,1186,1195,1205,1214,1233,1251,1270,1298,1326,1363,1400,1437,1484,1530,1577,1623,1670,1716,1763,1856,1995,2134,2274,2460
6,0,1072,1081,1090,1100,1109,1118,1128,1137,1146,1155,1165,1174,1183,1202,1221,1239,1267,1295,1332,1369,1406,1453,1499,1546,1592,1639,1685,1732,1825,1964,2104,2243,2429
7,0,990,999,1008,1018,1027,1036,1046,1055,1064,1074,1083,1092,1102,1120,1139,1158,1186,1214,1251,1288,1325,1372,1419,1465,1512,1559,1605,1652,1745,1885,2025,2165,2351
8,0,1055,1064,1074,1083,1093,1102,1111,1121,1130,1140,1149,1159,1168,1187,1206,1225,1253,1282,1319,1357,1395,1442,1490,1537,1584,1631,1679,1726,1820,1962,2104,2246,2435
9,0,1060,1069,1078,1088,1097,1106,1116,1125,1135,1144,1153,1163,1172,1191,1210,1229,1257,1285,1323,1360,1398,1445,1492,1539,1585,1632,1679,1726,1820,1961,2102,2243,2431
10,0,1075,1085,1094,1104,1113,1122,1132,1141,1150,1160,1169,1178,1188,1206,1225,1244,1272,1300,1337,1375,1412,1459,1505,1552,1599,1646,1692,1739,1832,1973,2113,2253,2440
11,0,1065,1074,1083,1093,1102,1111,1121,1130,1139,1149,1158,1167,1176,1195,1214,1232,1260,1288,1325,1362,1400,1446,1493,1539,1586,1632,1679,1725,1818,1958,2097,2237,2423
0,1,1092,1101,1111,1120,1129,1139,1148,1157,1166,1176,1185,1194,1204,1222,1241,1259,1287,1315,1352,1389,1426,1473,1519,1566,1612,1659,1705,1752,1844,1984,2123,2262,2448
1,1,1197,1206,1215,1224,1234,1243,1252,1261,1270,1279,1288,1298,1307,1325,1343,1362,1389,1416,1453,1490,1526,1572,1618,1663,1709,1755,1800,1846,1938,2075,2212,2349,2532
2,1,1118,1127,1136,1145,1154,1164,1173,1182,1191,1200,1210,1219,1228,1246,1265,1283,1311,1338,1375,1412,1449,1495,1541,1586,1632,1678,1724,1770,1862,2000,2138,2276,2460
3,1,1159,1168,1177,1186,1196,1205,1214,1223,1233,1242,1251,1260,1269,1288,1306,1325,1353,1380,1417,1454,1491,1537,1583,1629,1675,1722,1768,1814,1906,2044,2183,2321,2506
4,1,1144,1153,1162,1172,1181,1190,1199,1209,1218,1227,1236,1246,1255,1273,1292,1310,1338,1366,1403,1440,1477,1523,1569,1616,1662,1708,1754,1801,1893,2032,2170,2309,2494
5,1,1155,1164,1173,1182,1191,1201,1210,1219,1228,1237,1247,1256,1265,1283,1302,1320,1348,1375,1412,1449,1486,1532,1578,1624,1670,1716,1762,1808,1900,2038,2175,2313,2497
6,1,1117,1127,1136,1145,1155,1164,1173,1182,1192,1201,1210,1219,1229,1247,1266,1284,1312,1340,1377,1414,1451,1497,1543,1590,1636,1682,1728,1775,1867,2006,2145,2284,2469
7,1,1140,1149,1159,1168,1177,1186,1196,1205,1214,1224,1233,1242,1251,1270,1288,1307,1335,1363,1400,1437,1474,1520,1567,1613,1659,1706,1752,1798,1891,2030,2169,2308,2494
8,1,1159,1168,1178,1187,1196,1206,1215,1224,1233,1243,1252,1261,1271,1289,1308,1326,1354,1382,1419,1457,1494,1540,1587,1633,1680,1726,1773,1819,1912,2051,2191,2330,2516
9,1,1192,1201,1210,1219,1228,1238,1247,1256,1265,1274,1284,1293,1302,1320,1339,1357,1385,1412,1449,1486,1522,1568,1614,1660,1706,1752,1798,1844,1936,2074,2212,2350,2533
10,1,1096,1106,1115,1124,1133,1143,1152,1161,1171,1180,1189,1198,1208,1226,1245,1263,1291,1319,1356,1393,1430,1477,1523,1570,1616,1663,1709,1755,1848,1988,2127,2266,2452
11,1,1130,1139,1148,1157,1166,1176,1185,1194,1203,1213,1222,1231,1240,1259,1277,1296,1323,1351,1388,1425,1461,1508,1554,1600,1646,1692,1738,1784,1876,2015,2153,2291,2476
0,2,1204,1213,1222,1232,1241,1250,1260,1269,1279,1288,1297,1307,1316,1335,1354,1372,1400,1429,1466,1504,1541,1588,1635,1682,1729,1776,1822,1869,1963,2104,2244,2385,2573
1,2,1177,1186,1196,1205,1214,1223,1233,1242,1251,1260,1270,1279,1288,1307,1325,1344,1371,1399,1436,1473,1510,1556,1603,1649,1695,1741,1788,1834,1926,2065,2204,2343,2528
2,2,1235,1244,1253,1263,1272,1281,1291,1300,1309,1319,1328,1337,1347,1366,1384,1403,1431,1459,1496,1534,1571,1618,1665,1712,1758,1805,1852,1899,1992,2133,2273,2413,2600
3,2,1276,1285,1294,1304,1313,1322,1332,1341,1350,1360,1369,1378,1387,1406,1425,1443,1471,1499,1537,1574,1611,1658,1704,1751,1797,1844,1891,1937,2030,2170,2310,2450,2636
4,2,1177,1186,1196,1205,1214,1224,1233,1243,1252,1261,1271,1280,1289,1308,1327,1346,1374,1402,1439,1477,1514,1561,1608,1655,1702,1749,1796,1843,1936,2077,2218,2358,2546
5,2,1195,1204,1214,1223,1232,1242,1251,1260,1269,1279,1288,1297,1307,1325,1344,1362,1390,1418,1455,1492,1529,1576,1622,1669,1715,1762,1808,1854,1947,2087,2226,2365,2551
6,2,1239,1248,1257,1266,1276,1285,1294,1303,1312,1321,1331,1340,1349,1367,1386,1404,1432,1459,1496,1533,1569,1615,1661,1707,1753,1799,1845,1891,1983,2120,2258,2396,2580
7,2,1158,1167,1176,1186,1195,1204,1214,1223,1233,1242,1251,1261,1270,1289,1308,1326,1354,1383,1420,1458,1495,1542,1589,1636,1683,1729,1776,1823,1917,2057,2198,2339,2526
8,2,1234,1243,1253,1262,1271,1281,1290,1300,1309,1318,1328,1337,1347,1366,1384,1403,1431,1460,1497,1535,1573,1620,1667,1714,1761,1808,1855,1903,1997,2138,2279,2421,2609
9,2,1235,1244,1254,1263,1272,1281,1291,1300,1309,1319,1328,1337,1347,1365,1384,1403,1431,1458,1496,1533,1570,1617,1663,1710,1757,1803,1850,1896,1989,2129,2269,2409,2595
10,2,1213,1222,1232,1241,1250,1260,1269,1278,1288,1297,1306,1316,1325,1344,1362,1381,1409,1437,1474,1511,1549,1595,1642,1688,1735,1782,1828,1875,1968,2108,2248,2387,2574
11,2,1207,1216,1226,1235,1245,1254,1263,1273,1282,1292,1301,1310,1320,1339,1357,1376,1404,1433,1470,1508,1545,1592,1639,1686,1733,1780,1827,1875,1969,2110,2251,2392,2580
0,3,1194,1203,1212,1222,1231,1241,1250,1260,1269,1278,1288,1297,1307,1325,1344,1363,1391,1420,1457,1495,1533,1580,1627,1674,1721,1768,1815,1862,1956,2098,2239,2380,2568
1,3,1205,1215,1224,1234,1243,1252,1262,1271,1281,1290,1299,1309,1318,1337,1356,1375,1403,1431,1469,1506,1544,1591,1638,1685,1732,1779,1826,1874,1968,2109,2250,2391,2579
2,3,1186,1195,1205,1214,1223,1233,1242,1252,1261,1270,1280,1289,1298,1317,1336,1355,1383,1411,1448,1486,1523,1570,1617,1664,1711,1757,1804,1851,1945,2085,2226,2366,2554
3,3,1194,1203,1213,1222,1231,1241,1250,1260,1269,1278,1288,1297,1307,1326,1344,1363,1391,1420,1457,1495,1533,1580,1627,1674,1721,1768,1815,1862,1957,2098,2239,2380,2569
4,3,1224,1234,1243,1253,1262,1272,1281,1291,1300,1310,1319,1329,1338,1357,1376,1395,1423,1452,1490,1528,1565,1613,1660,1708,1755,1802,1850,1897,1992,2134,2276,2418,2608
5,3,1209,1218,1228,1237,1246,1256,1265,1275,1284,1293,1303,1312,1322,1340,1359,1378,1406,1435,1472,1510,1547,1594,1641,1689,1736,1783,1830,1877,1971,2112,2253,2394,2582
6,3,1195,1205,1214,1224,1233,1243,1252,1262,1271,1281,1290,1299,1309,1328,1347,1366,1394,1423,1460,1498,1536,1583,1631,1678,1725,1773,1820,1867,1962,2104,2246,2388,2577
7,3,1219,1228,1238,1247,1256,1266,1275,1285,1294,1303,1313,1322,1332,1351,1369,1388,1417,1445,1482,1520,1558,1605,1652,1699,1746,1793,1841,1888,1982,2123,2264,2406,2594
8,3,1218,1227,1237,1246,1256,1265,1275,1284,1294,1303,1313,1322,1332,1351,1369,1388,1417,1445,1483,1521,1559,1607,1654,1702,1749,1797,1844,1891,1986,2129,2271,2413,2603
9,3,1209,1218,1228,1237,1247,1257,1266,1276,1285,1295,1304,1314,1324,1343,1362,1381,1410,1438,1477,1515,1553,1601,1649,1696,1744,1792,1840,1888,1983,2127,2270,2414,2605
10,3,1166,1175,1184,1194,1203,1213,1222,1232,1241,1251,1260,1270,1279,1298,1317,1336,1364,1393,1430,1468,1506,1553,1601,1648,1695,1743,1790,1837,1932,2074,2216,2358,2547
11,3,1209,1218,1228,1237,1246,1256,1265,1275,1284,1294,1303,1312,1322,1341,1360,1378,1407,1435,1473,1510,1548,1595,1642,1690,1737,1784,1831,1878,1972,2114,2255,2397,2585
0,4,1171,1180,1190,1199,1209,1218,1227,1237,1246,1256,1265,1274,1284,1303,1321,1340,1368,1397,1434,1472,1509,1556,1603,1650,1697,1744,1791,1838,1932,2073,2214,2355,2543
1,4,1223,1232,1241,1251,1260,1270,1279,1288,1298,1307,1317,1326,1336,1354,1373,1392,1420,1449,1486,1524,1562,1609,1656,1703,1750,1797,1844,1891,1985,2127,2268,2409,2597
2,4,1237,1246,1255,1265,1274,1283,1293,1302,1312,1321,1330,1340,1349,1368,1387,1406,1434,1462,1500,1537,1575,1622,1669,1716,1763,1810,1857,1904,1998,2138,2279,2420,2608
3,4,1164,1173,1183,1192,1201,1211,1220,1229,1239,1248,1257,1267,1276,1295,1313,1332,1360,1388,1426,1463,1501,1547,1594,1641,1688,1734,1781,1828,1921,2062,2202,2342,2529
4,4,1197,1206,1215,1225,1234,1244,1253,1263,1272,1282,1291,1301,1310,1329,1348,1367,1395,1423,1461,1499,1537,1584,1631,1679,1726,1773,1821,1868,1962,2104,2246,2388,2577
5,4,1216,1226,1235,1244,1254,1263,1272,1282,1291,1300,1310,1319,1328,1347,1366,1384,1412,1441,1478,1515,1553,1599,1646,1693,1740,1786,1833,1880,1973,2114,2254,2394,2581
6,4,1146,1155,1165,1174,1184,1193,1202,1212,1221,1230,1240,1249,1259,1277,1296,1315,1343,1371,1409,1446,1484,1530,1577,1624,1671,1718,1765,1812,1906,2046,2187,2328,2515
7,4,1206,1215,1224,1234,1243,1252,1262,1271,1281,1290,1299,1309,1318,1337,1356,1374,1402,1431,1468,1506,1543,1590,1637,1684,1731,1777,1824,1871,1965,2106,2246,2387,2574
8,4,1239,1248,1258,1267,1277,1286,1296,1305,1315,1324,1334,1343,1353,1371,1390,1409,1438,1466,1504,1542,1580,1627,1674,1722,1769,1816,1864,1911,2006,2148,2290,2432,2621
9,4,1201,1211,1220,1230,1239,1249,1258,1268,1277,1287,1296,1306,1315,1334,1353,1373,1401,1430,1468,1506,1544,1592,1639,1687,1734,1782,1830,1877,1973,2115,2258,2401,2592
10,4,1227,1236,1246,1255,1265,1274,1284,1293,1302,1312,1321,1331,1340,1359,1378,1397,1425,1454,1491,1529,1567,1614,1661,1709,1756,1803,1850,1897,1992,2134,2275,2417,2606
11,4,1215,1224,1234,1243,1252,1262,1271,1280,1290,1299,1308,1318,1327,1346,1365,1383,1411,1439,1477,1514,1552,1599,1645,1692,1739,1786,1833,1879,1973,2113,2254,2394,2581
0,5,1270,1279,1288,1297,1307,1316,1325,1334,1344,1353,1362,1371,1381,1399,1418,1436,1464,1492,1529,1566,1603,1649,1696,1742,1788,1835,1881,1927,2020,2159,2298,2437,2622
1,5,1338,1347,1356,1365,1375,1384,1393,1402,1412,1421,1430,1439,1449,1467,1486,1504,1532,1560,1597,1634,1671,1718,1764,1810,1857,1903,1949,1996,2088,2227,2366,2505,2691
2,5,1277,1286,1295,1305,1314,1323,1332,1342,1351,1360,1369,1379,1388,1407,1425,1444,1472,1499,1537,1574,1611,1657,1704,1750,1796,1843,1889,1936,2028,2168,2307,2446,2632
3,5,1302,1312,1321,1330,1339,1348,1358,1367,1376,1385,1394,1404,1413,1431,1449,1468,1495,1523,1560,1596,1633,1679,1725,1771,1817,1863,1909,1955,2046,2184,2322,2460,2643
4,5,1324,1333,1342,1352,1361,1370,1379,1389,1398,1407,1416,1426,1435,1453,1472,1490,1518,1546,1583,1620,1657,1703,1749,1796,1842,1888,1934,1981,2073,2212,2350,2489,2674
5,5,1308,1317,1326,1335,1344,1354,1363,1372,1381,1390,1399,1409,1418,1436,1454,1473,1500,1528,1564,1601,1637,1683,1729,1775,1821,1866,1912,1958,2050,2187,2324,2462,2645
6,5,1304,1313,1322,1332,1341,1350,1360,1369,1378,1388,1397,1406,1416,1434,1453,1472,1500,1528,1565,1602,1640,1686,1733,1780,1826,1873,1920,1966,2060,2200,2340,2480,2666
7,5,1296,1305,1314,1324,1333,1342,1351,1360,1370,1379,1388,1397,1407,1425,1444,1462,1490,1518,1554,1591,1628,1675,1721,1767,1813,1859,1906,1952,2044,2183,2321,2460,2645
8,5,1321,1331,1340,1350,1359,1368,1378,1387,1397,1406,1415,1425,1434,1453,1472,1491,1519,1547,1585,1622,1660,1707,1754,1801,1848,1895,1942,1989,2083,2224,2365,2506,2694
9,5,1259,1268,1278,1287,1296,1305,1315,1324,1333,1343,1352,1361,1370,1389,1408,1426,1454,1482,1519,1556,1593,1640,1686,1733,1779,1826,1872,1918,2011,2151,2290,2429,2615
10,5,1270,1279,1288,1297,1307,1316,1325,1334,1344,1353,1362,1371,1381,1399,1418,1436,1464,1492,1529,1566,1603,1649,1696,1742,1788,1834,1881,1927,2020,2159,2297,2436,2622
11,5,1295,1304,1313,1323,1332,1341,1350,1360,1369,1378,1387,1397,1406,1424,1443,1461,1489,1517,1554,1591,1628,1675,1721,1767,1814,1860,1906,1953,2045,2184,2323,2462,2648
0,6,1191,1200,1209,1218,1228,1237,1246,1255,1264,1274,1283,1292,1301,1320,1338,1357,1385,1412,1449,1486,1523,1569,1615,1661,1708,1754,1800,1846,1938,2077,2215,2354,2539
1,6,1138,1147,1156,1166,1175,1184,1193,1203,1212,1221,1230,1240,1249,1267,1286,1304,1332,1360,1397,1434,1471,1517,1564,1610,1656,1702,1749,1795,1888,2026,2165,2304,2489
2,6,1177,1186,1195,1205,1214,1223,1232,1241,1251,1260,1269,1278,1287,1306,1324,1343,1370,1398,1435,1471,1508,1554,1600,1646,1692,1738,1784,1830,1922,2060,2198,2336,2520
3,6,1156,1165,1175,1184,1193,1203,1212,1221,1231,1240,1249,1259,1268,1286,1305,1324,1352,1380,1417,1454,1492,1538,1585,1631,1678,1725,1771,1818,1911,2051,2191,2330,2517
4,6,1149,1158,1167,1177,1186,1195,1205,1214,1223,1233,1242,1251,1261,1279,1298,1316,1344,1372,1410,1447,1484,1531,1577,1624,1670,1717,1764,1810,1903,2043,2183,2323,2509
5,6,1151,1160,1169,1179,1188,1197,1206,1216,1225,1234,1244,1253,1262,1281,1299,1318,1346,1374,1411,1448,1485,1532,1578,1624,1671,1717,1764,1810,1903,2042,2182,2321,2507
6,6,1158,1167,1176,1185,1195,1204,1213,1222,1231,1241,1250,1259,1268,1287,1305,1324,1351,1379,1416,1453,1489,1536,1582,1628,1674,1720,1766,1812,1904,2043,2181,2319,2503
7,6,1182,1191,1201,1210,1219,1228,1238,1247,1256,1266,1275,1284,1293,1312,1331,1349,1377,1405,1442,1479,1516,1563,1609,1656,1702,1749,1795,1842,1935,2074,2213,2353,2539
8,6,1158,1167,1176,1186,1195,1204,1214,1223,1232,1241,1251,1260,1269,1288,1306,1325,1353,1381,1418,1455,1492,1538,1585,1631,1678,1724,1771,1817,1910,2049,2188,2328,2513
9,6,1173,1182,1192,1201,1210,1220,1229,1238,1248,1257,1266,1275,1285,1303,1322,1341,1369,1397,1434,1471,1508,1555,1602,1648,1695,1741,1788,1834,1928,2067,2207,2347,2533
10,6,1172,1181,1190,1199,1209,1218,1227,1237,1246,1255,1264,1274,1283,1302,1320,1339,1367,1394,1432,1469,1506,1552,1599,1645,1692,1738,1785,1831,1924,2063,2202,2342,2528
11,6,1180,1189,1198,1208,1217,1226,1235,1245,1254,1263,1273,1282,1291,1310,1328,1347,1375,1403,1440,1477,1514,1561,1607,1654,1700,1746,1793,1839,1932,2072,2211,2350,2536
0,7,1234,1244,1253,1263,1272,1281,1291,1300,1309,1319,1328,1338,1347,1366,1385,1403,1431,1460,1497,1535,1572,1619,1666,1713,1760,1807,1854,1901,1995,2135,2276,2417,2604
1,7,1234,1244,1253,1263,1272,1281,1291,1300,1309,1319,1328,1338,1347,1366,1384,1403,1431,1459,1497,1534,1572,1619,1666,1713,1759,1806,1853,1900,1994,2134,2275,2416,2603
2,7,1268,1278,1287,1296,1306,1315,1324,1334,1343,1352,1362,1371,1380,1399,1418,1436,1465,1493,1530,1567,1605,1651,1698,1745,1792,1838,1885,1932,2025,2165,2306,2446,2633
3,7,1215,1224,1234,1243,1252,1262,1271,1281,1290,1299,1309,1318,1327,1346,1365,1383,1412,1440,1477,1515,1552,1599,1646,1692,1739,1786,1833,1880,1973,2114,2254,2394,2582
4,7,1262,1272,1281,1290,1300,1309,1319,1328,1338,1347,1356,1366,1375,1394,1413,1432,1460,1488,1526,1564,1602,1649,1696,1743,1790,1837,1885,1932,2026,2167,2309,2450,2639
5,7,1221,1230,1240,1249,1259,1268,1277,1287,1296,1305,1315,1324,1333,1352,1371,1389,1417,1445,1483,1520,1558,1604,1651,1698,1745,1791,1838,1885,1978,2119,2259,2399,2586
6,7,1226,1235,1244,1254,1263,1272,1282,1291,1300,1310,1319,1328,1338,1356,1375,1393,1421,1449,1486,1524,1561,1607,1654,1701,1747,1794,1840,1887,1980,2119,2259,2399,2585
7,7,1255,1265,1274,1283,1293,1302,1312,1321,1331,1340,1350,1359,1368,1387,1406,1425,1453,1482,1520,1557,1595,1642,1690,1737,1784,1831,1879,1926,2020,2162,2304,2445,2634
8,7,1264,1274,1283,1293,1302,1311,1321,1330,1340,1349,1358,1368,1377,1396,1415,1434,1462,1490,1528,1565,1603,1650,1697,1744,1791,1838,1885,1932,2026,2167,2308,2449,2638
9,7,1245,1254,1264,1273,1282,1292,1301,1310,1320,1329,1339,1348,1357,1376,1395,1413,1441,1469,1507,1544,1581,1628,1675,1721,1768,1815,1861,1908,2001,2141,2281,2421,2608
10,7,1178,1187,1197,1206,1215,1225,1234,1244,1253,1262,1272,1281,1291,1309,1328,1347,1375,1403,1441,1478,1516,1563,1610,1657,1704,1751,1798,1845,1939,2080,2221,2362,2550
11,7,1231,1241,1250,1260,1269,1279,1288,1298,1307,1317,1326,1336,1345,1364,1383,1402,1431,1460,1498,1536,1574,1622,1669,1717,1764,1812,1860,1907,2003,2145,2288,2431,2622
0,8,1221,1231,1240,1249,1259,1268,1277,1287,1296,1305,1315,1324,1334,1352,1371,1390,1418,1446,1483,1521,1558,1605,1651,1698,1745,1792,1838,1885,1979,2119,2259,2399,2586
1,8,1163,1172,1182,1191,1201,1210,1219,1229,1238,1247,1257,1266,1276,1294,1313,1332,1360,1388,1426,1463,1501,1548,1595,1642,1689,1736,1783,1830,1924,2064,2205,2346,2534
2,8,1165,1175,1184,1194,1203,1212,1222,1231,1241,1250,1259,1269,1278,1297,1316,1334,1363,1391,1428,1466,1503,1550,1597,1644,1691,1738,1785,1832,1926,2067,2207,2348,2536
3,8,1155,1165,1174,1184,1193,1202,1212,1221,1231,1240,1249,1259,1268,1287,1306,1325,1353,1381,1419,1457,1494,1541,1588,1635,1682,1729,1777,1824,1918,2059,2200,2341,2529
4,8,1146,1155,1165,1174,1184,1193,1203,1212,1222,1231,1241,1250,1260,1279,1298,1317,1345,1374,1412,1450,1488,1536,1583,1631,1678,1726,1774,1821,1916,2059,2202,2344,2535
5,8,1152,1162,1171,1181,1190,1200,1209,1219,1228,1238,1247,1257,1266,1285,1304,1323,1351,1380,1418,1456,1494,1541,1589,1636,1684,1731,1779,1826,1921,2064,2206,2348,2538
6,8,1173,1183,1192,1202,1211,1221,1230,1239,1249,1258,1268,1277,1287,1305,1324,1343,1371,1400,1437,1475,1513,1560,1607,1654,1701,1749,1796,1843,1937,2078,2220,2361,2550
7,8,1171,1180,1190,1199,1209,1218,1227,1237,1246,1256,1265,1275,1284,1303,1322,1341,1369,1398,1436,1474,1511,1559,1606,1653,1701,1748,1795,1843,1937,2079,2221,2363,2553
8,8,1178,1187,1197,1206,1215,1225,1234,1244,1253,1263,1272,1282,1291,1310,1329,1348,1376,1405,1442,1480,1518,1565,1613,1660,1707,1754,1802,1849,1943,2085,2227,2369,2558
9,8,1110,1119,1129,1138,1148,1157,1167,1176,1186,1195,1205,1214,1223,1242,1261,1280,1309,1337,1375,1413,1450,1498,1545,1592,1640,1687,1734,1781,1876,2018,2160,2301,2491
10,8,1185,1194,1204,1213,1223,1232,1242,1251,1260,1270,1279,1289,1298,1317,1336,1355,1383,1411,1449,1487,1524,1571,1618,1665,1713,1760,1807,1854,1948,2089,2231,2372,2560
11,8,1156,1166,1175,1184,1194,1203,1213,1222,1231,1241,1250,1260,1269,1288,1307,1325,1354,1382,1419,1457,1495,1542,1589,1635,1682,1729,1776,1823,1917,2058,2199,2340,2528
0,9,1151,1161,1170,1180,1189,1199,1208,1217,1227,1236,1246,1255,1265,1283,1302,1321,1349,1378,1415,1453,1491,1538,1585,1632,1679,1727,1774,1821,1915,2057,2198,2340,2528
1,9,1106,1115,1124,1134,1143,1153,1162,1172,1181,1191,1200,1209,1219,1238,1257,1275,1304,1332,1370,1408,1445,1492,1540,1587,1634,1681,1728,1775,1870,2011,2153,2294,2483
2,9,1132,1141,1151,1160,1169,1179,1188,1198,1207,1217,1226,1235,1245,1264,1282,1301,1330,1358,1396,1433,1471,1518,1565,1612,1659,1706,1754,1801,1895,2036,2177,2319,2507
3,9,1175,1184,1194,1203,1213,1222,1231,1241,1250,1260,1269,1278,1288,1307,1325,1344,1373,1401,1438,1476,1514,1561,1608,1655,1702,1749,1796,1843,1937,2079,2220,2361,2549
4,9,1136,1145,1155,1164,1174,1183,1193,1202,1212,1221,1231,1240,1250,1269,1288,1307,1335,1364,1402,1440,1478,1526,1573,1621,1668,1716,1763,1811,1906,2049,2191,2334,2524
5,9,1132,1141,1151,1160,1170,1179,1188,1198,1207,1217,1226,1235,1245,1264,1282,1301,1329,1358,1395,1433,1470,1517,1564,1611,1658,1705,1752,1799,1893,2034,2175,2316,2504
6,9,1131,1140,1149,1159,1168,1178,1187,1197,1206,1216,1225,1235,1244,1263,1282,1301,1329,1358,1396,1434,1472,1519,1566,1614,1661,1708,1756,1803,1898,2040,2182,2324,2514
7,9,1125,1135,1144,1154,1163,1173,1182,1192,1201,1211,1220,1230,1239,1258,1277,1296,1325,1353,1391,1429,1467,1515,1562,1610,1657,1704,1752,1799,1894,2037,2179,2322,2511
8,9,1173,1182,1192,1201,1210,1220,1229,1239,1248,1258,1267,1277,1286,1305,1324,1343,1371,1400,1437,1475,1513,1560,1608,1655,1702,1749,1797,1844,1939,2080,2222,2364,2553
9,9,1114,1123,1133,1142,1151,1161,1170,1180,1189,1198,1208,1217,1226,1245,1264,1283,1311,1339,1377,1414,1452,1499,1546,1593,1640,1687,1733,1780,1874,2015,2156,2297,2485
10,9,1138,1148,1157,1166,1176,1185,1195,1204,1213,1223,1232,1242,1251,1270,1289,1307,1336,1364,1401,1439,1477,1524,1571,1618,1665,1712,1759,1806,1899,2040,2181,2322,2510
11,9,1151,1161,1170,1180,1189,1199,1208,1218,1227,1237,1246,1256,1265,1284,1303,1322,1351,1379,1417,1455,1493,1541,1588,1635,1683,1730,1778,1825,1920,2063,2205,2347,2537
0,10,1204,1214,1223,1233,1242,1252,1262,1271,1281,1290,1300,1310,1319,1338,1358,1377,1405,1434,1473,1511,1549,1597,1645,1693,1741,1789,1837,1885,1981,2125,2269,2413,2605
1,10,1198,1208,1217,1227,1237,1246,1256,1265,1275,1285,1294,1304,1313,1332,1352,1371,1400,1428,1467,1505,1543,1591,1639,1687,1735,1783,1831,1879,1975,2119,2263,2407,2598
2,10,1188,1198,1207,1217,1226,1236,1246,1255,1265,1274,1284,1294,1303,1322,1342,1361,1390,1418,1457,1495,1533,1581,1629,1677,1725,1773,1821,1869,1965,2109,2253,2397,2589
3,10,1233,1243,1253,1262,1272,1281,1291,1301,1310,1320,1330,1339,1349,1368,1387,1406,1435,1464,1503,1541,1579,1628,1676,1724,1772,1820,1868,1916,2012,2156,2301,2445,2637
4,10,1221,1231,1240,1250,1260,1269,1279,1288,1298,1308,1317,1327,1336,1355,1375,1394,1423,1451,1490,1528,1566,1614,1662,1710,1758,1806,1854,1902,1998,2142,2286,2429,2621
5,10,1196,1205,1215,1224,1234,1243,1253,1262,1272,1281,1291,1301,1310,1329,1348,1367,1396,1424,1462,1500,1539,1586,1634,1681,1729,1777,1824,1872,1967,2110,2253,2395,2586
6,10,1227,1236,1245,1255,1264,1274,1283,1293,1302,1311,1321,1330,1340,1358,1377,1396,1424,1453,1490,1528,1566,1613,1660,1707,1754,1801,1848,1895,1989,2131,2272,2413,2602
7,10,1202,1212,1221,1231,1241,1250,1260,1269,1279,1289,1298,1308,1318,1337,1356,1375,1404,1433,1472,1510,1549,1597,1645,1693,1741,1789,1838,1886,1982,2126,2271,2415,2608
8,10,1210,1220,1229,1239,1249,1258,1268,1278,1287,1297,1307,1316,1326,1345,1365,1384,1413,1442,1480,1519,1558,1606,1654,1703,1751,1799,1848,1896,1992,2137,2282,2427,2620
9,10,1199,1209,1219,1228,1238,1248,1257,1267,1277,1286,1296,1306,1315,1335,1354,1373,1402,1431,1470,1509,1547,1596,1644,1692,1740,1789,1837,1885,1982,2127,2272,2417,2610
10,10,1226,1236,1245,1255,1265,1274,1284,1294,1303,1313,1322,1332,1342,1361,1380,1399,1428,1457,1496,1534,1573,1621,1669,1717,1765,1813,1861,1909,2006,2150,2294,2439,2631
11,10,1214,1223,1233,1243,1252,1262,1271,1281,1291,1300,1310,1319,1329,1348,1367,1386,1415,1444,1482,1520,1559,1607,1654,1702,1750,1798,1846,1894,1990,2133,2277,2421,2612
0,11,1167,1177,1186,1195,1205,1214,1224,1233,1242,1252,1261,1270,1280,1299,1317,1336,1364,1392,1430,1467,1505,1552,1599,1645,1692,1739,1786,1833,1927,2067,2208,2349,2536
1,11,1198,1208,1217,1226,1235,1245,1254,1263,1272,1282,1291,1300,1310,1328,1347,1365,1393,1421,1458,1495,1532,1578,1625,1671,1717,1764,1810,1857,1949,2088,2227,2366,2552
2,11,1171,1180,1189,1199,1208,1217,1226,1236,1245,1254,1264,1273,1282,1301,1319,1338,1366,1394,1431,1468,1505,1551,1598,1644,1691,1737,1784,1830,1923,2062,2202,2341,2527
3,11,1162,1172,1181,1190,1200,1209,1219,1228,1237,1247,1256,1265,1275,1294,1312,1331,1359,1387,1425,1462,1500,1547,1594,1640,1687,1734,1781,1828,1922,2062,2203,2344,2531
4,11,1193,1203,1212,1221,1231,1240,1249,1259,1268,1277,1287,1296,1306,1324,1343,1362,1390,1418,1455,1493,1530,1577,1624,1671,1718,1765,1811,1858,1952,2092,2233,2373,2561
5,11,1156,1165,1174,1184,1193,1203,1212,1221,1231,1240,1249,1259,1268,1287,1305,1324,1352,1380,1418,1455,1493,1539,1586,1633,1680,1727,1773,1820,1914,2054,2195,2335,2522
6,11,1212,1221,1231,1240,1249,1258,1268,1277,1286,1296,1305,1314,1323,1342,1360,1379,1407,1435,1472,1509,1546,1592,1639,1685,1731,1778,1824,1870,1963,2102,2241,2380,2566
7,11,1149,1158,1167,1177,1186,1195,1205,1214,1224,1233,1242,1252,1261,1280,1298,1317,1345,1373,1411,1448,1486,1532,1579,1626,1673,1719,1766,1813,1907,2047,2187,2328,2515
8,11,1150,1160,1169,1179,1188,1197,1207,1216,1226,1235,1245,1254,1264,1282,1301,1320,1349,1377,1415,1453,1490,1538,1585,1632,1679,1727,1774,1821,1915,2057,2199,2341,2530
9,11,1179,1188,1198,1207,1216,1225,1235,1244,1253,1263,1272,1281,1290,1309,1328,1346,1374,1402,1439,1476,1513,1560,1606,1653,1699,1746,1792,1839,1932,2071,2210,2350,2535
10,11,1164,1173,1182,1192,1201,1210,1220,1229,1239,1248,1257,1267,1276,1295,1313,1332,1360,1388,1426,1463,1501,1547,1594,1641,1688,1735,1782,1828,1922,2062,2203,2343,2530
11,11,1150,1159,1169,1178,1187,1197,1206,1215,1224,1234,1243,1252,1262,1280,1299,1317,1345,1373,1410,1447,1485,1531,1578,1624,1670,1717,1763,1810,1903,2042,2181,2321,2507
0,12,1229,1239,1248,1257,1267,1276,1285,1295,1304,1313,1323,1332,1341,1360,1378,1397,1425,1453,1490,1528,1565,1611,1658,1705,1751,1798,1844,1891,1984,2124,2263,2403,2590
1,12,1254,1263,1272,1282,1291,1300,1309,1319,1328,1337,1346,1356,1365,1384,1402,1421,1448,1476,1513,1550,1588,1634,1680,1727,1773,1819,1866,1912,2005,2144,2283,2422,2608
2,12,1245,1254,1264,1273,1282,1291,1301,1310,1319,1328,1338,1347,1356,1375,1393,1412,1439,1467,1504,1541,1578,1625,1671,1717,1763,1810,1856,1902,1995,2134,2272,2411,2596
3,12,1240,1250,1259,1268,1277,1287,1296,1305,1315,1324,1333,1342,1352,1370,1389,1407,1435,1463,1500,1537,1574,1621,1667,1714,1760,1806,1853,1899,1992,2131,2270,2410,2595
4,12,1245,1254,1264,1273,1282,1292,1301,1310,1320,1329,1338,1348,1357,1376,1394,1413,1441,1469,1506,1544,1581,1628,1674,1721,1768,1814,1861,1908,2001,2141,2281,2421,2608
5,12,1220,1229,1239,1248,1257,1267,1276,1285,1295,1304,1313,1323,1332,1351,1369,1388,1416,1444,1481,1519,1556,1603,1649,1696,1743,1790,1836,1883,1976,2116,2256,2396,2583
6,12,1229,1238,1247,1257,1266,1275,1284,1294,1303,1312,1321,1331,1340,1358,1377,1395,1423,1451,1488,1525,1562,1608,1654,1700,1746,1793,1839,1885,1977,2116,2255,2393,2578
7,12,1179,1189,1198,1207,1217,1226,1235,1244,1254,1263,1272,1282,1291,1309,1328,1347,1375,1402,1440,1477,1514,1561,1607,1654,1700,1747,1793,1840,1933,2072,2212,2351,2537
8,12,1207,1216,1225,1234,1244,1253,1262,1271,1281,1290,1299,1308,1318,1336,1355,1373,1401,1429,1466,1503,1540,1586,1632,1678,1725,1771,1817,1864,1956,2095,2234,2372,2558
9,12,1235,1244,1254,1263,1272,1282,1291,1300,1310,1319,1328,1338,1347,1366,1384,1403,1431,1459,1496,1534,1571,1618,1665,1711,1758,1805,1851,1898,1991,2132,2272,2412,2599
10,12,1215,1224,1233,1243,1252,1261,1270,1280,1289,1298,1307,1317,1326,1344,1363,1381,1409,1437,1474,1511,1548,1594,1640,1687,1733,1779,1825,1872,1964,2103,2241,2380,2565
11,12,1192,1201,1210,1219,1229,1238,1247,1257,1266,1275,1284,1294,1303,1322,1340,1359,1387,1414,1452,1489,1526,1572,1619,1665,1712,1758,1804,1851,1944,2083,2222,2362,2547
0,13,1178,1187,1197,1206,1215,1225,1234,1243,1253,1262,1271,1281,1290,1309,1327,1346,1374,1402,1439,1477,1514,1561,1607,1654,1700,1747,1794,1840,1934,2074,2214,2353,2540
1,13,1225,1235,1244,1253,1263,1272,1281,1291,1300,1309,1319,1328,1337,1356,1375,1393,1421,1449,1487,1524,1561,1608,1655,1701,1748,1795,1841,1888,1981,2121,2261,2401,2588
2,13,1215,1224,1233,1243,1252,1261,1271,1280,1289,1299,1308,1317,1327,1345,1364,1383,1411,1439,1476,1513,1551,1597,1644,1691,1737,1784,1831,1877,1971,2111,2251,2391,2577
3,13,1203,1212,1221,1231,1240,1249,1259,1268,1277,1287,1296,1305,1315,1333,1352,1371,1399,1427,1464,1501,1539,1586,1632,1679,1726,1772,1819,1866,1959,2099,2239,2379,2566
4,13,1235,1244,1253,1263,1272,1282,1291,1300,1310,1319,1329,1338,1347,1366,1385,1404,1432,1460,1498,1535,1573,1620,1667,1714,1761,1808,1855,1902,1995,2136,2277,2418,2606
5,13,1154,1163,1173,1182,1191,1200,1210,1219,1228,1238,1247,1256,1265,1284,1302,1321,1349,1376,1413,1450,1487,1534,1580,1626,1673,1719,1765,1811,1904,2043,2182,2321,2506
6,13,1215,1224,1234,1243,1252,1262,1271,1280,1290,1299,1308,1318,1327,1346,1364,1383,1411,1439,1476,1514,1551,1598,1644,1691,1738,1784,1831,1877,1971,2111,2251,2391,2577
7,13,1211,1221,1230,1240,1249,1258,1268,1277,1286,1296,1305,1315,1324,1343,1362,1380,1409,1437,1474,1512,1549,1596,1643,1690,1737,1784,1831,1878,1972,2113,2254,2395,2583
8,13,1179,1189,1198,1207,1217,1226,1236,1245,1255,1264,1274,1283,1292,1311,1330,1349,1377,1406,1443,1481,1519,1566,1613,1660,1708,1755,1802,1849,1944,2085,2227,2368,2557
9,13,1164,1174,1183,1193,1202,1212,1221,1230,1240,1249,1259,1268,1278,1297,1316,1335,1363,1391,1429,1467,1505,1552,1600,1647,1694,1742,1789,1836,1931,2073,2215,2357,2546
10,13,1226,1235,1244,1254,1263,1273,1282,1291,1301,1310,1320,1329,1338,1357,1376,1395,1423,1451,1489,1526,1564,1611,1658,1705,1752,1798,1845,1892,1986,2127,2268,2409,2597
11,13,1212,1222,1231,1240,1250,1259,1268,1278,1287,1297,1306,1315,1325,1343,1362,1381,1409,1437,1475,1512,1550,1597,1644,1690,1737,1784,1831,1878,1972,2112,2253,2394,2581
0,14,1188,1197,1207,1216,1225,1235,1244,1253,1263,1272,1282,1291,1300,1319,1338,1357,1385,1413,1450,1488,1525,1572,1619,1666,1713,1759,1806,1853,1947,2087,2228,2368,2556
1,14,1148,1157,1167,1176,1186,1195,1205,1214,1224,1233,1242,1252,1261,1280,1299,1318,1346,1375,1412,1450,1488,1535,1583,1630,1677,1724,1771,1819,1913,2055,2196,2338,2527
2,14,1173,1183,1192,1202,1211,1220,1230,1239,1249,1258,1268,1277,1286,1305,1324,1343,1371,1399,1437,1475,1512,1559,1606,1654,1701,1748,1795,1842,1936,2077,2218,2360,2548
3,14,1190,1199,1208,1218,1227,1236,1246,1255,1264,1274,1283,1292,1302,1320,1339,1358,1386,1414,1451,1488,1525,1572,1619,1665,1712,1758,1805,1852,1945,2085,2224,2364,2551
4,14,1159,1169,1178,1187,1197,1206,1216,1225,1234,1244,1253,1262,1272,1290,1309,1328,1356,1384,1421,1459,1496,1543,1590,1637,1683,1730,1777,1824,1917,2058,2198,2338,2525
5,14,1168,1177,1187,1196,1205,1215,1224,1234,1243,1252,1262,1271,1280,1299,1318,1337,1365,1393,1431,1468,1506,1553,1600,1646,1693,1740,1787,1834,1928,2069,2210,2350,2538
6,14,1203,1212,1221,1231,1240,1250,1259,1268,1278,1287,1297,1306,1315,1334,1353,1372,1400,1428,1466,1504,1541,1588,1635,1683,1730,1777,1824,1871,1965,2106,2247,2388,2577
7,14,1196,1205,1214,1224,1233,1243,1252,1261,1271,1280,1289,1299,1308,1327,1346,1364,1393,1421,1458,1496,1533,1580,1627,1674,1721,1768,1815,1862,1955,2096,2237,2377,2565
8,14,1124,1134,1143,1152,1162,1171,1181,1190,1199,1209,1218,1227,1237,1256,1274,1293,1321,1349,1387,1424,1462,1509,1556,1602,1649,1696,1743,1790,1884,2024,2165,2306,2493
9,14,1168,1177,1186,1196,1205,1215,1224,1233,1243,1252,1262,1271,1280,1299,1318,1337,1365,1393,1431,1469,1506,1553,1600,1647,1694,1742,1789,1836,1930,2071,2212,2353,2541
10,14,1178,1187,1196,1206,1215,1225,1234,1243,1253,1262,1271,1281,1290,1309,1328,1346,1374,1402,1440,1477,1515,1562,1609,1655,1702,1749,1796,1843,1936,2077,2217,2358,2545
11,14,1193,1203,1212,1221,1231,1240,1250,1259,1268,1278,1287,1297,1306,1325,1344,1363,1391,1419,1457,1494,1532,1579,1626,1673,1720,1767,1814,1861,1955,2096,2238,2379,2567
0,15,1178,1187,1197,1206,1215,1225,1234,1243,1253,1262,1271,1281,1290,1309,1327,1346,1374,1402,1439,1476,1514,1560,1607,1654,1700,1747,1794,1840,1934,2074,2214,2354,2540
1,15,1197,1206,1216,1225,1234,1243,1253,1262,1271,1280,1290,1299,1308,1327,1345,1364,1392,1419,1456,1493,1530,1577,1623,1669,1716,1762,1808,1854,1947,2086,2225,2364,2549
2,15,1129,1138,1147,1157,1166,1175,1184,1194,1203,1212,1221,1231,1240,1258,1277,1295,1323,1351,1388,1425,1462,1508,1554,1600,1646,1693,1739,1785,1878,2016,2155,2293,2478
3,15,1191,1200,1210,1219,1228,1237,1247,1256,1265,1274,1284,1293,1302,1321,1339,1358,1386,1413,1451,1488,1525,1571,1617,1664,1710,1756,1803,1849,1942,2081,2220,2359,2544
4,15,1191,1200,1210,1219,1228,1237,1247,1256,1265,1275,1284,1293,1302,1321,1339,1358,1386,1414,1451,1488,1525,1571,1617,1664,1710,1756,1803,1849,1942,2081,2220,2359,2544
5,15,1183,1192,1201,1210,1220,1229,1238,1248,1257,1266,1275,1285,1294,1313,1331,1350,1378,1405,1442,1480,1517,1563,1610,1656,1702,1749,1795,1842,1934,2074,2213,2352,2538
6,15,1165,1174,1184,1193,1202,1211,1221,1230,1239,1249,1258,1267,1276,1295,1313,1332,1360,1387,1424,1461,1498,1545,1591,1637,1684,1730,1776,1823,1915,2054,2193,2332,2517
7,15,1193,1203,1212,1221,1231,1240,1249,1258,1268,1277,1286,1296,1305,1323,1342,1361,1388,1416,1453,1491,1528,1574,1621,1667,1714,1760,1806,1853,1946,2085,2224,2364,2549
8,15,1172,1181,1190,1199,1209,1218,1227,1236,1246,1255,1264,1273,1283,1301,1320,1338,1366,1394,1431,1468,1505,1551,1597,1644,1690,1736,1782,1829,1921,2060,2199,2338,2523
9,15,1202,1211,1220,1229,1239,1248,1257,1267,1276,1285,1294,1304,1313,1332,1350,1369,1396,1424,1461,1499,1536,1582,1629,1675,1721,1768,1814,1861,1953,2093,2232,2371,2557
10,15,1226,1235,1245,1254,1263,1273,1282,1291,1301,1310,1319,1329,1338,1357,1376,1394,1422,1450,1488,1525,1562,1609,1656,1702,1749,1796,1842,1889,1983,2123,2263,2403,2590
11,15,1124,1133,1142,1152,1161,1170,1180,1189,1198,1208,1217,1226,1236,1254,1273,1292,1320,1348,1385,1422,1460,1506,1553,1599,1646,1693,1739,1786,1879,2019,2159,2299,2486
0,16,1195,1205,1214,1224,1233,1243,1252,1262,1271,1281,1290,1300,1309,1328,1347,1366,1395,1423,1461,1499,1537,1585,1632,1680,1727,1775,1822,1870,1965,2107,2250,2392,2582
1,16,1190,1199,1209,1218,1227,1237,1246,1256,1265,1275,1284,1294,1303,1322,1341,1360,1389,1417,1455,1493,1531,1578,1626,1673,1720,1768,1815,1863,1957,2100,2242,2384,2573
2,16,1170,1179,1189,1198,1208,1217,1227,1236,1245,1255,1264,1274,1283,1302,1321,1340,1368,1397,1435,1473,1510,1558,1605,1652,1700,1747,1794,1841,1936,2078,2220,2362,2551
3,16,1210,1219,1229,1239,1248,1258,1267,1277,1286,1296,1305,1315,1324,1343,1362,1381,1410,1438,1476,1514,1553,1600,1648,1695,1743,1790,1838,1886,1981,2123,2266,2409,2599
4,16,1160,1170,1179,1189,1198,1208,1217,1227,1237,1246,1256,1265,1275,1294,1313,1332,1361,1390,1428,1466,1504,1552,1600,1648,1696,1743,1791,1839,1935,2078,2222,2365,2556
5,16,1193,1203,1212,1222,1231,1241,1250,1260,1270,1279,1289,1298,1308,1327,1346,1365,1393,1422,1460,1498,1536,1584,1632,1679,1727,1775,1822,1870,1965,2108,2251,2394,2585
6,16,1179,1188,1198,1208,1217,1227,1236,1246,1256,1265,1275,1284,1294,1313,1332,1351,1380,1409,1447,1485,1524,1572,1620,1667,1715,1763,1811,1859,1955,2098,2242,2386,2577
7,16,1197,1206,1216,1226,1235,1245,1254,1264,1273,1283,1293,1302,1312,1331,1350,1369,1398,1426,1465,1503,1541,1589,1637,1685,1732,1780,1828,1876,1971,2115,2258,2402,2593
8,16,1176,1186,1195,1205,1215,1224,1234,1243,1253,1263,1272,1282,1291,1310,1330,1349,1378,1406,1445,1483,1521,1569,1617,1665,1713,1761,1809,1857,1953,2097,2241,2384,2576
9,16,1178,1188,1197,1207,1216,1225,1235,1244,1254,1263,1272,1282,1291,1310,1329,1348,1376,1404,1442,1479,1517,1564,1611,1658,1705,1752,1799,1846,1940,2081,2222,2363,2551
10,16,1237,1247,1256,1266,1276,1285,1295,1304,1314,1324,1333,1343,1352,1372,1391,1410,1439,1468,1506,1544,1583,1631,1679,1727,1775,1823,1871,1919,2015,2159,2303,2447,2639
11,16,1229,1239,1248,1258,1267,1277,1286,1296,1306,1315,1325,1334,1344,1363,1382,1401,1430,1459,1497,1535,1573,1621,1669,1717,1765,1812,1860,1908,2004,2147,2291,2434,2625
0,17,1258,1267,1277,1286,1295,1304,1314,1323,1332,1341,1351,1360,1369,1388,1406,1425,1453,1480,1517,1555,1592,1638,1684,1731,1777,1823,1870,1916,2009,2148,2287,2426,2611
1,17,1251,1261,1270,1279,1288,1297,1307,1316,1325,1334,1343,1353,1362,1380,1398,1417,1444,1472,1509,1545,1582,1628,1674,1720,1766,1812,1858,1904,1996,2134,2271,2409,2593
2,17,1247,1256,1265,1274,1284,1293,1302,1311,1321,1330,1339,1348,1358,1376,1395,1413,1441,1469,1506,1543,1580,1627,1673,1719,1766,1812,1858,1905,1997,2136,2275,2414,2600
3,17,1264,1273,1282,1291,1301,1310,1319,1329,1338,1347,1356,1366,1375,1394,1412,1431,1458,1486,1523,1561,1598,1644,1690,1737,1783,1830,1876,1922,2015,2154,2294,2433,2618
4,17,1234,1243,1252,1262,1271,1280,1289,1299,1308,1317,1327,1336,1345,1364,1383,1401,1429,1457,1494,1532,1569,1616,1662,1709,1755,1802,1848,1895,1988,2128,2268,2407,2594
5,17,1232,1241,1250,1259,1269,1278,1287,1296,1305,1315,1324,1333,1342,1360,1379,1397,1425,1452,1489,1526,1563,1609,1655,1701,1747,1792,1838,1884,1976,2114,2252,2390,2574
6,17,1262,1271,1280,1289,1299,1308,1317,1326,1336,1345,1354,1363,1373,1391,1410,1428,1456,1484,1521,1558,1595,1641,1688,1734,1780,1827,1873,1919,2012,2151,2290,2429,2614
7,17,1245,1254,1264,1273,1282,1291,1301,1310,1319,1328,1338,1347,1356,1375,1393,1412,1440,1468,1505,1542,1579,1625,1672,1718,1764,1811,1857,1903,1996,2135,2274,2413,2599
8,17,1273,1283,1292,1301,1310,1320,1329,1338,1347,1357,1366,1375,1385,1403,1422,1440,1468,1496,1533,1570,1607,1653,1700,1746,1792,1839,1885,1931,2024,2163,2302,2441,2626
9,17,1254,1263,1272,1281,1291,1300,1309,1318,1328,1337,1346,1355,1365,1383,1402,1420,1448,1476,1512,1549,1586,1633,1679,1725,1771,1817,1864,1910,2002,2141,2279,2418,2603
10,17,1236,1246,1255,1264,1273,1283,1292,1301,1310,1320,1329,1338,1347,1366,1384,1403,1431,1459,1496,1533,1570,1616,1662,1708,1755,1801,1847,1894,1986,2125,2264,2403,2588
11,17,1252,1261,1270,1279,1288,1298,1307,1316,1325,1335,1344,1353,1362,1381,1399,1418,1446,1473,1510,1547,1584,1630,1676,1723,1769,1815,1861,1907,2000,2138,2277,2415,2600
0,18,1217,1226,1235,1244,1254,1263,1272,1281,1290,1300,1309,1318,1327,1346,1364,1382,1410,1438,1474,1511,1548,1594,1640,1686,1732,1778,1824,1870,1961,2099,2237,2375,2559
1,18,1198,1208,1217,1226,1235,1245,1254,1263,1272,1281,1291,1300,1309,1328,1346,1365,1392,1420,1457,1494,1531,1577,1623,1669,1715,1761,1807,1854,1946,2084,2223,2361,2546
2,18,1208,1217,1227,1236,1245,1254,1263,1272,1281,1291,1300,1309,1318,1336,1355,1373,1400,1428,1465,1501,1538,1584,1629,1675,1721,1767,1812,1858,1950,2087,2224,2362,2545
3,18,1221,1230,1239,1249,1258,1267,1276,1286,1295,1304,1313,1323,1332,1350,1369,1387,1415,1443,1480,1517,1554,1600,1646,1692,1738,1785,1831,1877,1969,2108,2247,2385,2570
4,18,1271,1280,1290,1299,1308,1317,1327,1336,1345,1354,1364,1373,1382,1401,1419,1438,1466,1493,1530,1567,1604,1651,1697,1743,1790,1836,1882,1928,2021,2160,2299,2438,2623
5,18,1168,1177,1186,1196,1205,1214,1223,1232,1241,1251,1260,1269,1278,1296,1315,1333,1360,1388,1425,1461,1498,1544,1589,1635,1681,1727,1773,1818,1910,2047,2185,2322,2505
6,18,1220,1229,1238,1248,1257,1266,1275,1284,1293,1303,1312,1321,1330,1348,1367,1385,1413,1440,1477,1513,1550,1596,1642,1687,1733,1779,1825,1871,1962,2100,2237,2374,2558
7,18,1227,1236,1245,1254,1264,1273,1282,1291,1301,1310,1319,1328,1338,1356,1375,1393,1421,1449,1486,1523,1560,1606,1652,1699,1745,1791,1837,1884,1976,2115,2254,2392,2577
8,18,1203,1213,1222,1231,1240,1250,1259,1268,1277,1287,1296,1305,1314,1333,1351,1370,1398,1425,1462,1499,1536,1583,1629,1675,1721,1768,1814,1860,1953,2091,2230,2369,2554
9,18,1231,1240,1249,1258,1267,1276,1286,1295,1304,1313,1322,1332,1341,1359,1378,1396,1424,1451,1488,1525,1562,1608,1654,1700,1746,1791,1837,1883,1975,2113,2251,2389,2573
10,18,1189,1198,1207,1217,1226,1235,1244,1253,1263,1272,1281,1290,1300,1318,1337,1355,1383,1411,1448,1484,1521,1568,1614,1660,1706,1752,1799,1845,1937,2076,2214,2353,2538
11,18,1252,1261,1270,1279,1288,1297,1307,1316,1325,1334,1343,1352,1361,1380,1398,1416,1444,1471,1508,1545,1581,1627,1673,1719,1764,1810,1856,1902,1993,2131,2268,2405,2588
0,19,1265,1274,1283,1293,1302,1311,1321,1330,1340,1349,1358,1368,1377,1396,1415,1434,1462,1490,1528,1565,1603,1650,1697,1744,1791,1838,1884,1931,2025,2166,2307,2448,2636
1,19,1258,1267,1276,1286,1295,1304,1314,1323,1332,1342,1351,1360,1370,1388,1407,1426,1454,1482,1519,1556,1594,1640,1687,1734,1781,1827,1874,1921,2014,2154,2294,2434,2621
2,19,1308,1318,1327,1337,1346,1355,1365,1374,1383,1393,1402,1412,1421,1440,1458,1477,1505,1533,1571,1608,1646,1693,1739,1786,1833,1880,1927,1974,2067,2208,2348,2489,2676
3,19,1310,1319,1328,1338,1347,1356,1366,1375,1384,1394,1403,1412,1422,1440,1459,1478,1505,1533,1571,1608,1645,1692,1739,1785,1832,1879,1925,1972,2065,2205,2345,2485,2672
4,19,1247,1257,1266,1275,1285,1294,1304,1313,1322,1332,1341,1351,1360,1379,1398,1417,1445,1473,1511,1548,1586,1633,1680,1727,1774,1821,1868,1915,2009,2150,2291,2433,2621
5,19,1226,1235,1245,1254,1263,1273,1282,1291,1301,1310,1319,1329,1338,1357,1375,1394,1422,1450,1487,1525,1562,1609,1655,1702,1749,1795,1842,1888,1982,2122,2262,2402,2588
6,19,1302,1311,1320,1330,1339,1348,1358,1367,1376,1386,1395,1404,1414,1432,1451,1469,1497,1525,1563,1600,1637,1684,1730,1777,1824,1870,1917,1964,2057,2197,2336,2476,2663
7,19,1285,1295,1304,1314,1323,1333,1342,1352,1361,1371,1380,1389,1399,1418,1437,1456,1484,1512,1550,1588,1626,1673,1721,1768,1815,1863,1910,1957,2052,2194,2336,2478,2667
8,19,1297,1306,1315,1325,1334,1344,1353,1362,1372,1381,1390,1400,1409,1428,1447,1466,1494,1522,1559,1597,1634,1681,1728,1775,1822,1869,1916,1963,2057,2198,2338,2479,2667
9,19,1280,1289,1299,1308,1318,1327,1336,1346,1355,1365,1374,1383,1393,1412,1431,1449,1478,1506,1544,1581,1619,1666,1713,1760,1808,1855,1902,1949,2043,2185,2326,2467,2656
10,19,1255,1264,1274,1283,1292,1302,1311,1321,1330,1340,1349,1358,1368,1387,1405,1424,1453,1481,1519,1556,1594,1641,1688,1735,1782,1829,1877,1924,2018,2159,2301,2442,2630
11,19,1280,1289,1298,1308,1317,1326,1336,1345,1354,1364,1373,1382,1392,1410,1429,1448,1476,1504,1541,1578,1616,1662,1709,1756,1802,1849,1896,1942,2036,2176,2316,2456,2642
0,20,1214,1223,1233,1242,1252,1261,1270,1280,1289,1298,1308,1317,1326,1345,1364,1383,1411,1439,1476,1514,1551,1598,1645,1692,1738,1785,1832,1879,1972,2113,2253,2394,2581
1,20,1210,1219,1228,1238,1247,1256,1266,1275,1284,1294,1303,1313,1322,1341,1359,1378,1406,1434,1472,1509,1547,1594,1641,1687,1734,1781,1828,1875,1969,2109,2250,2390,2578
2,20,1210,1219,1229,1238,1247,1257,1266,1275,1284,1294,1303,1312,1322,1340,1359,1377,1405,1433,1470,1507,1545,1591,1638,1684,1730,1777,1823,1870,1963,2102,2241,2381,2567
3,20,1237,1247,1256,1265,1275,1284,1294,1303,1312,1322,1331,1341,1350,1369,1387,1406,1434,1462,1500,1537,1575,1622,1669,1716,1763,1810,1856,1903,1997,2138,2279,2419,2607
4,20,1173,1183,1192,1201,1211,1220,1229,1238,1248,1257,1266,1276,1285,1304,1322,1341,1369,1397,1434,1471,1508,1555,1601,1648,1694,1741,1787,1834,1927,2066,2206,2345,2531
5,20,1238,1247,1257,1266,1276,1285,1294,1304,1313,1323,1332,1342,1351,1370,1389,1407,1436,1464,1502,1539,1577,1624,1671,1718,1765,1812,1859,1907,2001,2142,2283,2425,2613
6,20,1225,1235,1244,1253,1263,1272,1281,1291,1300,1310,1319,1328,1338,1356,1375,1394,1422,1450,1487,1525,1562,1609,1656,1703,1749,1796,1843,1890,1983,2124,2264,2404,2591
7,20,1239,1248,1258,1267,1277,1286,1295,1305,1314,1324,1333,1343,1352,1371,1390,1409,1437,1465,1503,1541,1579,1626,1673,1720,1767,1815,1862,1909,2003,2145,2286,2428,2617
8,20,1243,1252,1262,1271,1281,1290,1300,1309,1319,1328,1338,1347,1357,1375,1394,1413,1442,1470,1508,1546,1584,1631,1678,1726,1773,1820,1867,1915,2009,2151,2293,2435,2624
9,20,1234,1244,1253,1263,1272,1282,1291,1301,1310,1319,1329,1338,1348,1367,1386,1404,1433,1461,1499,1537,1574,1622,1669,1716,1763,1811,1858,1905,2000,2141,2283,2425,2613
10,20,1193,1203,1212,1221,1231,1240,1250,1259,1268,1278,1287,1297,1306,1325,1344,1362,1390,1419,1456,1494,1531,1578,1625,1672,1719,1766,1813,1860,1954,2095,2236,2377,2565
11,20,1208,1217,1227,1236,1245,1254,1264,1273,1282,1292,1301,1310,1320,1338,1357,1375,1403,1431,1468,1505,1543,1589,1636,1682,1729,1775,1822,1868,1961,2101,2240,2380,2566
0,21,1113,1122,1132,1141,1151,1160,1169,1179,1188,1198,1207,1217,1226,1245,1264,1283,1311,1339,1377,1415,1452,1500,1547,1594,1641,1688,1735,1783,1877,2018,2160,2301,2490
1,21,1148,1157,1166,1176,1185,1195,1204,1214,1223,1233,1242,1252,1261,1280,1299,1318,1347,1375,1413,1451,1489,1536,1584,1631,1678,1726,1773,1821,1915,2058,2200,2342,2532
2,21,1112,1122,1131,1141,1150,1159,1169,1178,1188,1197,1207,1216,1225,1244,1263,1282,1310,1338,1376,1414,1451,1498,1546,1593,1640,1687,1734,1781,1875,2017,2158,2299,2487
3,21,1107,1116,1126,1135,1144,1154,1163,1173,1182,1192,1201,1210,1220,1239,1258,1276,1305,1333,1371,1408,1446,1493,1540,1588,1635,1682,1729,1776,1870,2012,2153,2295,2483
4,21,1120,1130,1139,1149,1158,1167,1177,1186,1196,1205,1215,1224,1233,1252,1271,1290,1318,1346,1384,1422,1459,1507,1554,1601,1648,1695,1742,1789,1883,2025,2166,2307,2496
5,21,1082,1092,1101,1111,1120,1130,1139,1148,1158,1167,1177,1186,1196,1215,1234,1252,1281,1309,1347,1385,1422,1470,1517,1564,1611,1659,1706,1753,1847,1989,2131,2273,2461
6,21,1114,1123,1132,1142,1151,1160,1170,1179,1189,1198,1207,1217,1226,1245,1263,1282,1310,1338,1376,1413,1451,1498,1545,1591,1638,1685,1732,1779,1873,2013,2154,2294,2482
7,21,1129,1138,1148,1157,1167,1176,1185,1195,1204,1214,1223,1233,1242,1261,1280,1299,1327,1356,1393,1431,1469,1516,1564,1611,1658,1705,1753,1800,1895,2036,2178,2320,2509
8,21,1131,1141,1150,1160,1169,1179,1189,1198,1208,1217,1227,1236,1246,1265,1284,1303,1331,1360,1398,1436,1474,1522,1570,1617,1665,1712,1760,1808,1903,2046,2189,2332,2522
9,21,1152,1162,1171,1181,1190,1200,1209,1219,1228,1238,1247,1257,1266,1285,1304,1323,1351,1380,1418,1456,1494,1541,1588,1636,1683,1730,1778,1825,1920,2062,2204,2346,2536
10,21,1073,1082,1092,1101,1111,1120,1130,1139,1149,1158,1168,1177,1187,1206,1225,1244,1272,1300,1338,1376,1414,1462,1509,1557,1604,1652,1699,1747,1841,1984,2126,2268,2458
11,21,1093,1103,1112,1121,1131,1140,1150,1159,1169,1178,1188,1197,1207,1225,1244,1263,1292,1320,1358,1395,1433,1481,1528,1575,1622,1669,1717,1764,1858,2000,2142,2284,2473
0,22,1070,1079,1089,1098,1108,1117,1126,1136,1145,1154,1164,1173,1182,1201,1220,1239,1267,1295,1332,1370,1407,1454,1501,1548,1595,1642,1688,1735,1829,1969,2110,2250,2438
1,22,1098,1107,1116,1126,1135,1145,1154,1163,1173,1182,1192,1201,1210,1229,1248,1267,1295,1323,1361,1398,1436,1483,1530,1577,1624,1671,1718,1765,1859,2000,2141,2282,2470
2,22,1134,1143,1153,1162,1171,1181,1190,1200,1209,1218,1228,1237,1247,1266,1284,1303,1331,1360,1397,1435,1473,1520,1567,1614,1661,1708,1755,1802,1897,2038,2179,2321,2509
3,22,1058,1067,1077,1086,1096,1105,1115,1124,1134,1143,1153,1162,1172,1191,1210,1229,1257,1286,1324,1362,1400,1447,1495,1542,1589,1637,1684,1732,1827,1969,2111,2254,2443
4,22,1114,1123,1132,1142,1151,1161,1170,1179,1189,1198,1207,1217,1226,1245,1264,1283,1311,1339,1377,1414,1452,1499,1546,1593,1640,1687,1734,1781,1875,2016,2156,2297,2485
5,22,1102,1111,1120,1130,1139,1148,1158,1167,1177,1186,1195,1205,1214,1233,1251,1270,1298,1326,1364,1401,1439,1486,1533,1579,1626,1673,1720,1767,1861,2001,2142,2282,2470
6,22,1075,1085,1094,1103,1113,1122,1131,1141,1150,1160,1169,1178,1188,1206,1225,1244,1272,1300,1338,1375,1413,1460,1507,1553,1600,1647,1694,1741,1835,1975,2116,2257,2444
7,22,1126,1135,1145,1154,1163,1173,1182,1192,1201,1211,1220,1230,1239,1258,1277,1296,1324,1352,1390,1428,1466,1513,1560,1608,1655,1702,1749,1797,1891,2033,2174,2316,2505
8,22,1127,1137,1146,1156,1165,1174,1184,1193,1203,1212,1222,1231,1240,1259,1278,1297,1325,1354,1392,1429,1467,1514,1561,1609,1656,1703,1750,1798,1892,2034,2175,2317,2506
9,22,1038,1048,1057,1067,1076,1085,1095,1104,1113,1123,1132,1142,1151,1170,1188,1207,1235,1263,1301,1338,1376,1423,1470,1517,1563,1610,1657,1704,1798,1938,2079,2220,2407
10,22,1104,1113,1122,1132,1141,1151,1160,1169,1179,1188,1198,1207,1216,1235,1254,1273,1301,1329,1367,1404,1442,1489,1536,1583,1630,1677,1724,1771,1865,2006,2147,2288,2476
11,22,1130,1139,1149,1158,1168,1177,1186,1196,1205,1215,1224,1233,1243,1262,1280,1299,1328,1356,1393,1431,1469,1516,1563,1610,1657,1704,1751,1798,1892,2033,2175,2316,2504
0,23,1114,1123,1133,1142,1151,1161,1170,1180,1189,1198,1208,1217,1227,1245,1264,1283,1311,1340,1377,1415,1452,1500,1547,1594,1641,1688,1735,1782,1876,2017,2158,2299,2488
1,23,1103,1113,1122,1132,1141,1151,1160,1170,1179,1189,1198,1207,1217,1236,1255,1274,1302,1330,1368,1406,1444,1491,1539,1586,1633,1681,1728,1775,1870,2012,2154,2296,2485
2,23,1131,1140,1150,1159,1169,1178,1188,1197,1206,1216,1225,1235,1244,1263,1282,1301,1329,1357,1395,1433,1470,1518,1565,1612,1659,1706,1753,1801,1895,2036,2178,2319,2508
3,23,1129,1138,1148,1157,1166,1176,1185,1195,1204,1213,1223,1232,1242,1260,1279,1298,1326,1354,1392,1430,1467,1514,1561,1608,1655,1703,1750,1797,1891,2032,2173,2314,2502
4,23,1150,1160,1169,1179,1188,1198,1207,1217,1226,1236,1245,1255,1264,1283,1302,1321,1350,1378,1416,1454,1492,1539,1587,1634,1682,1729,1776,1824,1919,2061,2203,2346,2535
5,23,1119,1128,1138,1147,1157,1166,1176,1185,1194,1204,1213,1223,1232,1251,1270,1289,1317,1346,1383,1421,1459,1506,1554,1601,1648,1695,1743,1790,1884,2026,2168,2310,2499
6,23,1117,1127,1136,1145,1155,1164,1174,1183,1193,1202,1212,1221,1231,1249,1268,1287,1316,1344,1382,1420,1457,1505,1552,1599,1646,1694,1741,1788,1883,2025,2166,2308,2497
7,23,1122,1131,1141,1150,1160,1169,1179,1188,1198,1207,1217,1226,1236,1255,1274,1293,1321,1350,1388,1426,1464,1511,1559,1606,1654,1701,1749,1796,1891,2034,2176,2319,2509
8,23,1170,1180,1189,1199,1209,1218,1228,1237,1247,1256,1266,1275,1285,1304,1323,1342,1371,1399,1438,1476,1514,1562,1609,1657,1705,1753,1800,1848,1943,2087,2230,2373,2564
9,23,1160,1169,1179,1188,1197,1207,1216,1226,1235,1245,1254,1264,1273,1292,1311,1330,1358,1386,1424,1462,1500,1547,1594,1642,1689,1736,1784,1831,1925,2067,2209,2351,2540
10,23,1144,1154,1163,1173,1182,1192,1201,1211,1220,1230,1239,1249,1258,1277,1296,1315,1344,1372,1410,1448,1486,1534,1581,1629,1676,1724,1771,1819,1914,2057,2199,2342,2532
11,23,1158,1167,1176,1186,1195,1205,1214,1224,1233,1243,1252,1262,1271,1290,1309,1328,1356,1384,1422,1460,1498,1545,1592,1640,1687,1734,1781,1829,1923,2065,2207,2349,2538
0,24,1239,1248,1258,1267,1276,1285,1295,1304,1313,1323,1332,1341,1350,1369,1387,1406,1434,1462,1499,1536,1573,1619,1665,1712,1758,1804,1851,1897,1990,2129,2268,2407,2592
1,24,1163,1172,1181,1190,1200,1209,1218,1228,1237,1246,1256,1265,1274,1293,1311,1330,1358,1386,1423,1460,1497,1544,1590,1637,1683,1730,1776,1823,1916,2055,2195,2334,2520
2,24,1235,1245,1254,1263,1272,1282,1291,1300,1309,1319,1328,1337,1347,1365,1384,1402,1430,1458,1495,1532,1569,1615,1662,1708,1754,1800,1847,1893,1986,2125,2264,2403,2588
3,24,1172,1181,1191,1200,1209,1218,1228,1237,1246,1256,1265,1274,1283,1302,1321,1339,1367,1395,1432,1469,1507,1553,1600,1646,1693,1739,1785,1832,1925,2064,2204,2343,2529
4,24,1199,1209,1218,1227,1237,1246,1255,1264,1274,1283,1292,1302,1311,1329,1348,1367,1394,1422,1459,1497,1534,1580,1627,1673,1719,1766,1812,1859,1952,2091,2230,2369,2555
5,24,1223,1232,1241,1250,1260,1269,1278,1288,1297,1306,1315,1325,1334,1353,1371,1390,1417,1445,1482,1520,1557,1603,1649,1696,1742,1789,1835,1881,1974,2113,2252,2392,2577
6,24,1179,1188,1197,1206,1216,1225,1234,1243,1253,1262,1271,1280,1289,1308,1326,1345,1373,1400,1437,1474,1511,1557,1604,1650,1696,1742,1788,1834,1927,2065,2204,2343,2527
7,24,1231,1240,1249,1259,1268,1277,1287,1296,1305,1315,1324,1333,1342,1361,1380,1398,1426,1454,1491,1528,1566,1612,1659,1705,1752,1798,1845,1891,1984,2124,2263,2402,2588
8,24,1199,1208,1218,1227,1236,1246,1255,1264,1273,1283,1292,1301,1311,1329,1348,1367,1395,1422,1460,1497,1534,1581,1627,1674,1720,1767,1813,1860,1953,2093,2232,2372,2558
9,24,1178,1188,1197,1206,1216,1225,1234,1244,1253,1262,1272,1281,1290,1309,1328,1347,1375,1403,1440,1478,1515,1562,1609,1655,1702,1749,1796,1842,1936,2076,2217,2357,2544
10,24,1211,1221,1230,1239,1249,1258,1267,1277,1286,1295,1305,1314,1323,1342,1360,1379,1407,1435,1472,1509,1547,1593,1640,1686,1733,1779,1826,1872,1965,2105,2245,2384,2570
11,24,1211,1220,1230,1239,1248,1257,1267,1276,1285,1294,1304,1313,1322,1341,1359,1378,1405,1433,1470,1507,1544,1590,1637,1683,1729,1775,1822,1868,1961,2099,2238,2377,2562
0,25,1161,1171,1180,1189,1199,1208,1217,1227,1236,1245,1255,1264,1273,1292,1311,1329,1357,1385,1423,1460,1497,1544,1591,1637,1684,1731,1777,1824,1918,2058,2198,2338,2524
1,25,1201,1210,1219,1228,1238,1247,1256,1266,1275,1284,1293,1303,1312,1330,1349,1368,1395,1423,1460,1497,1535,1581,1627,1674,1720,1767,1813,1859,1952,2091,2230,2370,2555
2,25,1150,1159,1169,1178,1187,1196,1206,1215,1224,1233,1243,1252,1261,1280,1298,1317,1345,1372,1409,1446,1484,1530,1576,1622,1669,1715,1761,1808,1900,2039,2178,2317,2502
3,25,1156,1166,1175,1184,1194,1203,1212,1222,1231,1240,1250,1259,1268,1287,1306,1324,1352,1380,1418,1455,1492,1539,1586,1633,1679,1726,1773,1819,1913,2053,2193,2333,2520
4,25,1124,1133,1142,1152,1161,1170,1180,1189,1198,1207,1217,1226,1235,1254,1273,1291,1319,1347,1384,1421,1459,1505,1552,1598,1645,1691,1738,1784,1877,2017,2156,2296,2482
5,25,1165,1174,1183,1193,1202,1211,1220,1230,1239,1248,1258,1267,1276,1295,1313,1332,1360,1388,1425,1462,1499,1546,1593,1639,1686,1732,1779,1825,1918,2058,2197,2337,2523
6,25,1172,1181,1190,1199,1209,1218,1227,1236,1246,1255,1264,1273,1283,1301,1320,1338,1366,1393,1430,1467,1504,1551,1597,1643,1689,1735,1782,1828,1920,2059,2198,2336,2521
7,25,1190,1199,1208,1218,1227,1236,1245,1255,1264,1273,1282,1292,1301,1320,1338,1357,1384,1412,1449,1486,1523,1570,1616,1662,1709,1755,1801,1848,1940,2079,2218,2357,2542
8,25,1135,1144,1154,1163,1172,1181,1191,1200,1209,1219,1228,1237,1246,1265,1283,1302,1330,1358,1395,1432,1469,1515,1562,1608,1654,1701,1747,1793,1886,2025,2164,2303,2489
9,25,1183,1193,1202,1211,1221,1230,1240,1249,1258,1268,1277,1287,1296,1315,1334,1352,1381,1409,1446,1484,1522,1569,1616,1663,1710,1757,1804,1851,1945,2086,2227,2368,2556
10,25,1178,1187,1196,1206,1215,1224,1234,1243,1253,1262,1271,1281,1290,1309,1327,1346,1374,1402,1440,1477,1515,1561,1608,1655,1702,1748,1795,1842,1936,2076,2216,2357,2544
11,25,1196,1205,1214,1223,1233,1242,1251,1260,1269,1279,1288,1297,1306,1325,1343,1362,1389,1417,1454,1490,1527,1573,1619,1665,1711,1757,1804,1850,1942,2080,2218,2356,2540
0,26,1250,1260,1269,1279,1288,1297,1307,1316,1325,1335,1344,1354,1363,1382,1400,1419,1447,1475,1513,1550,1588,1635,1682,1728,1775,1822,1869,1916,2010,2150,2291,2431,2619
1,26,1189,1199,1208,1217,1227,1236,1245,1255,1264,1274,1283,1292,1302,1320,1339,1358,1386,1414,1452,1489,1526,1573,1620,1667,1714,1761,1807,1854,1948,2088,2229,2369,2557
2,26,1268,1277,1287,1296,1306,1315,1324,1334,1343,1353,1362,1371,1381,1400,1418,1437,1465,1494,1531,1569,1606,1653,1700,1747,1794,1841,1888,1935,2029,2170,2311,2452,2640
3,26,1219,1229,1238,1248,1257,1267,1276,1286,1295,1304,1314,1323,1333,1352,1371,1389,1418,1446,1484,1522,1559,1606,1654,1701,1748,1795,1842,1890,1984,2126,2267,2409,2598
4,26,1229,1238,1248,1257,1266,1276,1285,1295,1304,1313,1323,1332,1342,1360,1379,1398,1426,1454,1492,1529,1567,1614,1661,1708,1755,1802,1849,1896,1990,2131,2272,2413,2601
5,26,1252,1261,1271,1280,1289,1299,1308,1317,1327,1336,1345,1355,1364,1383,1401,1420,1448,1476,1513,1550,1588,1634,1681,1728,1774,1821,1868,1914,2008,2148,2287,2427,2614
6,26,1229,1238,1247,1257,1266,1276,1285,1294,1304,1313,1323,1332,1341,1360,1379,1398,1426,1454,1492,1529,1567,1614,1661,1708,1755,1802,1849,1896,1990,2130,2271,2412,2600
7,26,1223,1232,1242,1251,1261,1270,1279,1289,1298,1307,1317,1326,1335,1354,1373,1392,1420,1448,1485,1523,1560,1607,1654,1701,1747,1794,1841,1888,1982,2122,2262,2403,2590
8,26,1243,1253,1262,1271,1281,1290,1300,1309,1318,1328,1337,1347,1356,1375,1394,1412,1441,1469,1506,1544,1581,1628,1675,1722,1769,1816,1863,1910,2004,2145,2286,2427,2615
9,26,1225,1234,1244,1253,1262,1272,1281,1290,1300,1309,1318,1328,1337,1356,1374,1393,1421,1449,1486,1524,1561,1608,1655,1701,1748,1795,1841,1888,1981,2122,2262,2402,2589
10,26,1269,1278,1287,1297,1306,1316,1325,1334,1344,1353,1363,1372,1381,1400,1419,1438,1466,1494,1532,1570,1607,1654,1701,1748,1796,1843,1890,1937,2031,2172,2313,2454,2642
11,26,1199,1208,1217,1227,1236,1246,1255,1264,1274,1283,1292,1302,1311,1330,1349,1367,1395,1424,1461,1498,1536,1583,1630,1676,1723,1770,1817,1864,1957,2098,2238,2379,2566
0,27,1262,1272,1281,1290,1300,1309,1319,1328,1337,1347,1356,1366,1375,1394,1412,1431,1459,1488,1525,1563,1600,1647,1694,1741,1788,1835,1882,1929,2023,2164,2305,2446,2634
1,27,1216,1225,1235,1244,1253,1263,1272,1281,1291,1300,1309,1319,1328,1347,1365,1384,1412,1440,1477,1514,1552,1598,1645,1692,1738,1785,1832,1878,1971,2111,2251,2391,2578
2,27,1227,1236,1246,1255,1264,1274,1283,1292,1302,1311,1321,1330,1339,1358,1377,1395,1424,1452,1489,1526,1564,1611,1657,1704,1751,1798,1845,1891,1985,2125,2266,2406,2593
3,27,1198,1207,1217,1226,1235,1245,1254,1264,1273,1282,1292,1301,1310,1329,1348,1367,1395,1423,1460,1498,1535,1582,1629,1676,1723,1770,1817,1864,1957,2098,2239,2379,2567
4,27,1226,1235,1244,1254,1263,1272,1282,1291,1300,1310,1319,1328,1338,1356,1375,1393,1421,1449,1487,1524,1561,1608,1654,1701,1747,1794,1840,1887,1980,2120,2259,2399,2585
5,27,1265,1275,1284,1293,1303,1312,1321,1331,1340,1349,1359,1368,1377,1396,1415,1433,1462,1490,1527,1564,1602,1648,1695,1742,1789,1835,1882,1929,2022,2162,2303,2443,2630
6,27,1207,1216,1226,1235,1244,1254,1263,1272,1282,1291,1300,1310,1319,1338,1356,1375,1403,1431,1469,1506,1543,1590,1637,1683,1730,1777,1823,1870,1963,2103,2244,2384,2570
7,27,1199,1209,1218,1228,1237,1246,1256,1265,1275,1284,1293,1303,1312,1331,1350,1369,1397,1425,1463,1500,1538,1585,1632,1679,1726,1773,1820,1867,1961,2102,2243,2384,2573
8,27,1228,1237,1247,1256,1265,1275,1284,1294,1303,1312,1322,1331,1340,1359,1378,1397,1425,1453,1491,1528,1566,1613,1659,1706,1753,1800,1847,1894,1988,2129,2269,2410,2598
9,27,1179,1188,1198,1207,1216,1226,1235,1245,1254,1263,1273,1282,1291,1310,1329,1348,1376,1404,1442,1479,1517,1564,1611,1658,1704,1751,1798,1845,1939,2080,2221,2361,2549
10,27,1251,1260,1269,1279,1288,1297,1307,1316,1325,1335,1344,1353,1363,1381,1400,1419,1447,1475,1512,1550,1587,1634,1680,1727,1774,1820,1867,1914,2007,2147,2287,2427,2614
11,27,1230,1239,1249,1258,1267,1277,1286,1295,1305,1314,1324,1333,1342,1361,1380,1399,1427,1455,1492,1530,1567,1614,1661,1708,1755,1802,1849,1896,1990,2130,2271,2412,2599
0,28,1225,1235,1244,1253,1263,1272,1281,1291,1300,1310,1319,1328,1338,1356,1375,1394,1422,1450,1487,1525,1562,1609,1656,1702,1749,1796,1843,1889,1983,2123,2263,2404,2591
1,28,1295,1304,1313,1323,1332,1341,1351,1360,1370,1379,1388,1398,1407,1426,1445,1463,1491,1520,1557,1595,1632,1679,1726,1773,1820,1866,1913,1960,2054,2195,2335,2476,2663
2,28,1243,1252,1262,1271,1280,1290,1299,1309,1318,1327,1337,1346,1356,1374,1393,1412,1440,1468,1506,1543,1581,1628,1674,1721,1768,1815,1862,1909,2003,2144,2284,2425,2613
3,28,1210,1219,1229,1238,1247,1257,1266,1276,1285,1295,1304,1313,1323,1342,1361,1379,1408,1436,1474,1511,1549,1596,1643,1691,1738,1785,1832,1879,1974,2115,2256,2398,2586
4,28,1226,1235,1244,1254,1263,1273,1282,1291,1301,1310,1320,1329,1338,1357,1376,1395,1423,1451,1489,1527,1564,1611,1658,1705,1752,1799,1846,1893,1988,2129,2270,2411,2599
5,28,1204,1213,1222,1232,1241,1251,1260,1269,1279,1288,1298,1307,1316,1335,1354,1373,1401,1429,1467,1504,1542,1589,1636,1683,1730,1777,1824,1871,1965,2105,2246,2387,2575
6,28,1240,1249,1258,1268,1277,1287,1296,1305,1315,1324,1334,1343,1352,1371,1390,1409,1437,1465,1503,1540,1578,1625,1672,1719,1766,1813,1860,1907,2001,2142,2283,2424,2612
7,28,1265,1274,1284,1293,1303,1312,1322,1331,1341,1350,1360,1369,1378,1397,1416,1435,1464,1492,1530,1568,1606,1653,1701,1748,1795,1843,1890,1937,2032,2174,2316,2458,2648
8,28,1218,1228,1237,1247,1256,1266,1275,1285,1294,1304,1313,1323,1332,1352,1371,1390,1418,1447,1485,1523,1561,1609,1656,1704,1752,1799,1847,1894,1990,2133,2275,2418,2609
9,28,1218,1227,1237,1246,1255,1265,1274,1284,1293,1302,1312,1321,1331,1349,1368,1387,1415,1443,1481,1519,1556,1603,1650,1697,1744,1791,1838,1885,1979,2120,2261,2402,2590
10,28,1269,1278,1287,1297,1306,1316,1325,1334,1344,1353,1363,1372,1381,1400,1419,1438,1466,1494,1532,1569,1607,1654,1701,1748,1795,1842,1889,1936,2030,2171,2312,2453,2640
11,28,1243,1252,1262,1271,1281,1290,1300,1309,1319,1328,1338,1347,1357,1376,1395,1414,1442,1471,1508,1546,1584,1632,1679,1727,1774,1821,1869,1916,2011,2153,2296,2438,2628
0,29,1174,1183,1193,1202,1212,1221,1230,1240,1249,1259,1268,1278,1287,1306,1325,1343,1372,1400,1438,1475,1513,1560,1607,1654,1701,1748,1796,1843,1937,2078,2219,2361,2549
1,29,1143,1153,1162,1172,1181,1191,1200,1210,1219,1228,1238,1247,1257,1276,1295,1313,1342,1370,1408,1446,1484,1531,1578,1625,1673,1720,1767,1814,1909,2051,2192,2334,2523
2,29,1178,1188,1197,1206,1216,1225,1234,1243,1253,1262,1271,1281,1290,1309,1327,1346,1374,1402,1439,1476,1513,1560,1606,1653,1700,1746,1793,1839,1932,2072,2211,2351,2537
3,29,1156,1165,1175,1184,1194,1203,1212,1222,1231,1241,1250,1260,1269,1288,1307,1325,1354,1382,1420,1457,1495,1542,1589,1636,1683,1730,1778,1825,1919,2060,2201,2343,2531
4,29,1176,1186,1195,1204,1214,1223,1233,1242,1251,1261,1270,1280,1289,1308,1327,1345,1374,1402,1439,1477,1515,1562,1609,1656,1703,1750,1797,1844,1938,2079,2219,2360,2548
5,29,1171,1180,1190,1199,1209,1218,1228,1237,1246,1256,1265,1275,1284,1303,1322,1341,1369,1398,1435,1473,1511,1558,1605,1653,1700,1747,1794,1842,1936,2078,2219,2361,2550
6,29,1186,1195,1205,1214,1223,1233,1242,1251,1261,1270,1280,1289,1298,1317,1336,1354,1382,1411,1448,1485,1523,1570,1616,1663,1710,1757,1804,1850,1944,2084,2225,2365,2552
7,29,1148,1157,1167,1176,1186,1195,1204,1214,1223,1233,1242,1252,1261,1280,1299,1318,1346,1374,1412,1450,1487,1535,1582,1629,1676,1723,1770,1817,1912,2053,2195,2336,2525
8,29,1121,1130,1140,1149,1159,1168,1178,1187,1197,1206,1215,1225,1234,1253,1272,1291,1319,1348,1386,1423,1461,1508,1556,1603,1650,1697,1745,1792,1887,2028,2170,2312,2501
9,29,1156,1166,1175,1185,1194,1204,1213,1222,1232,1241,1251,1260,1270,1289,1308,1327,1355,1384,1422,1459,1497,1545,1592,1640,1687,1734,1782,1829,1924,2066,2208,2351,2540
10,29,1155,1164,1174,1183,1193,1202,1211,1221,1230,1240,1249,1259,1268,1287,1306,1325,1353,1381,1419,1457,1494,1542,1589,1636,1683,1730,1777,1824,1919,2060,2202,2343,2532
11,29,1165,1174,1184,1193,1202,1212,1221,1231,1240,1249,1259,1268,1278,1297,1315,1334,1363,1391,1428,1466,1504,1551,1598,1645,1692,1739,1787,1834,1928,2069,2211,2352,2540
0,30,1133,1142,1152,1161,1171,1180,1190,1199,1208,1218,1227,1237,1246,1265,1284,1303,1331,1359,1397,1435,1472,1519,1567,1614,1661,1708,1755,1802,1896,2038,2179,2321,2509
1,30,1174,1184,1193,1202,1212,1221,1231,1240,1249,1259,1268,1278,1287,1306,1325,1343,1372,1400,1437,1475,1513,1560,1607,1654,1701,1748,1795,1842,1936,2077,2218,2359,2547
2,30,1146,1156,1165,1175,1184,1193,1203,1212,1221,1231,1240,1250,1259,1278,1296,1315,1343,1371,1409,1446,1484,1531,1578,1624,1671,1718,1765,1812,1906,2046,2187,2328,2515
3,30,1143,1152,1162,1171,1180,1189,1199,1208,1217,1227,1236,1245,1254,1273,1292,1310,1338,1366,1403,1440,1477,1524,1570,1617,1663,1710,1756,1803,1896,2035,2174,2314,2499
4,30,1153,1162,1172,1181,1190,1200,1209,1219,1228,1237,1247,1256,1266,1284,1303,1322,1350,1378,1416,1454,1491,1538,1585,1632,1679,1726,1773,1820,1914,2055,2197,2338,2526
5,30,1153,1163,1172,1181,1191,1200,1209,1219,1228,1237,1247,1256,1265,1284,1303,1321,1349,1377,1415,1452,1489,1536,1582,1629,1676,1722,1769,1816,1909,2049,2189,2329,2516
6,30,1218,1227,1237,1246,1256,1265,1274,1284,1293,1302,1312,1321,1330,1349,1368,1386,1414,1442,1480,1517,1554,1601,1648,1695,1741,1788,1835,1881,1975,2115,2255,2395,2582
7,30,1141,1151,1160,1170,1179,1188,1198,1207,1216,1226,1235,1244,1254,1272,1291,1310,1338,1366,1403,1441,1478,1525,1571,1618,1665,1712,1758,1805,1899,2039,2179,2319,2506
8,30,1116,1125,1134,1144,1153,1163,1172,1182,1191,1200,1210,1219,1229,1248,1266,1285,1314,1342,1380,1417,1455,1502,1549,1596,1644,1691,1738,1785,1879,2021,2162,2304,2492
9,30,1166,1175,1185,1194,1203,1213,1222,1231,1241,1250,1260,1269,1278,1297,1316,1335,1363,1391,1428,1466,1503,1550,1597,1644,1691,1738,1785,1831,1925,2066,2207,2347,2535
10,30,1137,1146,1156,1165,1174,1184,1193,1202,1212,1221,1230,1240,1249,1268,1286,1305,1333,1361,1399,1436,1473,1520,1567,1613,1660,1707,1754,1800,1894,2034,2174,2314,2501
11,30,1177,1187,1196,1205,1215,1224,1234,1243,1252,1262,1271,1280,1290,1308,1327,1346,1374,1402,1439,1477,1514,1561,1608,1655,1701,1748,1795,1842,1935,2076,2216,2357,2544
0,31,1204,1214,1223,1233,1242,1252,1261,1271,1280,1290,1299,1309,1318,1338,1357,1376,1404,1433,1471,1509,1547,1594,1642,1689,1737,1785,1832,1880,1975,2117,2260,2403,2593
1,31,1206,1215,1225,1234,1244,1253,1262,1272,1281,1291,1300,1310,1319,1338,1357,1375,1404,1432,1470,1507,1545,1592,1639,1686,1733,1781,1828,1875,1969,2110,2252,2393,2581
2,31,1184,1193,1202,1212,1221,1231,1240,1249,1259,1268,1278,1287,1296,1315,1334,1353,1381,1409,1447,1484,1522,1569,1616,1663,1710,1757,1804,1851,1945,2086,2227,2368,2556
3,31,1196,1206,1215,1225,1234,1244,1253,1263,1272,1282,1291,1301,1310,1329,1349,1368,1396,1425,1463,1501,1539,1586,1634,1682,1729,1777,1824,1872,1967,2110,2253,2395,2586
4,31,1220,1230,1239,1249,1258,1267,1277,1286,1296,1305,1315,1324,1334,1353,1372,1391,1419,1447,1485,1523,1561,1608,1656,1703,1750,1798,1845,1892,1987,2129,2271,2413,2602
5,31,1272,1281,1291,1300,1310,1319,1329,1338,1348,1357,1366,1376,1385,1404,1423,1442,1471,1499,1537,1575,1613,1661,1708,1756,1803,1850,1898,1945,2040,2182,2325,2467,2657
6,31,1187,1197,1206,1216,1225,1235,1244,1254,1263,1273,1282,1292,1301,1320,1339,1358,1387,1415,1453,1491,1529,1577,1624,1672,1719,1766,1814,1861,1956,2099,2241,2384,2574
7,31,1209,1219,1228,1238,1247,1257,1266,1276,1285,1295,1304,1314,1323,1342,1361,1380,1409,1437,1475,1513,1551,1599,1646,1694,1741,1789,1836,1884,1979,2121,2264,2407,2597
8,31,1128,1138,1147,1157,1167,1176,1186,1195,1205,1214,1224,1234,1243,1262,1282,1301,1330,1358,1397,1435,1473,1521,1569,1617,1665,1713,1761,1809,1905,2048,2192,2336,2528
9,31,1215,1225,1234,1244,1254,1263,1273,1282,1292,1301,1311,1321,1330,1349,1369,1388,1416,1445,1484,1522,1560,1608,1656,1704,1752,1800,1848,1896,1992,2135,2279,2423,2615
10,31,1142,1152,1161,1171,1180,1190,1199,1209,1219,1228,1238,1247,1257,1276,1295,1314,1343,1371,1410,1448,1486,1534,1582,1630,1677,1725,1773,1821,1916,2060,2203,2346,2537
11,31,1117,1126,1136,1146,1155,1165,1174,1184,1194,1203,1213,1222,1232,1251,1270,1290,1318,1347,1386,1424,1462,1510,1558,1606,1654,1702,1750,1798,1894,2038,2182,2326,2518
